subscriber_id,region,device_type,plan_type,join_date,churn_date,monthly_revenue
S000001,North India,Smart TV,Premium,2024-06-04,,699
S000002,Karnataka,Laptop,Basic,2024-02-17,2024-05-13,199
S000003,West India,Smart TV,Standard,2024-06-15,,399
S000004,West India,Mobile,Basic,2024-02-25,,199
S000005,North India,Laptop,Standard,2024-05-05,,399
S000006,West India,Smart TV,Standard,2024-06-24,,399
S000007,Karnataka,Mobile,Basic,2024-04-22,2024-07-29,199
S000008,East India,Mobile,Standard,2024-03-15,2024-07-29,399
S000009,South India,Tablet,Basic,2024-11-10,2025-01-08,199
S000010,East India,Tablet,Basic,2024-06-18,,199
S000011,Maharashtra,Smart TV,Standard,2024-07-19,,399
S000012,Karnataka,Smart TV,Basic,2024-04-18,,199
S000013,Maharashtra,Laptop,Basic,2024-10-31,,199
S000014,Maharashtra,Mobile,Premium,2024-02-11,,699
S000015,West India,Mobile,Basic,2024-01-21,,199
S000016,Maharashtra,Smart TV,Standard,2024-10-06,,399
S000017,South India,Smart TV,Basic,2024-09-29,,199
S000018,Maharashtra,Mobile,Standard,2024-09-06,,399
S000019,East India,Mobile,Premium,2024-04-10,,699
S000020,Maharashtra,Smart TV,Standard,2024-12-19,,399
S000021,West India,Mobile,Basic,2024-09-02,,199
S000022,North India,Tablet,Standard,2024-02-15,2024-05-24,399
S000023,Karnataka,Smart TV,Standard,2024-04-17,,399
S000024,Karnataka,Laptop,Basic,2024-04-11,,199
S000025,East India,Smart TV,Basic,2024-07-21,,199
S000026,East India,Smart TV,Premium,2024-08-06,,699
S000027,North India,Mobile,Standard,2024-12-30,,399
S000028,East India,Mobile,Basic,2024-12-02,,199
S000029,Karnataka,Mobile,Basic,2024-11-20,,199
S000030,Maharashtra,Mobile,Standard,2024-04-23,,399
S000031,Maharashtra,Smart TV,Premium,2024-10-24,,699
S000032,Karnataka,Desktop,Premium,2024-05-31,,699
S000033,South India,Laptop,Basic,2024-01-19,,199
S000034,North India,Smart TV,Basic,2024-05-14,2024-07-18,199
S000035,Maharashtra,Laptop,Basic,2024-05-20,,199
S000036,South India,Mobile,Premium,2024-09-13,,699
S000037,West India,Smart TV,Basic,2024-10-16,2025-03-22,199
S000038,Karnataka,Laptop,Basic,2024-12-20,,199
S000039,East India,Tablet,Premium,2024-10-16,2025-02-05,699
S000040,South India,Mobile,Standard,2024-05-24,,399
S000041,West India,Tablet,Basic,2024-11-17,2024-12-29,199
S000042,Karnataka,Mobile,Basic,2024-08-02,,199
S000043,North India,Smart TV,Basic,2024-08-18,,199
S000044,Maharashtra,Smart TV,Basic,2024-09-25,,199
S000045,Karnataka,Smart TV,Standard,2024-01-31,,399
S000046,Karnataka,Smart TV,Premium,2024-02-23,2024-07-15,699
S000047,Karnataka,Smart TV,Basic,2024-02-22,,199
S000048,South India,Smart TV,Basic,2024-02-28,,199
S000049,East India,Mobile,Basic,2024-10-16,2025-02-20,199
S000050,South India,Laptop,Basic,2024-08-28,,199
S000051,North India,Mobile,Standard,2024-07-27,2024-10-14,399
S000052,East India,Laptop,Premium,2024-11-15,,699
S000053,West India,Smart TV,Basic,2024-05-16,,199
S000054,North India,Smart TV,Premium,2024-11-02,,699
S000055,East India,Laptop,Premium,2024-06-27,2024-09-24,699
S000056,Maharashtra,Tablet,Standard,2024-06-23,,399
S000057,North India,Laptop,Basic,2024-01-24,,199
S000058,Maharashtra,Mobile,Premium,2024-07-19,2025-01-04,699
S000059,North India,Smart TV,Basic,2024-10-30,,199
S000060,West India,Mobile,Basic,2024-09-12,,199
S000061,Maharashtra,Smart TV,Premium,2024-01-13,,699
S000062,East India,Laptop,Standard,2024-05-16,,399
S000063,Maharashtra,Mobile,Standard,2024-04-09,,399
S000064,South India,Laptop,Basic,2024-09-20,,199
S000065,Karnataka,Mobile,Premium,2024-05-28,,699
S000066,North India,Laptop,Premium,2024-09-08,2024-10-20,699
S000067,Maharashtra,Laptop,Standard,2024-02-22,,399
S000068,Karnataka,Laptop,Basic,2024-04-11,,199
S000069,Karnataka,Smart TV,Premium,2024-06-11,,699
S000070,North India,Desktop,Standard,2024-01-24,,399
S000071,West India,Mobile,Standard,2024-08-17,,399
S000072,East India,Smart TV,Basic,2024-04-01,,199
S000073,South India,Mobile,Basic,2024-06-23,,199
S000074,North India,Laptop,Basic,2024-08-11,,199
S000075,East India,Laptop,Basic,2024-11-08,,199
S000076,North India,Smart TV,Standard,2024-08-15,,399
S000077,Maharashtra,Smart TV,Premium,2024-08-04,,699
S000078,Maharashtra,Mobile,Basic,2024-07-13,,199
S000079,South India,Desktop,Basic,2024-03-19,2024-04-21,199
S000080,South India,Smart TV,Basic,2024-11-07,,199
S000081,East India,Laptop,Standard,2024-10-04,,399
S000082,East India,Smart TV,Standard,2024-01-26,,399
S000083,West India,Smart TV,Basic,2024-06-29,,199
S000084,West India,Mobile,Standard,2024-11-16,,399
S000085,North India,Laptop,Standard,2024-02-26,,399
S000086,North India,Smart TV,Standard,2024-01-05,,399
S000087,Maharashtra,Tablet,Basic,2024-08-13,,199
S000088,Karnataka,Smart TV,Premium,2024-10-20,,699
S000089,Maharashtra,Smart TV,Standard,2024-08-10,2024-09-14,399
S000090,East India,Laptop,Premium,2024-04-17,,699
S000091,North India,Mobile,Premium,2024-06-04,,699
S000092,East India,Desktop,Premium,2024-02-17,,699
S000093,South India,Smart TV,Standard,2024-05-18,,399
S000094,East India,Laptop,Basic,2024-06-02,2024-10-17,199
S000095,Maharashtra,Desktop,Basic,2024-09-29,,199
S000096,Karnataka,Laptop,Premium,2024-01-08,,699
S000097,North India,Mobile,Basic,2024-11-16,,199
S000098,West India,Mobile,Standard,2024-12-07,,399
S000099,West India,Mobile,Basic,2024-04-10,,199
S000100,South India,Smart TV,Standard,2024-08-03,,399
S000101,North India,Smart TV,Premium,2024-10-04,,699
S000102,Karnataka,Smart TV,Premium,2024-06-21,2024-07-29,699
S000103,North India,Smart TV,Premium,2024-05-08,2024-09-07,699
S000104,North India,Smart TV,Basic,2024-04-03,,199
S000105,West India,Smart TV,Basic,2024-01-17,,199
S000106,South India,Tablet,Standard,2024-03-22,,399
S000107,East India,Laptop,Premium,2024-04-25,2024-07-22,699
S000108,South India,Laptop,Basic,2024-07-11,,199
S000109,East India,Smart TV,Basic,2024-03-08,,199
S000110,East India,Mobile,Basic,2024-03-16,,199
S000111,Maharashtra,Smart TV,Basic,2024-11-22,,199
S000112,South India,Mobile,Standard,2024-12-27,,399
S000113,Karnataka,Mobile,Standard,2024-02-10,,399
S000114,East India,Smart TV,Basic,2024-11-19,,199
S000115,Maharashtra,Laptop,Basic,2024-10-06,,199
S000116,East India,Smart TV,Standard,2024-01-24,,399
S000117,Maharashtra,Mobile,Basic,2024-06-29,,199
S000118,Maharashtra,Smart TV,Basic,2024-11-13,,199
S000119,Karnataka,Mobile,Standard,2024-12-22,,399
S000120,Karnataka,Laptop,Basic,2024-06-27,2024-10-10,199
S000121,South India,Mobile,Standard,2024-06-17,,399
S000122,East India,Mobile,Basic,2024-01-25,,199
S000123,Karnataka,Smart TV,Basic,2024-02-16,,199
S000124,South India,Laptop,Standard,2024-08-28,,399
S000125,North India,Desktop,Basic,2024-09-11,,199
S000126,West India,Smart TV,Basic,2024-09-29,,199
S000127,North India,Mobile,Basic,2024-12-22,2025-03-26,199
S000128,East India,Laptop,Premium,2024-03-28,,699
S000129,North India,Mobile,Basic,2024-06-15,,199
S000130,Karnataka,Laptop,Premium,2024-03-13,,699
S000131,West India,Laptop,Basic,2024-12-02,,199
S000132,East India,Smart TV,Basic,2024-07-10,,199
S000133,South India,Mobile,Standard,2024-12-17,,399
S000134,Karnataka,Laptop,Standard,2024-03-18,,399
S000135,East India,Laptop,Basic,2024-08-03,,199
S000136,Karnataka,Mobile,Standard,2024-06-16,2024-08-11,399
S000137,East India,Tablet,Premium,2024-05-26,,699
S000138,South India,Tablet,Premium,2024-04-04,,699
S000139,East India,Tablet,Standard,2024-11-23,,399
S000140,West India,Mobile,Premium,2024-06-27,2024-10-06,699
S000141,East India,Smart TV,Basic,2024-02-22,,199
S000142,Karnataka,Smart TV,Premium,2024-01-05,,699
S000143,North India,Laptop,Basic,2024-02-02,,199
S000144,North India,Smart TV,Basic,2024-02-16,,199
S000145,Karnataka,Smart TV,Standard,2024-03-19,2024-09-11,399
S000146,South India,Tablet,Premium,2024-10-06,,699
S000147,North India,Mobile,Basic,2024-03-02,,199
S000148,South India,Laptop,Standard,2024-11-13,,399
S000149,East India,Smart TV,Basic,2024-08-06,,199
S000150,West India,Smart TV,Standard,2024-10-17,,399
S000151,East India,Mobile,Standard,2024-06-02,,399
S000152,East India,Smart TV,Premium,2024-02-10,2024-06-26,699
S000153,Karnataka,Mobile,Standard,2024-11-04,2025-02-08,399
S000154,North India,Smart TV,Standard,2024-12-17,,399
S000155,North India,Mobile,Basic,2024-09-14,,199
S000156,Karnataka,Tablet,Basic,2024-11-04,,199
S000157,South India,Smart TV,Basic,2024-09-04,,199
S000158,North India,Smart TV,Basic,2024-10-27,,199
S000159,Maharashtra,Smart TV,Premium,2024-05-17,,699
S000160,North India,Smart TV,Standard,2024-09-18,,399
S000161,North India,Smart TV,Standard,2024-06-26,2024-10-18,399
S000162,East India,Mobile,Basic,2024-04-02,,199
S000163,North India,Mobile,Standard,2024-09-29,,399
S000164,Maharashtra,Tablet,Standard,2024-06-16,,399
S000165,Maharashtra,Mobile,Standard,2024-02-16,2024-07-04,399
S000166,East India,Mobile,Premium,2024-07-21,,699
S000167,South India,Tablet,Standard,2024-01-16,2024-04-02,399
S000168,Maharashtra,Laptop,Basic,2024-06-12,,199
S000169,East India,Smart TV,Basic,2024-12-23,,199
S000170,Karnataka,Laptop,Basic,2024-07-27,,199
S000171,Maharashtra,Laptop,Basic,2024-10-10,,199
S000172,South India,Mobile,Standard,2024-12-06,,399
S000173,West India,Mobile,Standard,2024-06-16,,399
S000174,Karnataka,Laptop,Standard,2024-01-18,,399
S000175,Maharashtra,Smart TV,Standard,2024-07-23,,399
S000176,East India,Smart TV,Basic,2024-07-25,,199
S000177,Maharashtra,Mobile,Standard,2024-04-11,,399
S000178,East India,Laptop,Basic,2024-01-21,,199
S000179,North India,Mobile,Standard,2024-10-17,,399
S000180,North India,Smart TV,Basic,2024-11-07,,199
S000181,Maharashtra,Mobile,Basic,2024-02-21,,199
S000182,Karnataka,Smart TV,Premium,2024-12-17,,699
S000183,North India,Mobile,Standard,2024-10-21,,399
S000184,Karnataka,Smart TV,Basic,2024-04-18,,199
S000185,East India,Smart TV,Standard,2024-03-27,,399
S000186,Maharashtra,Laptop,Basic,2024-10-11,,199
S000187,Maharashtra,Laptop,Basic,2024-04-21,2024-10-12,199
S000188,Karnataka,Mobile,Standard,2024-01-18,,399
S000189,East India,Mobile,Basic,2024-08-22,,199
S000190,North India,Mobile,Basic,2024-04-24,,199
S000191,East India,Mobile,Basic,2024-06-15,2024-11-18,199
S000192,Maharashtra,Smart TV,Standard,2024-05-31,,399
S000193,South India,Mobile,Standard,2024-01-19,,399
S000194,South India,Mobile,Standard,2024-05-20,,399
S000195,Maharashtra,Mobile,Premium,2024-02-17,,699
S000196,Maharashtra,Smart TV,Basic,2024-10-08,,199
S000197,Maharashtra,Laptop,Premium,2024-01-07,,699
S000198,Maharashtra,Smart TV,Standard,2024-06-19,2024-11-26,399
S000199,North India,Smart TV,Standard,2024-05-23,2024-09-02,399
S000200,North India,Smart TV,Premium,2024-12-29,,699
S000201,Maharashtra,Smart TV,Standard,2024-05-26,,399
S000202,South India,Tablet,Basic,2024-01-30,,199
S000203,West India,Mobile,Basic,2024-08-11,2024-09-15,199
S000204,North India,Mobile,Standard,2024-11-30,2025-02-24,399
S000205,West India,Desktop,Basic,2024-02-14,,199
S000206,East India,Smart TV,Standard,2024-08-08,,399
S000207,West India,Smart TV,Basic,2024-02-28,,199
S000208,East India,Smart TV,Standard,2024-05-01,,399
S000209,West India,Smart TV,Premium,2024-09-12,,699
S000210,North India,Smart TV,Basic,2024-07-25,2025-01-06,199
S000211,South India,Laptop,Standard,2024-11-13,,399
S000212,Maharashtra,Smart TV,Basic,2024-07-29,,199
S000213,South India,Tablet,Standard,2024-08-07,,399
S000214,West India,Tablet,Standard,2024-10-03,,399
S000215,South India,Smart TV,Standard,2024-03-02,,399
S000216,East India,Mobile,Standard,2024-01-16,,399
S000217,South India,Smart TV,Standard,2024-04-03,,399
S000218,South India,Smart TV,Basic,2024-03-21,,199
S000219,North India,Mobile,Premium,2024-05-25,,699
S000220,East India,Smart TV,Standard,2024-08-26,,399
S000221,Maharashtra,Laptop,Basic,2024-06-21,,199
S000222,South India,Laptop,Basic,2024-12-21,,199
S000223,West India,Laptop,Premium,2024-10-05,,699
S000224,North India,Smart TV,Standard,2024-06-09,,399
S000225,Maharashtra,Smart TV,Basic,2024-04-05,,199
S000226,Karnataka,Tablet,Premium,2024-06-24,,699
S000227,South India,Laptop,Basic,2024-04-13,,199
S000228,Karnataka,Mobile,Basic,2024-06-30,,199
S000229,East India,Laptop,Premium,2024-10-25,,699
S000230,Maharashtra,Mobile,Premium,2024-12-30,,699
S000231,Karnataka,Smart TV,Premium,2024-07-05,,699
S000232,Karnataka,Mobile,Basic,2024-10-30,,199
S000233,West India,Mobile,Standard,2024-04-23,,399
S000234,Maharashtra,Tablet,Premium,2024-08-22,2024-09-23,699
S000235,East India,Smart TV,Standard,2024-01-25,2024-03-23,399
S000236,East India,Tablet,Standard,2024-06-01,,399
S000237,East India,Smart TV,Basic,2024-07-01,,199
S000238,North India,Smart TV,Basic,2024-02-19,,199
S000239,Maharashtra,Laptop,Premium,2024-01-14,2024-06-30,699
S000240,Maharashtra,Smart TV,Standard,2024-07-28,2024-11-09,399
S000241,North India,Mobile,Basic,2024-02-28,,199
S000242,West India,Smart TV,Standard,2024-11-16,,399
S000243,North India,Laptop,Basic,2024-08-01,,199
S000244,East India,Smart TV,Basic,2024-04-21,2024-07-18,199
S000245,East India,Smart TV,Basic,2024-01-20,,199
S000246,Maharashtra,Laptop,Premium,2024-01-13,,699
S000247,West India,Smart TV,Standard,2024-01-26,,399
S000248,West India,Tablet,Basic,2024-01-08,2024-06-13,199
S000249,Maharashtra,Desktop,Premium,2024-11-13,,699
S000250,North India,Desktop,Standard,2024-06-03,,399
S000251,North India,Smart TV,Basic,2024-08-21,,199
S000252,Maharashtra,Desktop,Premium,2024-08-09,2025-01-09,699
S000253,Maharashtra,Mobile,Premium,2024-03-04,,699
S000254,South India,Smart TV,Basic,2024-03-11,,199
S000255,Maharashtra,Smart TV,Basic,2024-08-03,2024-10-23,199
S000256,East India,Mobile,Premium,2024-10-22,2025-01-15,699
S000257,West India,Smart TV,Basic,2024-12-15,2025-05-31,199
S000258,Karnataka,Tablet,Standard,2024-02-05,,399
S000259,Karnataka,Smart TV,Standard,2024-06-14,,399
S000260,Maharashtra,Smart TV,Basic,2024-10-28,,199
S000261,West India,Mobile,Standard,2024-05-07,2024-09-12,399
S000262,South India,Laptop,Basic,2024-05-24,,199
S000263,Karnataka,Laptop,Basic,2024-07-02,,199
S000264,Maharashtra,Desktop,Standard,2024-04-15,,399
S000265,Maharashtra,Laptop,Premium,2024-05-27,2024-09-15,699
S000266,North India,Tablet,Basic,2024-02-07,,199
S000267,North India,Smart TV,Basic,2024-10-21,,199
S000268,Maharashtra,Smart TV,Premium,2024-12-30,,699
S000269,Karnataka,Mobile,Standard,2024-07-06,,399
S000270,East India,Mobile,Standard,2024-10-07,,399
S000271,East India,Mobile,Standard,2024-08-07,,399
S000272,Maharashtra,Smart TV,Basic,2024-08-13,,199
S000273,East India,Tablet,Standard,2024-11-13,2025-01-13,399
S000274,Maharashtra,Laptop,Premium,2024-03-16,,699
S000275,Karnataka,Smart TV,Basic,2024-12-10,2025-02-08,199
S000276,South India,Laptop,Standard,2024-01-13,,399
S000277,West India,Smart TV,Standard,2024-07-23,,399
S000278,South India,Tablet,Basic,2024-09-29,,199
S000279,South India,Laptop,Premium,2024-11-23,,699
S000280,North India,Laptop,Standard,2024-08-16,,399
S000281,North India,Laptop,Standard,2024-09-02,,399
S000282,South India,Mobile,Premium,2024-08-08,,699
S000283,East India,Smart TV,Basic,2024-05-28,2024-09-15,199
S000284,Maharashtra,Mobile,Premium,2024-07-20,,699
S000285,Karnataka,Desktop,Basic,2024-11-08,,199
S000286,North India,Mobile,Standard,2024-11-26,,399
S000287,East India,Mobile,Basic,2024-08-24,2025-02-05,199
S000288,East India,Laptop,Basic,2024-08-19,,199
S000289,South India,Laptop,Basic,2024-09-29,,199
S000290,South India,Mobile,Standard,2024-02-25,,399
S000291,East India,Mobile,Standard,2024-11-05,2025-03-29,399
S000292,West India,Smart TV,Basic,2024-03-03,2024-07-13,199
S000293,South India,Smart TV,Standard,2024-07-02,,399
S000294,South India,Tablet,Standard,2024-08-31,,399
S000295,North India,Laptop,Basic,2024-09-25,2024-11-25,199
S000296,East India,Mobile,Standard,2024-03-23,,399
S000297,South India,Desktop,Basic,2024-10-10,,199
S000298,Karnataka,Mobile,Standard,2024-07-26,,399
S000299,Karnataka,Smart TV,Basic,2024-07-02,,199
S000300,Karnataka,Mobile,Premium,2024-03-07,,699
S000301,East India,Mobile,Premium,2024-12-25,,699
S000302,East India,Mobile,Basic,2024-10-09,2024-11-22,199
S000303,South India,Tablet,Standard,2024-10-08,,399
S000304,North India,Smart TV,Premium,2024-03-27,,699
S000305,North India,Laptop,Standard,2024-05-28,,399
S000306,South India,Mobile,Basic,2024-10-20,,199
S000307,North India,Smart TV,Standard,2024-10-28,,399
S000308,West India,Smart TV,Basic,2024-12-28,,199
S000309,East India,Smart TV,Basic,2024-08-14,,199
S000310,Maharashtra,Mobile,Standard,2024-06-28,2024-09-26,399
S000311,Maharashtra,Mobile,Basic,2024-02-06,2024-06-16,199
S000312,West India,Smart TV,Premium,2024-01-02,,699
S000313,Maharashtra,Smart TV,Premium,2024-04-17,2024-08-14,699
S000314,North India,Mobile,Basic,2024-08-07,,199
S000315,West India,Mobile,Standard,2024-07-02,,399
S000316,North India,Mobile,Standard,2024-10-04,,399
S000317,North India,Mobile,Standard,2024-06-30,,399
S000318,North India,Mobile,Premium,2024-07-26,,699
S000319,Karnataka,Tablet,Basic,2024-05-24,,199
S000320,Maharashtra,Smart TV,Standard,2024-01-14,,399
S000321,Maharashtra,Mobile,Standard,2024-09-25,,399
S000322,North India,Smart TV,Basic,2024-07-15,,199
S000323,West India,Mobile,Standard,2024-10-29,,399
S000324,North India,Tablet,Standard,2024-08-29,,399
S000325,East India,Mobile,Premium,2024-02-13,2024-04-01,699
S000326,South India,Laptop,Standard,2024-04-09,,399
S000327,East India,Desktop,Premium,2024-11-12,,699
S000328,South India,Smart TV,Basic,2024-06-12,,199
S000329,East India,Mobile,Basic,2024-08-26,,199
S000330,Maharashtra,Laptop,Premium,2024-12-11,,699
S000331,East India,Mobile,Basic,2024-05-15,,199
S000332,East India,Smart TV,Basic,2024-09-20,2025-02-04,199
S000333,South India,Mobile,Basic,2024-10-12,,199
S000334,Karnataka,Mobile,Standard,2024-02-29,,399
S000335,West India,Smart TV,Premium,2024-05-01,,699
S000336,South India,Smart TV,Premium,2024-10-14,,699
S000337,East India,Smart TV,Basic,2024-07-30,,199
S000338,West India,Mobile,Premium,2024-10-25,,699
S000339,East India,Tablet,Basic,2024-08-01,,199
S000340,East India,Laptop,Basic,2024-09-03,,199
S000341,North India,Smart TV,Premium,2024-03-16,,699
S000342,East India,Tablet,Basic,2024-11-24,,199
S000343,North India,Mobile,Basic,2024-09-12,,199
S000344,South India,Mobile,Basic,2024-01-25,,199
S000345,East India,Smart TV,Basic,2024-05-06,2024-08-21,199
S000346,Maharashtra,Laptop,Basic,2024-04-08,,199
S000347,South India,Tablet,Premium,2024-07-27,,699
S000348,North India,Mobile,Basic,2024-02-23,,199
S000349,Karnataka,Laptop,Premium,2024-07-05,,699
S000350,West India,Smart TV,Basic,2024-08-26,2024-12-09,199
S000351,Karnataka,Mobile,Premium,2024-05-09,2024-07-04,699
S000352,North India,Mobile,Basic,2024-05-20,,199
S000353,Maharashtra,Mobile,Basic,2024-10-18,,199
S000354,West India,Mobile,Basic,2024-04-27,,199
S000355,Maharashtra,Tablet,Basic,2024-09-26,,199
S000356,West India,Laptop,Standard,2024-10-11,,399
S000357,Maharashtra,Laptop,Standard,2024-04-15,,399
S000358,West India,Smart TV,Basic,2024-05-27,,199
S000359,Karnataka,Smart TV,Basic,2024-05-25,2024-10-01,199
S000360,Karnataka,Mobile,Standard,2024-05-20,,399
S000361,East India,Smart TV,Premium,2024-11-24,,699
S000362,North India,Smart TV,Premium,2024-11-30,,699
S000363,Karnataka,Smart TV,Basic,2024-01-05,,199
S000364,South India,Mobile,Basic,2024-11-19,,199
S000365,East India,Mobile,Basic,2024-04-04,,199
S000366,Maharashtra,Smart TV,Basic,2024-06-11,,199
S000367,West India,Smart TV,Premium,2024-10-14,,699
S000368,Karnataka,Mobile,Standard,2024-09-29,,399
S000369,Maharashtra,Laptop,Basic,2024-03-28,,199
S000370,North India,Tablet,Basic,2024-11-01,,199
S000371,Maharashtra,Laptop,Premium,2024-11-16,,699
S000372,East India,Mobile,Basic,2024-10-06,,199
S000373,East India,Mobile,Premium,2024-06-19,,699
S000374,South India,Smart TV,Standard,2024-06-30,,399
S000375,Maharashtra,Smart TV,Basic,2024-06-14,2024-10-17,199
S000376,North India,Laptop,Premium,2024-08-12,,699
S000377,North India,Laptop,Basic,2024-09-02,2024-10-23,199
S000378,South India,Smart TV,Basic,2024-02-10,,199
S000379,North India,Smart TV,Basic,2024-03-13,,199
S000380,South India,Smart TV,Premium,2024-06-24,2024-09-21,699
S000381,South India,Mobile,Standard,2024-06-07,,399
S000382,Maharashtra,Mobile,Premium,2024-06-04,,699
S000383,South India,Smart TV,Basic,2024-05-25,2024-10-29,199
S000384,Karnataka,Smart TV,Basic,2024-02-05,,199
S000385,North India,Laptop,Standard,2024-12-21,,399
S000386,Maharashtra,Mobile,Standard,2024-10-20,,399
S000387,Karnataka,Smart TV,Basic,2024-05-28,,199
S000388,Karnataka,Mobile,Basic,2024-12-02,,199
S000389,West India,Smart TV,Basic,2024-01-15,2024-04-07,199
S000390,East India,Mobile,Basic,2024-12-08,,199
S000391,North India,Smart TV,Premium,2024-09-01,,699
S000392,Maharashtra,Desktop,Basic,2024-07-08,,199
S000393,North India,Smart TV,Standard,2024-07-19,,399
S000394,North India,Smart TV,Standard,2024-11-20,,399
S000395,East India,Smart TV,Basic,2024-12-08,2025-03-01,199
S000396,East India,Laptop,Premium,2024-04-08,,699
S000397,South India,Laptop,Basic,2024-04-20,,199
S000398,North India,Smart TV,Standard,2024-01-29,,399
S000399,Maharashtra,Mobile,Basic,2024-12-29,,199
S000400,Karnataka,Mobile,Premium,2024-08-30,,699
S000401,West India,Smart TV,Standard,2024-07-06,,399
S000402,West India,Smart TV,Standard,2024-12-07,,399
S000403,East India,Mobile,Standard,2024-04-24,,399
S000404,East India,Smart TV,Standard,2024-07-29,,399
S000405,East India,Tablet,Standard,2024-09-23,,399
S000406,Karnataka,Smart TV,Standard,2024-10-01,,399
S000407,East India,Mobile,Standard,2024-08-07,,399
S000408,Maharashtra,Desktop,Premium,2024-09-19,,699
S000409,East India,Tablet,Standard,2024-12-23,,399
S000410,North India,Desktop,Standard,2024-11-04,,399
S000411,Karnataka,Smart TV,Premium,2024-02-23,,699
S000412,East India,Smart TV,Premium,2024-01-07,,699
S000413,East India,Desktop,Standard,2024-10-05,,399
S000414,North India,Smart TV,Basic,2024-02-23,,199
S000415,East India,Smart TV,Basic,2024-10-12,,199
S000416,Karnataka,Tablet,Basic,2024-04-02,,199
S000417,Maharashtra,Smart TV,Basic,2024-04-15,,199
S000418,South India,Laptop,Standard,2024-11-15,,399
S000419,North India,Smart TV,Basic,2024-06-17,,199
S000420,North India,Mobile,Standard,2024-08-17,,399
S000421,East India,Laptop,Basic,2024-01-04,,199
S000422,North India,Mobile,Basic,2024-03-11,,199
S000423,East India,Laptop,Basic,2024-10-18,,199
S000424,Maharashtra,Mobile,Standard,2024-05-25,,399
S000425,Maharashtra,Mobile,Basic,2024-07-05,,199
S000426,Karnataka,Mobile,Premium,2024-02-08,,699
S000427,West India,Laptop,Basic,2024-04-17,,199
S000428,South India,Mobile,Basic,2024-09-09,2025-01-06,199
S000429,East India,Smart TV,Standard,2024-07-18,,399
S000430,South India,Laptop,Standard,2024-12-22,2025-02-22,399
S000431,Karnataka,Mobile,Premium,2024-06-03,,699
S000432,Maharashtra,Smart TV,Premium,2024-06-09,,699
S000433,East India,Smart TV,Standard,2024-06-20,2024-07-22,399
S000434,East India,Mobile,Standard,2024-07-04,,399
S000435,South India,Laptop,Basic,2024-07-28,,199
S000436,South India,Laptop,Standard,2024-06-20,,399
S000437,Karnataka,Mobile,Standard,2024-02-24,,399
S000438,North India,Mobile,Basic,2024-06-27,,199
S000439,Maharashtra,Smart TV,Premium,2024-08-02,,699
S000440,Maharashtra,Mobile,Basic,2024-10-21,,199
S000441,East India,Mobile,Basic,2024-09-22,,199
S000442,East India,Smart TV,Basic,2024-03-17,,199
S000443,East India,Mobile,Premium,2024-12-05,,699
S000444,East India,Tablet,Basic,2024-12-08,,199
S000445,Karnataka,Laptop,Standard,2024-11-28,2025-03-08,399
S000446,North India,Mobile,Premium,2024-04-22,,699
S000447,North India,Tablet,Standard,2024-07-18,,399
S000448,Karnataka,Mobile,Premium,2024-07-06,2024-11-24,699
S000449,Maharashtra,Tablet,Basic,2024-06-19,,199
S000450,South India,Laptop,Basic,2024-05-20,2024-07-16,199
S000451,East India,Laptop,Basic,2024-04-01,,199
S000452,Karnataka,Desktop,Basic,2024-08-07,,199
S000453,Karnataka,Smart TV,Basic,2024-01-06,,199
S000454,South India,Laptop,Basic,2024-05-27,,199
S000455,Maharashtra,Mobile,Standard,2024-06-23,,399
S000456,Maharashtra,Laptop,Basic,2024-07-21,,199
S000457,North India,Smart TV,Premium,2024-02-14,,699
S000458,Karnataka,Mobile,Standard,2024-08-01,,399
S000459,East India,Smart TV,Premium,2024-08-07,,699
S000460,North India,Desktop,Standard,2024-06-28,,399
S000461,Karnataka,Smart TV,Premium,2024-05-06,,699
S000462,East India,Smart TV,Standard,2024-11-05,2025-01-01,399
S000463,Karnataka,Tablet,Basic,2024-08-23,,199
S000464,East India,Laptop,Premium,2024-03-05,,699
S000465,East India,Mobile,Basic,2024-12-17,,199
S000466,East India,Smart TV,Basic,2024-11-08,,199
S000467,South India,Mobile,Basic,2024-10-29,2025-04-11,199
S000468,Maharashtra,Smart TV,Standard,2024-12-12,,399
S000469,Maharashtra,Smart TV,Basic,2024-10-22,,199
S000470,North India,Laptop,Basic,2024-09-02,,199
S000471,East India,Mobile,Basic,2024-02-27,2024-08-08,199
S000472,East India,Mobile,Standard,2024-03-15,,399
S000473,Maharashtra,Mobile,Basic,2024-05-31,2024-10-23,199
S000474,Maharashtra,Smart TV,Basic,2024-01-01,,199
S000475,Maharashtra,Laptop,Basic,2024-12-10,,199
S000476,North India,Smart TV,Basic,2024-01-16,,199
S000477,South India,Mobile,Basic,2024-12-01,,199
S000478,Karnataka,Smart TV,Standard,2024-05-13,,399
S000479,South India,Smart TV,Basic,2024-02-08,,199
S000480,North India,Smart TV,Basic,2024-03-28,,199
S000481,North India,Mobile,Basic,2024-06-16,,199
S000482,West India,Laptop,Basic,2024-05-22,,199
S000483,South India,Laptop,Standard,2024-03-19,,399
S000484,North India,Tablet,Basic,2024-04-18,,199
S000485,Maharashtra,Mobile,Basic,2024-09-12,,199
S000486,Maharashtra,Laptop,Premium,2024-10-24,,699
S000487,South India,Laptop,Basic,2024-03-13,,199
S000488,Maharashtra,Tablet,Premium,2024-04-12,,699
S000489,North India,Mobile,Basic,2024-06-27,,199
S000490,North India,Laptop,Basic,2024-07-01,2024-12-07,199
S000491,East India,Mobile,Standard,2024-04-15,,399
S000492,East India,Smart TV,Basic,2024-12-05,,199
S000493,North India,Smart TV,Basic,2024-11-13,,199
S000494,North India,Laptop,Standard,2024-02-04,,399
S000495,North India,Tablet,Standard,2024-01-30,,399
S000496,West India,Smart TV,Basic,2024-06-27,,199
S000497,Maharashtra,Tablet,Basic,2024-09-29,,199
S000498,Karnataka,Laptop,Standard,2024-02-05,2024-07-29,399
S000499,East India,Smart TV,Basic,2024-12-02,,199
S000500,Karnataka,Mobile,Basic,2024-10-10,,199
S000501,Karnataka,Tablet,Basic,2024-06-24,,199
S000502,East India,Laptop,Premium,2024-04-21,,699
S000503,Karnataka,Mobile,Premium,2024-06-05,,699
S000504,East India,Desktop,Premium,2024-09-02,,699
S000505,East India,Laptop,Basic,2024-06-20,,199
S000506,Maharashtra,Smart TV,Standard,2024-06-26,,399
S000507,East India,Laptop,Standard,2024-08-14,,399
S000508,Maharashtra,Tablet,Basic,2024-04-25,,199
S000509,South India,Mobile,Basic,2024-01-24,2024-05-14,199
S000510,South India,Smart TV,Basic,2024-03-19,,199
S000511,North India,Mobile,Basic,2024-07-08,,199
S000512,North India,Mobile,Premium,2024-07-07,2024-11-29,699
S000513,North India,Mobile,Basic,2024-03-19,,199
S000514,Karnataka,Mobile,Basic,2024-07-10,,199
S000515,North India,Smart TV,Basic,2024-07-27,,199
S000516,Karnataka,Mobile,Basic,2024-03-25,,199
S000517,East India,Smart TV,Premium,2024-05-01,,699
S000518,South India,Laptop,Basic,2024-05-09,,199
S000519,East India,Mobile,Basic,2024-11-20,,199
S000520,South India,Mobile,Basic,2024-07-15,,199
S000521,South India,Mobile,Premium,2024-11-15,,699
S000522,North India,Mobile,Basic,2024-04-06,,199
S000523,South India,Mobile,Standard,2024-05-11,,399
S000524,North India,Laptop,Standard,2024-06-09,,399
S000525,South India,Mobile,Premium,2024-11-13,,699
S000526,Maharashtra,Laptop,Basic,2024-01-13,2024-06-03,199
S000527,Karnataka,Mobile,Premium,2024-03-19,,699
S000528,South India,Desktop,Standard,2024-11-09,2025-02-17,399
S000529,North India,Tablet,Standard,2024-07-11,,399
S000530,West India,Desktop,Basic,2024-11-29,,199
S000531,East India,Mobile,Basic,2024-07-16,,199
S000532,East India,Smart TV,Basic,2024-08-28,2025-02-01,199
S000533,Karnataka,Smart TV,Basic,2024-11-11,,199
S000534,North India,Smart TV,Premium,2024-05-05,,699
S000535,North India,Mobile,Premium,2024-06-06,2024-11-04,699
S000536,Karnataka,Laptop,Standard,2024-07-25,,399
S000537,South India,Mobile,Basic,2024-02-26,2024-04-30,199
S000538,East India,Laptop,Premium,2024-07-16,2024-12-21,699
S000539,South India,Smart TV,Basic,2024-03-01,,199
S000540,North India,Laptop,Standard,2024-03-14,,399
S000541,South India,Smart TV,Premium,2024-06-29,,699
S000542,East India,Laptop,Basic,2024-03-18,,199
S000543,Karnataka,Laptop,Basic,2024-03-21,,199
S000544,Maharashtra,Smart TV,Basic,2024-05-08,,199
S000545,South India,Mobile,Standard,2024-02-14,,399
S000546,West India,Mobile,Basic,2024-01-27,,199
S000547,South India,Laptop,Basic,2024-07-03,,199
S000548,Karnataka,Smart TV,Basic,2024-03-27,,199
S000549,South India,Smart TV,Standard,2024-03-07,,399
S000550,South India,Tablet,Standard,2024-03-11,,399
S000551,Karnataka,Smart TV,Premium,2024-03-01,,699
S000552,Maharashtra,Smart TV,Basic,2024-08-13,,199
S000553,South India,Smart TV,Basic,2024-03-14,,199
S000554,Karnataka,Laptop,Premium,2024-07-26,,699
S000555,South India,Smart TV,Basic,2024-07-05,,199
S000556,West India,Mobile,Standard,2024-01-13,,399
S000557,East India,Mobile,Standard,2024-07-21,2024-11-28,399
S000558,North India,Mobile,Basic,2024-12-09,2025-05-07,199
S000559,West India,Mobile,Premium,2024-05-09,,699
S000560,Karnataka,Mobile,Basic,2024-12-02,2025-02-19,199
S000561,Maharashtra,Smart TV,Standard,2024-05-28,,399
S000562,West India,Tablet,Standard,2024-09-30,,399
S000563,Maharashtra,Mobile,Basic,2024-03-13,,199
S000564,North India,Mobile,Premium,2024-02-16,,699
S000565,West India,Smart TV,Basic,2024-09-03,,199
S000566,South India,Laptop,Standard,2024-06-22,,399
S000567,West India,Laptop,Basic,2024-10-24,,199
S000568,North India,Laptop,Premium,2024-11-14,,699
S000569,Karnataka,Smart TV,Basic,2024-11-03,,199
S000570,North India,Mobile,Standard,2024-07-07,,399
S000571,Maharashtra,Smart TV,Basic,2024-05-23,,199
S000572,North India,Mobile,Standard,2024-05-27,,399
S000573,South India,Mobile,Basic,2024-11-29,,199
S000574,East India,Smart TV,Basic,2024-03-08,,199
S000575,West India,Smart TV,Premium,2024-02-18,,699
S000576,Maharashtra,Mobile,Standard,2024-04-07,,399
S000577,Maharashtra,Laptop,Basic,2024-03-06,2024-06-30,199
S000578,East India,Tablet,Premium,2024-05-09,,699
S000579,West India,Smart TV,Basic,2024-10-22,,199
S000580,Karnataka,Smart TV,Basic,2024-02-13,,199
S000581,East India,Smart TV,Basic,2024-01-18,,199
S000582,East India,Mobile,Basic,2024-03-11,,199
S000583,East India,Laptop,Premium,2024-04-16,2024-09-27,699
S000584,Maharashtra,Mobile,Basic,2024-03-09,,199
S000585,Maharashtra,Laptop,Basic,2024-01-17,,199
S000586,East India,Mobile,Standard,2024-04-15,,399
S000587,West India,Mobile,Basic,2024-09-22,,199
S000588,North India,Laptop,Standard,2024-01-10,,399
S000589,West India,Mobile,Premium,2024-09-13,,699
S000590,West India,Smart TV,Standard,2024-03-25,,399
S000591,South India,Mobile,Basic,2024-01-12,,199
S000592,West India,Smart TV,Basic,2024-09-23,,199
S000593,Maharashtra,Laptop,Standard,2024-05-18,2024-06-26,399
S000594,Karnataka,Tablet,Basic,2024-12-27,,199
S000595,South India,Mobile,Standard,2024-12-07,,399
S000596,North India,Laptop,Premium,2024-12-08,,699
S000597,West India,Tablet,Premium,2024-07-07,,699
S000598,Karnataka,Smart TV,Basic,2024-05-24,,199
S000599,Karnataka,Smart TV,Basic,2024-07-18,,199
S000600,West India,Mobile,Basic,2024-10-15,,199
S000601,Karnataka,Laptop,Premium,2024-10-30,2025-02-10,699
S000602,East India,Laptop,Basic,2024-08-21,,199
S000603,Maharashtra,Laptop,Basic,2024-08-19,,199
S000604,South India,Mobile,Standard,2024-10-15,,399
S000605,South India,Mobile,Basic,2024-03-24,,199
S000606,Maharashtra,Tablet,Standard,2024-09-10,,399
S000607,East India,Tablet,Basic,2024-12-08,,199
S000608,North India,Mobile,Standard,2024-06-09,,399
S000609,South India,Laptop,Standard,2024-08-16,,399
S000610,Maharashtra,Mobile,Basic,2024-11-16,2025-01-18,199
S000611,Karnataka,Mobile,Basic,2024-04-21,,199
S000612,East India,Mobile,Basic,2024-09-15,,199
S000613,Maharashtra,Tablet,Standard,2024-04-17,,399
S000614,South India,Tablet,Standard,2024-05-06,,399
S000615,West India,Laptop,Basic,2024-05-30,,199
S000616,West India,Smart TV,Basic,2024-01-05,,199
S000617,West India,Laptop,Basic,2024-06-26,,199
S000618,Karnataka,Smart TV,Basic,2024-08-27,,199
S000619,Maharashtra,Smart TV,Basic,2024-01-26,,199
S000620,Maharashtra,Mobile,Basic,2024-08-06,,199
S000621,Maharashtra,Mobile,Basic,2024-07-07,,199
S000622,North India,Mobile,Basic,2024-03-30,,199
S000623,East India,Mobile,Standard,2024-08-31,,399
S000624,Maharashtra,Laptop,Premium,2024-11-28,,699
S000625,Maharashtra,Mobile,Basic,2024-02-11,,199
S000626,East India,Mobile,Standard,2024-07-18,,399
S000627,Maharashtra,Smart TV,Standard,2024-06-14,,399
S000628,West India,Desktop,Basic,2024-01-04,,199
S000629,Maharashtra,Tablet,Basic,2024-04-10,,199
S000630,South India,Laptop,Standard,2024-03-03,,399
S000631,West India,Mobile,Basic,2024-09-11,,199
S000632,North India,Mobile,Basic,2024-03-09,,199
S000633,North India,Mobile,Basic,2024-09-07,2025-01-04,199
S000634,North India,Smart TV,Standard,2024-05-11,,399
S000635,Karnataka,Mobile,Basic,2024-02-18,,199
S000636,East India,Smart TV,Basic,2024-06-16,,199
S000637,Maharashtra,Tablet,Premium,2024-03-20,,699
S000638,Karnataka,Tablet,Basic,2024-07-13,,199
S000639,Maharashtra,Smart TV,Premium,2024-05-03,2024-07-26,699
S000640,Maharashtra,Mobile,Premium,2024-07-04,,699
S000641,North India,Smart TV,Premium,2024-01-16,,699
S000642,Karnataka,Smart TV,Premium,2024-02-14,,699
S000643,North India,Mobile,Standard,2024-01-19,,399
S000644,South India,Smart TV,Basic,2024-02-03,,199
S000645,South India,Mobile,Basic,2024-08-18,,199
S000646,North India,Laptop,Basic,2024-05-07,2024-10-19,199
S000647,North India,Mobile,Basic,2024-03-25,,199
S000648,West India,Smart TV,Standard,2024-07-03,,399
S000649,South India,Mobile,Basic,2024-03-03,,199
S000650,East India,Smart TV,Standard,2024-04-06,,399
S000651,North India,Tablet,Basic,2024-09-22,,199
S000652,Karnataka,Smart TV,Basic,2024-01-21,,199
S000653,Maharashtra,Mobile,Basic,2024-06-30,,199
S000654,East India,Smart TV,Standard,2024-07-16,,399
S000655,East India,Laptop,Premium,2024-10-03,,699
S000656,South India,Mobile,Basic,2024-02-24,2024-07-11,199
S000657,Maharashtra,Mobile,Premium,2024-07-16,,699
S000658,Karnataka,Mobile,Standard,2024-11-17,,399
S000659,East India,Mobile,Premium,2024-10-02,,699
S000660,Maharashtra,Desktop,Basic,2024-04-09,,199
S000661,West India,Mobile,Basic,2024-09-07,,199
S000662,North India,Mobile,Basic,2024-07-15,2024-09-11,199
S000663,North India,Laptop,Basic,2024-11-20,,199
S000664,East India,Mobile,Basic,2024-10-12,,199
S000665,West India,Smart TV,Premium,2024-10-14,,699
S000666,Maharashtra,Laptop,Standard,2024-08-01,,399
S000667,East India,Mobile,Basic,2024-04-18,,199
S000668,Karnataka,Mobile,Standard,2024-12-07,,399
S000669,South India,Tablet,Standard,2024-06-15,,399
S000670,West India,Mobile,Standard,2024-09-10,,399
S000671,East India,Desktop,Basic,2024-07-19,,199
S000672,West India,Mobile,Basic,2024-08-07,,199
S000673,Karnataka,Mobile,Premium,2024-07-12,,699
S000674,North India,Smart TV,Basic,2024-06-14,2024-10-09,199
S000675,West India,Mobile,Basic,2024-05-19,,199
S000676,South India,Smart TV,Basic,2024-12-24,,199
S000677,Karnataka,Mobile,Standard,2024-01-17,,399
S000678,South India,Mobile,Premium,2024-04-28,2024-07-11,699
S000679,South India,Mobile,Basic,2024-09-27,2025-02-04,199
S000680,East India,Mobile,Premium,2024-12-07,,699
S000681,South India,Mobile,Basic,2024-05-24,,199
S000682,East India,Smart TV,Basic,2024-01-17,,199
S000683,Maharashtra,Smart TV,Standard,2024-08-06,,399
S000684,Maharashtra,Mobile,Premium,2024-09-15,,699
S000685,Maharashtra,Tablet,Basic,2024-02-25,,199
S000686,West India,Mobile,Premium,2024-06-03,,699
S000687,West India,Mobile,Basic,2024-09-14,2024-12-18,199
S000688,East India,Mobile,Premium,2024-01-22,,699
S000689,Maharashtra,Mobile,Basic,2024-08-03,,199
S000690,South India,Mobile,Standard,2024-09-24,,399
S000691,East India,Smart TV,Standard,2024-12-01,,399
S000692,Maharashtra,Smart TV,Basic,2024-01-11,,199
S000693,East India,Smart TV,Standard,2024-06-10,,399
S000694,West India,Mobile,Basic,2024-03-10,,199
S000695,Maharashtra,Tablet,Basic,2024-07-17,,199
S000696,Karnataka,Laptop,Standard,2024-03-31,,399
S000697,North India,Laptop,Standard,2024-03-29,,399
S000698,South India,Smart TV,Standard,2024-02-21,,399
S000699,Karnataka,Smart TV,Basic,2024-06-14,2024-08-19,199
S000700,South India,Mobile,Basic,2024-03-19,2024-05-31,199
S000701,Karnataka,Laptop,Basic,2024-12-23,2025-01-23,199
S000702,Maharashtra,Mobile,Basic,2024-11-20,,199
S000703,Maharashtra,Mobile,Standard,2024-07-07,2024-10-02,399
S000704,Karnataka,Smart TV,Basic,2024-02-16,,199
S000705,South India,Smart TV,Premium,2024-02-22,,699
S000706,Maharashtra,Mobile,Standard,2024-03-04,,399
S000707,Maharashtra,Tablet,Basic,2024-01-03,,199
S000708,Maharashtra,Smart TV,Basic,2024-07-21,,199
S000709,South India,Tablet,Basic,2024-03-06,2024-07-24,199
S000710,North India,Tablet,Standard,2024-10-17,,399
S000711,South India,Mobile,Basic,2024-07-09,,199
S000712,South India,Smart TV,Standard,2024-03-09,,399
S000713,West India,Smart TV,Premium,2024-01-10,,699
S000714,East India,Smart TV,Basic,2024-11-21,,199
S000715,South India,Laptop,Basic,2024-07-07,,199
S000716,East India,Mobile,Basic,2024-03-12,,199
S000717,Maharashtra,Smart TV,Basic,2024-09-15,,199
S000718,East India,Laptop,Basic,2024-05-28,,199
S000719,East India,Smart TV,Basic,2024-12-23,,199
S000720,Maharashtra,Mobile,Basic,2024-07-17,,199
S000721,West India,Smart TV,Standard,2024-12-06,,399
S000722,North India,Mobile,Standard,2024-09-05,,399
S000723,West India,Mobile,Standard,2024-10-11,,399
S000724,North India,Laptop,Basic,2024-12-07,,199
S000725,Maharashtra,Mobile,Basic,2024-06-14,,199
S000726,South India,Smart TV,Basic,2024-03-31,,199
S000727,Maharashtra,Laptop,Basic,2024-08-07,,199
S000728,South India,Mobile,Basic,2024-06-12,,199
S000729,East India,Smart TV,Standard,2024-05-08,2024-10-09,399
S000730,South India,Laptop,Basic,2024-02-22,,199
S000731,West India,Smart TV,Premium,2024-05-29,,699
S000732,East India,Laptop,Basic,2024-04-26,2024-09-07,199
S000733,North India,Mobile,Basic,2024-10-27,,199
S000734,East India,Smart TV,Premium,2024-01-24,,699
S000735,East India,Laptop,Basic,2024-09-27,,199
S000736,East India,Mobile,Basic,2024-03-08,,199
S000737,South India,Smart TV,Basic,2024-04-12,,199
S000738,North India,Tablet,Basic,2024-09-15,,199
S000739,West India,Smart TV,Basic,2024-03-19,,199
S000740,North India,Smart TV,Standard,2024-10-14,,399
S000741,South India,Smart TV,Basic,2024-10-12,2025-01-29,199
S000742,Maharashtra,Mobile,Basic,2024-11-02,2025-03-18,199
S000743,Karnataka,Mobile,Basic,2024-06-12,2024-12-04,199
S000744,Maharashtra,Mobile,Basic,2024-10-26,,199
S000745,East India,Laptop,Basic,2024-12-01,,199
S000746,Karnataka,Smart TV,Premium,2024-04-10,,699
S000747,East India,Mobile,Standard,2024-12-24,2025-01-24,399
S000748,West India,Smart TV,Premium,2024-03-22,,699
S000749,North India,Mobile,Basic,2024-01-12,,199
S000750,Maharashtra,Mobile,Basic,2024-06-19,,199
S000751,Karnataka,Tablet,Standard,2024-04-09,,399
S000752,South India,Mobile,Standard,2024-05-22,,399
S000753,North India,Laptop,Basic,2024-03-22,,199
S000754,South India,Smart TV,Basic,2024-09-26,,199
S000755,West India,Laptop,Basic,2024-12-27,,199
S000756,North India,Desktop,Premium,2024-07-14,,699
S000757,Maharashtra,Mobile,Premium,2024-10-26,,699
S000758,Karnataka,Smart TV,Premium,2024-05-16,2024-07-17,699
S000759,North India,Mobile,Basic,2024-01-29,,199
S000760,West India,Smart TV,Basic,2024-03-02,,199
S000761,South India,Mobile,Basic,2024-10-26,2025-04-10,199
S000762,South India,Mobile,Basic,2024-03-04,,199
S000763,West India,Smart TV,Basic,2024-03-09,,199
S000764,Karnataka,Smart TV,Premium,2024-06-10,,699
S000765,Karnataka,Tablet,Basic,2024-01-03,,199
S000766,South India,Laptop,Basic,2024-07-06,,199
S000767,South India,Mobile,Standard,2024-01-11,,399
S000768,Maharashtra,Mobile,Standard,2024-02-15,,399
S000769,Karnataka,Smart TV,Basic,2024-09-11,,199
S000770,North India,Laptop,Basic,2024-11-24,,199
S000771,East India,Mobile,Basic,2024-11-23,,199
S000772,South India,Mobile,Standard,2024-07-08,,399
S000773,South India,Mobile,Basic,2024-06-17,2024-10-21,199
S000774,Maharashtra,Smart TV,Basic,2024-04-15,,199
S000775,North India,Smart TV,Standard,2024-09-25,2025-02-08,399
S000776,Maharashtra,Desktop,Basic,2024-10-12,,199
S000777,North India,Tablet,Basic,2024-08-28,,199
S000778,East India,Laptop,Premium,2024-04-15,,699
S000779,Maharashtra,Mobile,Standard,2024-09-29,,399
S000780,West India,Smart TV,Premium,2024-09-02,,699
S000781,South India,Tablet,Standard,2024-05-30,,399
S000782,West India,Smart TV,Basic,2024-07-01,,199
S000783,East India,Smart TV,Premium,2024-02-20,,699
S000784,North India,Laptop,Basic,2024-04-29,,199
S000785,Maharashtra,Desktop,Basic,2024-11-24,,199
S000786,Maharashtra,Tablet,Basic,2024-05-08,,199
S000787,East India,Smart TV,Basic,2024-05-09,2024-07-01,199
S000788,East India,Smart TV,Premium,2024-11-09,,699
S000789,East India,Smart TV,Basic,2024-12-16,,199
S000790,South India,Mobile,Basic,2024-06-08,,199
S000791,South India,Desktop,Premium,2024-01-31,,699
S000792,North India,Mobile,Standard,2024-09-12,,399
S000793,North India,Mobile,Standard,2024-10-20,,399
S000794,West India,Smart TV,Premium,2024-07-16,,699
S000795,South India,Tablet,Premium,2024-05-06,,699
S000796,Karnataka,Laptop,Premium,2024-07-22,,699
S000797,East India,Smart TV,Premium,2024-03-25,,699
S000798,Karnataka,Mobile,Basic,2024-06-09,,199
S000799,North India,Mobile,Premium,2024-01-31,,699
S000800,Maharashtra,Mobile,Standard,2024-08-14,2024-12-22,399
S000801,Maharashtra,Mobile,Premium,2024-12-06,,699
S000802,Karnataka,Mobile,Standard,2024-04-30,,399
S000803,Maharashtra,Mobile,Premium,2024-01-01,,699
S000804,West India,Laptop,Standard,2024-11-08,,399
S000805,Karnataka,Laptop,Standard,2024-12-24,,399
S000806,Karnataka,Tablet,Premium,2024-03-09,,699
S000807,South India,Mobile,Standard,2024-07-30,,399
S000808,Karnataka,Mobile,Basic,2024-02-08,,199
S000809,South India,Smart TV,Premium,2024-05-16,2024-10-20,699
S000810,Maharashtra,Mobile,Basic,2024-01-15,,199
S000811,South India,Tablet,Standard,2024-10-06,,399
S000812,East India,Mobile,Standard,2024-02-29,,399
S000813,North India,Mobile,Standard,2024-05-30,,399
S000814,North India,Smart TV,Basic,2024-10-05,,199
S000815,Maharashtra,Laptop,Standard,2024-06-06,,399
S000816,South India,Smart TV,Basic,2024-10-15,,199
S000817,Karnataka,Laptop,Premium,2024-01-17,,699
S000818,South India,Mobile,Basic,2024-03-24,,199
S000819,Maharashtra,Smart TV,Premium,2024-12-12,,699
S000820,East India,Smart TV,Basic,2024-03-20,,199
S000821,Maharashtra,Desktop,Standard,2024-01-12,,399
S000822,Karnataka,Smart TV,Basic,2024-09-29,,199
S000823,Karnataka,Smart TV,Standard,2024-03-06,2024-06-04,399
S000824,Karnataka,Tablet,Standard,2024-02-24,,399
S000825,Karnataka,Laptop,Standard,2024-08-24,,399
S000826,East India,Tablet,Basic,2024-09-11,,199
S000827,West India,Mobile,Basic,2024-09-29,,199
S000828,East India,Smart TV,Basic,2024-04-18,,199
S000829,South India,Smart TV,Premium,2024-12-03,2025-02-07,699
S000830,South India,Smart TV,Basic,2024-11-23,,199
S000831,North India,Laptop,Basic,2024-12-13,2025-01-22,199
S000832,East India,Smart TV,Standard,2024-03-27,2024-05-10,399
S000833,West India,Mobile,Standard,2024-04-23,,399
S000834,East India,Laptop,Basic,2024-08-01,,199
S000835,Maharashtra,Laptop,Basic,2024-07-12,2024-12-27,199
S000836,North India,Tablet,Basic,2024-04-27,,199
S000837,West India,Laptop,Standard,2024-11-18,2025-03-05,399
S000838,Karnataka,Smart TV,Basic,2024-06-19,,199
S000839,Maharashtra,Mobile,Premium,2024-11-01,,699
S000840,East India,Mobile,Basic,2024-01-09,,199
S000841,North India,Mobile,Basic,2024-12-18,,199
S000842,Karnataka,Smart TV,Premium,2024-08-13,,699
S000843,Maharashtra,Mobile,Basic,2024-08-24,,199
S000844,Karnataka,Laptop,Basic,2024-06-04,,199
S000845,Maharashtra,Mobile,Standard,2024-12-09,2025-03-30,399
S000846,East India,Smart TV,Basic,2024-06-16,,199
S000847,North India,Desktop,Basic,2024-09-30,,199
S000848,South India,Smart TV,Standard,2024-07-17,,399
S000849,West India,Smart TV,Basic,2024-04-25,,199
S000850,Karnataka,Mobile,Basic,2024-08-07,2024-12-20,199
S000851,North India,Mobile,Basic,2024-04-09,,199
S000852,North India,Laptop,Standard,2024-03-03,,399
S000853,West India,Mobile,Basic,2024-04-01,,199
S000854,North India,Smart TV,Basic,2024-05-11,2024-09-25,199
S000855,South India,Desktop,Premium,2024-11-18,,699
S000856,Maharashtra,Mobile,Basic,2024-12-25,,199
S000857,East India,Smart TV,Basic,2024-02-27,,199
S000858,West India,Smart TV,Basic,2024-08-21,2024-12-06,199
S000859,South India,Smart TV,Premium,2024-11-30,,699
S000860,East India,Laptop,Standard,2024-09-11,,399
S000861,East India,Mobile,Basic,2024-12-04,,199
S000862,East India,Mobile,Basic,2024-09-14,2024-10-19,199
S000863,South India,Smart TV,Premium,2024-08-09,,699
S000864,Maharashtra,Smart TV,Premium,2024-08-23,,699
S000865,Maharashtra,Smart TV,Standard,2024-01-06,,399
S000866,Karnataka,Smart TV,Standard,2024-08-22,,399
S000867,South India,Mobile,Premium,2024-09-20,,699
S000868,Maharashtra,Desktop,Standard,2024-08-29,,399
S000869,Karnataka,Laptop,Standard,2024-11-18,,399
S000870,East India,Smart TV,Basic,2024-05-18,,199
S000871,East India,Mobile,Basic,2024-05-15,,199
S000872,North India,Tablet,Basic,2024-03-19,,199
S000873,West India,Mobile,Basic,2024-08-08,,199
S000874,South India,Laptop,Standard,2024-07-04,,399
S000875,North India,Smart TV,Standard,2024-05-20,,399
S000876,West India,Tablet,Basic,2024-08-20,,199
S000877,Karnataka,Mobile,Basic,2024-08-04,,199
S000878,North India,Mobile,Basic,2024-07-24,,199
S000879,East India,Smart TV,Basic,2024-10-12,,199
S000880,West India,Mobile,Standard,2024-08-22,,399
S000881,South India,Laptop,Basic,2024-11-26,,199
S000882,South India,Smart TV,Basic,2024-01-07,2024-03-31,199
S000883,Maharashtra,Laptop,Basic,2024-08-20,,199
S000884,South India,Smart TV,Basic,2024-05-31,,199
S000885,North India,Laptop,Basic,2024-10-10,,199
S000886,Karnataka,Mobile,Standard,2024-07-19,,399
S000887,Maharashtra,Desktop,Basic,2024-03-25,,199
S000888,North India,Smart TV,Premium,2024-05-20,,699
S000889,East India,Desktop,Premium,2024-11-22,,699
S000890,Karnataka,Smart TV,Basic,2024-04-28,,199
S000891,South India,Smart TV,Standard,2024-10-15,,399
S000892,West India,Tablet,Standard,2024-06-03,,399
S000893,South India,Tablet,Standard,2024-05-02,,399
S000894,Karnataka,Smart TV,Basic,2024-01-19,,199
S000895,West India,Tablet,Basic,2024-04-09,2024-06-21,199
S000896,West India,Laptop,Basic,2024-03-13,,199
S000897,West India,Smart TV,Standard,2024-08-11,,399
S000898,North India,Mobile,Basic,2024-08-17,,199
S000899,South India,Mobile,Premium,2024-12-10,,699
S000900,Maharashtra,Laptop,Standard,2024-07-02,,399
S000901,South India,Mobile,Standard,2024-05-12,,399
S000902,East India,Laptop,Standard,2024-02-15,,399
S000903,East India,Smart TV,Basic,2024-10-19,,199
S000904,South India,Mobile,Basic,2024-05-02,,199
S000905,Karnataka,Smart TV,Basic,2024-11-13,,199
S000906,West India,Laptop,Basic,2024-07-30,,199
S000907,West India,Laptop,Premium,2024-11-10,,699
S000908,North India,Laptop,Premium,2024-08-06,2024-11-02,699
S000909,East India,Smart TV,Standard,2024-09-23,,399
S000910,Karnataka,Laptop,Standard,2024-12-22,,399
S000911,East India,Smart TV,Standard,2024-11-18,,399
S000912,South India,Smart TV,Premium,2024-09-28,,699
S000913,Maharashtra,Mobile,Premium,2024-06-25,,699
S000914,Maharashtra,Mobile,Basic,2024-05-08,,199
S000915,Karnataka,Smart TV,Basic,2024-01-25,2024-05-26,199
S000916,East India,Laptop,Premium,2024-10-06,2024-11-16,699
S000917,South India,Tablet,Standard,2024-05-20,,399
S000918,East India,Smart TV,Basic,2024-12-18,,199
S000919,North India,Mobile,Basic,2024-01-31,,199
S000920,Maharashtra,Mobile,Basic,2024-11-26,,199
S000921,West India,Laptop,Basic,2024-03-21,,199
S000922,North India,Tablet,Basic,2024-03-17,,199
S000923,North India,Mobile,Premium,2024-03-01,,699
S000924,West India,Mobile,Standard,2024-06-05,2024-07-23,399
S000925,Karnataka,Smart TV,Premium,2024-06-13,,699
S000926,Karnataka,Mobile,Basic,2024-05-06,,199
S000927,North India,Mobile,Basic,2024-11-28,,199
S000928,North India,Mobile,Standard,2024-07-24,,399
S000929,Maharashtra,Mobile,Standard,2024-11-04,,399
S000930,West India,Mobile,Standard,2024-09-16,,399
S000931,West India,Smart TV,Standard,2024-03-29,,399
S000932,Karnataka,Tablet,Basic,2024-12-02,2025-05-24,199
S000933,East India,Tablet,Basic,2024-08-07,,199
S000934,South India,Laptop,Premium,2024-03-19,,699
S000935,Maharashtra,Mobile,Basic,2024-03-31,,199
S000936,East India,Tablet,Standard,2024-11-29,,399
S000937,West India,Mobile,Standard,2024-02-17,,399
S000938,North India,Tablet,Premium,2024-10-22,,699
S000939,South India,Mobile,Basic,2024-07-03,,199
S000940,East India,Mobile,Premium,2024-12-21,,699
S000941,Karnataka,Laptop,Basic,2024-09-05,,199
S000942,Maharashtra,Smart TV,Standard,2024-12-26,,399
S000943,North India,Laptop,Basic,2024-08-03,2024-12-16,199
S000944,South India,Laptop,Basic,2024-07-22,2024-09-01,199
S000945,Maharashtra,Smart TV,Basic,2024-10-18,2024-12-19,199
S000946,Maharashtra,Mobile,Standard,2024-05-31,,399
S000947,East India,Smart TV,Basic,2024-08-17,,199
S000948,Maharashtra,Tablet,Premium,2024-11-14,,699
S000949,South India,Mobile,Premium,2024-10-29,,699
S000950,West India,Smart TV,Premium,2024-04-14,,699
S000951,North India,Smart TV,Basic,2024-04-03,2024-09-18,199
S000952,Maharashtra,Laptop,Basic,2024-07-31,,199
S000953,North India,Mobile,Basic,2024-10-04,,199
S000954,East India,Mobile,Basic,2024-09-26,,199
S000955,Karnataka,Smart TV,Basic,2024-07-26,,199
S000956,East India,Tablet,Standard,2024-08-25,,399
S000957,Karnataka,Smart TV,Basic,2024-06-13,,199
S000958,Karnataka,Smart TV,Basic,2024-05-17,,199
S000959,South India,Laptop,Basic,2024-10-14,,199
S000960,North India,Smart TV,Basic,2024-05-01,,199
S000961,Karnataka,Smart TV,Standard,2024-11-03,,399
S000962,East India,Laptop,Premium,2024-03-13,,699
S000963,South India,Laptop,Premium,2024-04-14,,699
S000964,Karnataka,Mobile,Premium,2024-07-19,,699
S000965,Maharashtra,Tablet,Basic,2024-09-28,,199
S000966,South India,Laptop,Standard,2024-05-04,,399
S000967,West India,Mobile,Basic,2024-06-09,,199
S000968,West India,Laptop,Basic,2024-07-20,,199
S000969,South India,Mobile,Standard,2024-09-09,,399
S000970,North India,Tablet,Standard,2024-07-19,,399
S000971,West India,Laptop,Standard,2024-02-11,,399
S000972,Karnataka,Smart TV,Premium,2024-11-20,,699
S000973,East India,Laptop,Standard,2024-02-25,2024-04-19,399
S000974,Maharashtra,Mobile,Standard,2024-07-09,,399
S000975,Maharashtra,Smart TV,Basic,2024-03-10,2024-06-09,199
S000976,South India,Mobile,Standard,2024-09-01,,399
S000977,Karnataka,Smart TV,Standard,2024-07-14,,399
S000978,Maharashtra,Mobile,Premium,2024-08-17,,699
S000979,Maharashtra,Smart TV,Standard,2024-06-15,,399
S000980,North India,Tablet,Basic,2024-11-12,,199
S000981,Maharashtra,Mobile,Premium,2024-02-02,,699
S000982,North India,Mobile,Basic,2024-11-28,,199
S000983,South India,Mobile,Premium,2024-04-18,2024-09-07,699
S000984,Maharashtra,Smart TV,Basic,2024-10-24,,199
S000985,Maharashtra,Mobile,Standard,2024-01-10,,399
S000986,North India,Smart TV,Standard,2024-01-30,2024-03-19,399
S000987,North India,Smart TV,Basic,2024-12-21,,199
S000988,Karnataka,Laptop,Premium,2024-10-16,,699
S000989,South India,Mobile,Basic,2024-12-15,,199
S000990,Maharashtra,Smart TV,Premium,2024-03-12,,699
S000991,South India,Smart TV,Basic,2024-11-25,,199
S000992,West India,Smart TV,Basic,2024-05-18,,199
S000993,East India,Laptop,Standard,2024-06-26,2024-11-12,399
S000994,North India,Laptop,Basic,2024-11-21,2025-03-20,199
S000995,East India,Laptop,Standard,2024-11-21,,399
S000996,South India,Mobile,Premium,2024-03-15,,699
S000997,Maharashtra,Mobile,Premium,2024-06-07,2024-07-29,699
S000998,East India,Smart TV,Basic,2024-03-13,,199
S000999,East India,Smart TV,Standard,2024-06-30,,399
S001000,South India,Mobile,Basic,2024-04-05,,199
S001001,East India,Tablet,Standard,2024-11-25,,399
S001002,Maharashtra,Laptop,Basic,2024-09-26,,199
S001003,East India,Smart TV,Basic,2024-11-26,,199
S001004,Karnataka,Mobile,Premium,2024-09-26,,699
S001005,Karnataka,Smart TV,Basic,2024-07-04,,199
S001006,East India,Laptop,Standard,2024-07-18,2024-08-19,399
S001007,East India,Smart TV,Basic,2024-08-15,,199
S001008,East India,Smart TV,Premium,2024-06-13,2024-08-01,699
S001009,West India,Smart TV,Basic,2024-05-15,,199
S001010,West India,Smart TV,Basic,2024-02-17,2024-06-09,199
S001011,North India,Laptop,Basic,2024-03-13,,199
S001012,West India,Mobile,Standard,2024-04-11,,399
S001013,Maharashtra,Smart TV,Basic,2024-03-17,2024-05-13,199
S001014,North India,Smart TV,Standard,2024-07-23,,399
S001015,North India,Tablet,Basic,2024-05-22,,199
S001016,South India,Mobile,Basic,2024-09-07,,199
S001017,West India,Smart TV,Premium,2024-08-31,2024-10-11,699
S001018,East India,Smart TV,Standard,2024-06-25,,399
S001019,South India,Mobile,Basic,2024-10-12,,199
S001020,Maharashtra,Laptop,Basic,2024-07-24,,199
S001021,Karnataka,Smart TV,Basic,2024-08-21,,199
S001022,Karnataka,Laptop,Premium,2024-03-15,,699
S001023,Karnataka,Smart TV,Standard,2024-11-08,,399
S001024,North India,Mobile,Premium,2024-02-15,,699
S001025,Karnataka,Mobile,Basic,2024-12-10,,199
S001026,East India,Mobile,Premium,2024-09-27,,699
S001027,South India,Tablet,Premium,2024-07-28,,699
S001028,North India,Mobile,Basic,2024-04-20,,199
S001029,Maharashtra,Mobile,Premium,2024-03-11,,699
S001030,Maharashtra,Mobile,Premium,2024-03-16,,699
S001031,East India,Tablet,Premium,2024-06-15,,699
S001032,North India,Smart TV,Basic,2024-11-02,,199
S001033,Maharashtra,Smart TV,Premium,2024-07-09,,699
S001034,North India,Mobile,Basic,2024-10-26,,199
S001035,West India,Smart TV,Basic,2024-04-14,,199
S001036,Karnataka,Smart TV,Basic,2024-05-19,,199
S001037,Maharashtra,Smart TV,Standard,2024-12-05,,399
S001038,North India,Laptop,Standard,2024-05-05,,399
S001039,North India,Smart TV,Standard,2024-01-14,,399
S001040,North India,Smart TV,Premium,2024-04-14,,699
S001041,Karnataka,Tablet,Basic,2024-10-15,,199
S001042,West India,Smart TV,Premium,2024-07-25,,699
S001043,East India,Smart TV,Standard,2024-04-20,,399
S001044,North India,Mobile,Basic,2024-03-14,,199
S001045,West India,Smart TV,Basic,2024-12-27,,199
S001046,West India,Smart TV,Standard,2024-12-11,,399
S001047,East India,Smart TV,Basic,2024-05-31,,199
S001048,North India,Tablet,Basic,2024-10-23,,199
S001049,Maharashtra,Laptop,Standard,2024-01-17,2024-07-02,399
S001050,Karnataka,Mobile,Basic,2024-10-20,,199
S001051,South India,Laptop,Basic,2024-11-25,,199
S001052,Karnataka,Mobile,Standard,2024-09-09,,399
S001053,West India,Laptop,Basic,2024-10-25,,199
S001054,Maharashtra,Smart TV,Basic,2024-08-26,2025-01-08,199
S001055,Karnataka,Tablet,Premium,2024-11-12,,699
S001056,Karnataka,Mobile,Basic,2024-08-09,,199
S001057,South India,Smart TV,Basic,2024-12-28,,199
S001058,Karnataka,Laptop,Standard,2024-12-24,,399
S001059,North India,Mobile,Premium,2024-09-21,,699
S001060,West India,Mobile,Premium,2024-10-03,,699
S001061,Karnataka,Smart TV,Standard,2024-09-27,,399
S001062,North India,Mobile,Basic,2024-10-14,,199
S001063,East India,Smart TV,Basic,2024-07-10,,199
S001064,West India,Laptop,Basic,2024-08-31,,199
S001065,East India,Laptop,Basic,2024-04-01,,199
S001066,West India,Mobile,Basic,2024-07-02,2024-10-17,199
S001067,East India,Laptop,Premium,2024-10-25,,699
S001068,West India,Laptop,Basic,2024-10-06,,199
S001069,North India,Desktop,Basic,2024-12-21,,199
S001070,South India,Smart TV,Basic,2024-05-02,,199
S001071,North India,Mobile,Basic,2024-09-14,,199
S001072,Karnataka,Laptop,Premium,2024-01-27,,699
S001073,Karnataka,Tablet,Premium,2024-07-14,2024-10-02,699
S001074,Karnataka,Tablet,Basic,2024-12-24,,199
S001075,East India,Smart TV,Basic,2024-09-17,,199
S001076,Karnataka,Mobile,Standard,2024-01-23,,399
S001077,West India,Mobile,Standard,2024-07-21,2024-09-05,399
S001078,East India,Smart TV,Standard,2024-03-19,,399
S001079,North India,Smart TV,Premium,2024-12-13,,699
S001080,North India,Smart TV,Standard,2024-09-30,,399
S001081,West India,Smart TV,Basic,2024-11-24,,199
S001082,South India,Laptop,Standard,2024-09-26,,399
S001083,East India,Laptop,Premium,2024-07-17,,699
S001084,South India,Mobile,Basic,2024-06-15,,199
S001085,South India,Tablet,Basic,2024-09-05,,199
S001086,West India,Desktop,Standard,2024-07-05,,399
S001087,East India,Mobile,Premium,2024-01-21,,699
S001088,Karnataka,Mobile,Premium,2024-07-16,2024-10-09,699
S001089,Maharashtra,Mobile,Basic,2024-05-07,,199
S001090,South India,Tablet,Basic,2024-03-04,2024-05-20,199
S001091,North India,Smart TV,Basic,2024-02-29,,199
S001092,Maharashtra,Mobile,Standard,2024-02-28,,399
S001093,North India,Mobile,Standard,2024-02-17,,399
S001094,South India,Desktop,Premium,2024-03-29,2024-04-28,699
S001095,South India,Smart TV,Basic,2024-11-11,,199
S001096,West India,Mobile,Basic,2024-03-01,,199
S001097,West India,Smart TV,Basic,2024-02-12,,199
S001098,East India,Smart TV,Basic,2024-06-18,,199
S001099,Karnataka,Mobile,Basic,2024-05-04,,199
S001100,North India,Smart TV,Basic,2024-07-19,,199
S001101,Karnataka,Mobile,Basic,2024-09-27,2024-11-22,199
S001102,North India,Mobile,Standard,2024-08-06,2024-10-06,399
S001103,South India,Laptop,Basic,2024-11-12,,199
S001104,East India,Tablet,Premium,2024-11-03,,699
S001105,North India,Smart TV,Basic,2024-11-05,,199
S001106,Maharashtra,Laptop,Basic,2024-12-26,,199
S001107,East India,Smart TV,Premium,2024-02-06,,699
S001108,North India,Tablet,Standard,2024-08-15,,399
S001109,West India,Smart TV,Basic,2024-02-27,,199
S001110,Karnataka,Mobile,Standard,2024-11-17,,399
S001111,South India,Smart TV,Premium,2024-07-07,2024-12-06,699
S001112,North India,Mobile,Basic,2024-05-05,,199
S001113,East India,Laptop,Basic,2024-06-06,,199
S001114,South India,Laptop,Standard,2024-02-23,,399
S001115,North India,Tablet,Standard,2024-08-29,,399
S001116,Maharashtra,Mobile,Basic,2024-09-10,,199
S001117,East India,Laptop,Standard,2024-07-24,,399
S001118,North India,Mobile,Basic,2024-05-13,,199
S001119,Karnataka,Smart TV,Standard,2024-01-23,,399
S001120,North India,Smart TV,Basic,2024-06-12,,199
S001121,North India,Laptop,Basic,2024-11-06,,199
S001122,East India,Mobile,Basic,2024-12-03,,199
S001123,Maharashtra,Mobile,Basic,2024-09-22,,199
S001124,West India,Smart TV,Standard,2024-04-25,,399
S001125,South India,Mobile,Standard,2024-03-14,,399
S001126,West India,Laptop,Basic,2024-07-04,,199
S001127,Maharashtra,Tablet,Standard,2024-10-11,2025-02-17,399
S001128,East India,Laptop,Standard,2024-08-28,2025-02-23,399
S001129,Maharashtra,Tablet,Standard,2024-10-03,,399
S001130,North India,Mobile,Basic,2024-10-20,,199
S001131,East India,Desktop,Basic,2024-08-31,,199
S001132,North India,Smart TV,Premium,2024-05-21,,699
S001133,North India,Mobile,Premium,2024-02-24,,699
S001134,North India,Smart TV,Basic,2024-06-07,,199
S001135,South India,Smart TV,Standard,2024-02-21,,399
S001136,South India,Laptop,Basic,2024-07-05,,199
S001137,North India,Tablet,Basic,2024-04-18,,199
S001138,West India,Tablet,Premium,2024-04-29,,699
S001139,West India,Tablet,Premium,2024-07-07,,699
S001140,North India,Mobile,Basic,2024-09-19,,199
S001141,North India,Mobile,Standard,2024-05-11,,399
S001142,West India,Mobile,Standard,2024-05-01,,399
S001143,West India,Mobile,Premium,2024-06-09,,699
S001144,South India,Laptop,Basic,2024-09-04,2024-12-29,199
S001145,North India,Mobile,Basic,2024-01-12,,199
S001146,South India,Smart TV,Basic,2024-05-16,,199
S001147,Maharashtra,Smart TV,Standard,2024-08-29,,399
S001148,Karnataka,Smart TV,Basic,2024-01-21,2024-04-06,199
S001149,West India,Laptop,Premium,2024-03-25,,699
S001150,South India,Laptop,Premium,2024-10-07,,699
S001151,Karnataka,Smart TV,Basic,2024-08-20,,199
S001152,East India,Mobile,Basic,2024-07-14,,199
S001153,North India,Smart TV,Standard,2024-08-15,,399
S001154,South India,Laptop,Basic,2024-06-21,,199
S001155,Maharashtra,Tablet,Basic,2024-02-06,2024-04-08,199
S001156,West India,Mobile,Premium,2024-02-01,,699
S001157,Karnataka,Mobile,Basic,2024-07-02,2024-08-10,199
S001158,North India,Laptop,Premium,2024-12-01,,699
S001159,East India,Smart TV,Basic,2024-09-21,,199
S001160,Maharashtra,Smart TV,Standard,2024-01-08,,399
S001161,Maharashtra,Laptop,Basic,2024-01-06,,199
S001162,Karnataka,Mobile,Premium,2024-12-03,,699
S001163,East India,Mobile,Basic,2024-01-25,,199
S001164,Maharashtra,Laptop,Standard,2024-02-02,,399
S001165,North India,Mobile,Basic,2024-12-01,,199
S001166,Karnataka,Smart TV,Basic,2024-11-14,,199
S001167,North India,Tablet,Basic,2024-01-29,,199
S001168,Maharashtra,Mobile,Premium,2024-09-25,,699
S001169,South India,Smart TV,Standard,2024-02-02,,399
S001170,East India,Smart TV,Basic,2024-07-28,,199
S001171,Maharashtra,Laptop,Standard,2024-08-13,,399
S001172,South India,Smart TV,Basic,2024-04-03,2024-06-25,199
S001173,Maharashtra,Mobile,Basic,2024-04-07,,199
S001174,North India,Laptop,Standard,2024-08-02,2024-10-19,399
S001175,East India,Laptop,Standard,2024-06-26,2024-10-19,399
S001176,Maharashtra,Laptop,Standard,2024-09-24,,399
S001177,Maharashtra,Smart TV,Basic,2024-09-10,2024-12-17,199
S001178,South India,Tablet,Basic,2024-03-29,2024-07-02,199
S001179,Karnataka,Desktop,Basic,2024-03-17,,199
S001180,North India,Desktop,Premium,2024-06-02,,699
S001181,West India,Smart TV,Basic,2024-05-10,,199
S001182,South India,Laptop,Basic,2024-12-14,,199
S001183,South India,Laptop,Basic,2024-10-22,,199
S001184,North India,Laptop,Basic,2024-09-15,,199
S001185,North India,Mobile,Basic,2024-03-30,,199
S001186,Karnataka,Laptop,Premium,2024-03-18,,699
S001187,West India,Smart TV,Standard,2024-12-04,,399
S001188,Karnataka,Smart TV,Basic,2024-01-09,2024-04-07,199
S001189,South India,Mobile,Basic,2024-06-13,2024-09-20,199
S001190,North India,Mobile,Standard,2024-11-01,,399
S001191,North India,Tablet,Standard,2024-02-09,2024-05-23,399
S001192,East India,Mobile,Standard,2024-09-20,,399
S001193,Maharashtra,Tablet,Premium,2024-12-01,,699
S001194,West India,Mobile,Basic,2024-01-28,,199
S001195,South India,Smart TV,Standard,2024-04-29,,399
S001196,North India,Mobile,Basic,2024-07-07,,199
S001197,North India,Smart TV,Basic,2024-06-12,2024-08-18,199
S001198,Karnataka,Smart TV,Standard,2024-12-10,,399
S001199,East India,Laptop,Basic,2024-06-24,2024-11-19,199
S001200,Karnataka,Smart TV,Standard,2024-01-17,,399
S001201,Karnataka,Laptop,Basic,2024-10-29,,199
S001202,East India,Mobile,Basic,2024-02-17,,199
S001203,Maharashtra,Smart TV,Basic,2024-03-11,,199
S001204,West India,Mobile,Basic,2024-11-23,,199
S001205,Karnataka,Tablet,Premium,2024-06-22,,699
S001206,Maharashtra,Mobile,Basic,2024-09-13,,199
S001207,North India,Mobile,Basic,2024-01-03,,199
S001208,Karnataka,Mobile,Premium,2024-11-08,,699
S001209,West India,Smart TV,Premium,2024-08-21,,699
S001210,West India,Laptop,Premium,2024-12-13,,699
S001211,South India,Smart TV,Basic,2024-08-18,2024-11-15,199
S001212,South India,Tablet,Basic,2024-12-22,,199
S001213,South India,Smart TV,Premium,2024-04-16,,699
S001214,East India,Tablet,Basic,2024-12-27,,199
S001215,West India,Mobile,Premium,2024-11-12,,699
S001216,Karnataka,Tablet,Basic,2024-04-23,,199
S001217,Karnataka,Laptop,Basic,2024-01-01,,199
S001218,East India,Smart TV,Basic,2024-07-24,,199
S001219,East India,Tablet,Basic,2024-04-20,,199
S001220,North India,Mobile,Basic,2024-10-27,2025-01-06,199
S001221,Maharashtra,Laptop,Premium,2024-08-22,2025-01-10,699
S001222,Maharashtra,Smart TV,Premium,2024-08-10,,699
S001223,South India,Smart TV,Basic,2024-08-07,,199
S001224,East India,Laptop,Premium,2024-05-14,,699
S001225,Maharashtra,Laptop,Basic,2024-07-12,,199
S001226,Karnataka,Mobile,Basic,2024-01-04,,199
S001227,East India,Mobile,Basic,2024-01-17,,199
S001228,Maharashtra,Smart TV,Premium,2024-07-25,,699
S001229,West India,Tablet,Basic,2024-09-03,2024-11-06,199
S001230,South India,Mobile,Premium,2024-01-21,,699
S001231,North India,Desktop,Standard,2024-11-28,,399
S001232,East India,Smart TV,Basic,2024-08-02,2024-10-08,199
S001233,North India,Laptop,Basic,2024-01-01,,199
S001234,Karnataka,Smart TV,Basic,2024-08-22,,199
S001235,East India,Tablet,Standard,2024-02-20,,399
S001236,West India,Laptop,Premium,2024-04-20,2024-10-08,699
S001237,East India,Smart TV,Standard,2024-03-19,,399
S001238,South India,Smart TV,Standard,2024-07-25,,399
S001239,West India,Laptop,Basic,2024-08-23,,199
S001240,East India,Mobile,Premium,2024-06-05,,699
S001241,South India,Tablet,Standard,2024-02-07,,399
S001242,West India,Desktop,Premium,2024-06-19,2024-08-11,699
S001243,South India,Tablet,Premium,2024-10-26,2024-12-23,699
S001244,Karnataka,Mobile,Basic,2024-08-09,,199
S001245,North India,Smart TV,Basic,2024-09-19,,199
S001246,Maharashtra,Mobile,Basic,2024-03-17,,199
S001247,South India,Mobile,Standard,2024-01-08,,399
S001248,Maharashtra,Mobile,Premium,2024-03-01,,699
S001249,South India,Smart TV,Standard,2024-05-28,,399
S001250,North India,Laptop,Premium,2024-12-01,,699
S001251,North India,Tablet,Standard,2024-12-27,,399
S001252,South India,Laptop,Standard,2024-10-30,,399
S001253,Maharashtra,Smart TV,Basic,2024-03-18,,199
S001254,South India,Laptop,Standard,2024-05-07,,399
S001255,East India,Mobile,Basic,2024-01-21,,199
S001256,Karnataka,Mobile,Standard,2024-12-26,,399
S001257,Karnataka,Mobile,Basic,2024-05-04,,199
S001258,Maharashtra,Tablet,Standard,2024-08-30,,399
S001259,Karnataka,Mobile,Premium,2024-03-22,,699
S001260,South India,Mobile,Premium,2024-05-24,,699
S001261,East India,Smart TV,Standard,2024-02-02,2024-04-18,399
S001262,West India,Laptop,Standard,2024-09-05,2024-11-30,399
S001263,Maharashtra,Smart TV,Standard,2024-11-21,,399
S001264,Karnataka,Smart TV,Standard,2024-10-05,2024-11-07,399
S001265,North India,Laptop,Premium,2024-04-14,2024-05-20,699
S001266,South India,Laptop,Basic,2024-12-08,,199
S001267,Karnataka,Smart TV,Basic,2024-11-14,,199
S001268,Maharashtra,Desktop,Standard,2024-09-22,,399
S001269,North India,Laptop,Basic,2024-09-21,,199
S001270,Karnataka,Mobile,Standard,2024-04-06,,399
S001271,Karnataka,Smart TV,Premium,2024-03-17,,699
S001272,West India,Smart TV,Basic,2024-12-09,,199
S001273,South India,Desktop,Standard,2024-11-16,,399
S001274,West India,Smart TV,Basic,2024-03-12,,199
S001275,Maharashtra,Laptop,Basic,2024-08-15,,199
S001276,Karnataka,Mobile,Basic,2024-02-11,,199
S001277,Karnataka,Smart TV,Standard,2024-03-13,,399
S001278,West India,Mobile,Basic,2024-03-25,2024-08-06,199
S001279,Maharashtra,Mobile,Basic,2024-05-02,,199
S001280,Maharashtra,Smart TV,Standard,2024-07-22,,399
S001281,Maharashtra,Desktop,Standard,2024-12-07,2025-03-14,399
S001282,Maharashtra,Laptop,Standard,2024-05-17,,399
S001283,Maharashtra,Mobile,Standard,2024-05-13,,399
S001284,North India,Mobile,Basic,2024-07-05,,199
S001285,East India,Mobile,Standard,2024-05-11,2024-07-27,399
S001286,East India,Desktop,Standard,2024-03-10,,399
S001287,North India,Smart TV,Basic,2024-04-04,,199
S001288,Karnataka,Smart TV,Basic,2024-07-01,,199
S001289,South India,Smart TV,Basic,2024-03-08,,199
S001290,North India,Laptop,Basic,2024-05-13,,199
S001291,North India,Mobile,Basic,2024-10-07,,199
S001292,North India,Tablet,Basic,2024-11-07,,199
S001293,North India,Laptop,Standard,2024-01-10,2024-04-18,399
S001294,Maharashtra,Mobile,Basic,2024-08-05,,199
S001295,East India,Smart TV,Standard,2024-09-23,,399
S001296,South India,Mobile,Premium,2024-01-13,,699
S001297,South India,Laptop,Basic,2024-11-14,,199
S001298,North India,Smart TV,Premium,2024-03-20,2024-04-30,699
S001299,West India,Laptop,Basic,2024-07-29,,199
S001300,North India,Mobile,Premium,2024-02-03,2024-04-07,699
S001301,East India,Smart TV,Standard,2024-02-28,2024-06-22,399
S001302,Maharashtra,Smart TV,Basic,2024-05-28,,199
S001303,Karnataka,Laptop,Basic,2024-10-14,,199
S001304,South India,Smart TV,Standard,2024-09-30,2025-02-20,399
S001305,Maharashtra,Smart TV,Basic,2024-07-15,,199
S001306,West India,Desktop,Premium,2024-06-28,,699
S001307,South India,Mobile,Basic,2024-08-31,,199
S001308,Maharashtra,Mobile,Basic,2024-05-14,,199
S001309,West India,Mobile,Basic,2024-02-27,,199
S001310,West India,Mobile,Standard,2024-12-22,,399
S001311,North India,Smart TV,Basic,2024-01-29,,199
S001312,North India,Smart TV,Basic,2024-07-02,,199
S001313,Karnataka,Smart TV,Basic,2024-09-21,2024-11-08,199
S001314,South India,Mobile,Premium,2024-07-22,,699
S001315,West India,Mobile,Standard,2024-01-20,,399
S001316,East India,Desktop,Standard,2024-09-08,,399
S001317,South India,Mobile,Standard,2024-06-26,,399
S001318,West India,Laptop,Standard,2024-02-16,2024-03-17,399
S001319,East India,Smart TV,Premium,2024-07-26,,699
S001320,East India,Smart TV,Premium,2024-06-02,2024-11-24,699
S001321,West India,Mobile,Basic,2024-11-06,2025-02-01,199
S001322,Karnataka,Laptop,Basic,2024-10-06,,199
S001323,Maharashtra,Tablet,Basic,2024-12-01,,199
S001324,Maharashtra,Laptop,Basic,2024-03-02,,199
S001325,West India,Tablet,Basic,2024-06-26,,199
S001326,East India,Mobile,Basic,2024-12-06,,199
S001327,Karnataka,Mobile,Basic,2024-09-03,2024-11-02,199
S001328,East India,Laptop,Basic,2024-04-17,,199
S001329,Karnataka,Mobile,Basic,2024-03-21,,199
S001330,North India,Laptop,Premium,2024-06-05,2024-10-01,699
S001331,Maharashtra,Laptop,Basic,2024-03-20,,199
S001332,Karnataka,Mobile,Standard,2024-12-13,,399
S001333,South India,Smart TV,Basic,2024-10-12,,199
S001334,East India,Mobile,Basic,2024-02-11,,199
S001335,East India,Mobile,Basic,2024-03-17,,199
S001336,West India,Mobile,Premium,2024-04-01,,699
S001337,Maharashtra,Mobile,Standard,2024-06-27,,399
S001338,East India,Smart TV,Premium,2024-08-15,,699
S001339,Maharashtra,Smart TV,Basic,2024-08-08,,199
S001340,Karnataka,Smart TV,Premium,2024-02-14,,699
S001341,West India,Smart TV,Basic,2024-02-06,,199
S001342,East India,Smart TV,Basic,2024-08-30,,199
S001343,East India,Laptop,Basic,2024-11-03,,199
S001344,West India,Mobile,Basic,2024-07-15,,199
S001345,East India,Laptop,Basic,2024-05-02,,199
S001346,Maharashtra,Mobile,Basic,2024-07-26,2024-09-04,199
S001347,East India,Mobile,Premium,2024-01-28,,699
S001348,Karnataka,Laptop,Standard,2024-07-30,,399
S001349,Maharashtra,Smart TV,Basic,2024-12-13,,199
S001350,Karnataka,Mobile,Basic,2024-05-21,,199
S001351,East India,Smart TV,Basic,2024-07-25,2024-12-28,199
S001352,South India,Smart TV,Premium,2024-02-25,,699
S001353,Maharashtra,Tablet,Premium,2024-01-08,,699
S001354,Karnataka,Mobile,Basic,2024-09-26,,199
S001355,Karnataka,Mobile,Basic,2024-06-23,,199
S001356,Maharashtra,Tablet,Basic,2024-09-28,,199
S001357,South India,Laptop,Standard,2024-08-05,,399
S001358,North India,Smart TV,Premium,2024-10-27,,699
S001359,Maharashtra,Mobile,Basic,2024-12-12,,199
S001360,North India,Smart TV,Premium,2024-06-12,,699
S001361,South India,Desktop,Premium,2024-06-03,,699
S001362,Karnataka,Tablet,Standard,2024-09-15,,399
S001363,Maharashtra,Mobile,Standard,2024-05-02,,399
S001364,East India,Laptop,Basic,2024-05-04,,199
S001365,Maharashtra,Desktop,Standard,2024-06-18,2024-09-03,399
S001366,East India,Smart TV,Premium,2024-01-15,,699
S001367,South India,Smart TV,Standard,2024-02-06,,399
S001368,Maharashtra,Smart TV,Standard,2024-01-04,,399
S001369,East India,Laptop,Premium,2024-09-01,,699
S001370,Maharashtra,Smart TV,Standard,2024-04-01,2024-07-07,399
S001371,East India,Smart TV,Premium,2024-07-15,2024-11-09,699
S001372,West India,Mobile,Basic,2024-02-21,,199
S001373,North India,Smart TV,Premium,2024-12-14,2025-05-18,699
S001374,West India,Laptop,Basic,2024-01-15,,199
S001375,North India,Laptop,Premium,2024-11-04,,699
S001376,Maharashtra,Tablet,Premium,2024-12-28,,699
S001377,North India,Smart TV,Premium,2024-09-11,,699
S001378,South India,Mobile,Basic,2024-01-02,,199
S001379,North India,Mobile,Standard,2024-12-03,,399
S001380,West India,Mobile,Basic,2024-03-23,,199
S001381,North India,Laptop,Basic,2024-03-03,2024-05-05,199
S001382,East India,Laptop,Standard,2024-09-15,,399
S001383,East India,Tablet,Standard,2024-02-14,,399
S001384,South India,Smart TV,Basic,2024-03-05,,199
S001385,West India,Smart TV,Standard,2024-01-30,,399
S001386,South India,Tablet,Standard,2024-04-14,,399
S001387,South India,Mobile,Basic,2024-11-04,,199
S001388,South India,Mobile,Basic,2024-03-12,,199
S001389,East India,Smart TV,Basic,2024-09-09,,199
S001390,Maharashtra,Mobile,Premium,2024-05-25,2024-07-27,699
S001391,South India,Mobile,Basic,2024-10-01,,199
S001392,East India,Laptop,Basic,2024-05-07,,199
S001393,South India,Laptop,Premium,2024-05-22,,699
S001394,North India,Smart TV,Basic,2024-04-10,,199
S001395,North India,Laptop,Basic,2024-10-19,,199
S001396,West India,Smart TV,Basic,2024-02-13,,199
S001397,West India,Mobile,Basic,2024-10-07,,199
S001398,East India,Smart TV,Basic,2024-04-18,,199
S001399,South India,Mobile,Basic,2024-08-30,,199
S001400,Karnataka,Mobile,Basic,2024-03-27,,199
S001401,South India,Mobile,Basic,2024-06-23,,199
S001402,West India,Smart TV,Basic,2024-01-31,2024-05-20,199
S001403,East India,Tablet,Premium,2024-09-25,,699
S001404,West India,Smart TV,Basic,2024-11-01,,199
S001405,West India,Mobile,Basic,2024-02-08,,199
S001406,Karnataka,Smart TV,Standard,2024-05-09,2024-08-20,399
S001407,West India,Smart TV,Premium,2024-08-23,,699
S001408,Karnataka,Mobile,Premium,2024-09-22,,699
S001409,Karnataka,Mobile,Basic,2024-06-13,,199
S001410,South India,Laptop,Standard,2024-08-13,,399
S001411,North India,Mobile,Basic,2024-12-27,,199
S001412,Maharashtra,Laptop,Basic,2024-12-10,,199
S001413,West India,Smart TV,Standard,2024-10-12,,399
S001414,West India,Smart TV,Standard,2024-05-31,,399
S001415,West India,Smart TV,Basic,2024-03-14,,199
S001416,East India,Mobile,Premium,2024-10-10,,699
S001417,Karnataka,Mobile,Standard,2024-10-17,,399
S001418,West India,Mobile,Standard,2024-11-15,,399
S001419,West India,Mobile,Basic,2024-06-23,,199
S001420,Karnataka,Tablet,Basic,2024-11-29,,199
S001421,Karnataka,Smart TV,Basic,2024-04-29,,199
S001422,North India,Mobile,Basic,2024-01-21,,199
S001423,Karnataka,Smart TV,Standard,2024-09-13,2025-01-05,399
S001424,West India,Smart TV,Premium,2024-02-28,,699
S001425,North India,Mobile,Standard,2024-05-23,,399
S001426,West India,Mobile,Standard,2024-12-27,,399
S001427,Maharashtra,Mobile,Standard,2024-01-19,,399
S001428,Maharashtra,Desktop,Basic,2024-08-14,,199
S001429,West India,Mobile,Standard,2024-09-06,,399
S001430,South India,Smart TV,Basic,2024-04-20,,199
S001431,South India,Smart TV,Standard,2024-08-19,,399
S001432,Maharashtra,Smart TV,Standard,2024-01-20,,399
S001433,East India,Mobile,Basic,2024-07-26,,199
S001434,Maharashtra,Laptop,Standard,2024-02-02,,399
S001435,Maharashtra,Smart TV,Basic,2024-08-27,,199
S001436,Karnataka,Mobile,Basic,2024-08-03,2024-10-25,199
S001437,North India,Smart TV,Standard,2024-02-14,,399
S001438,Karnataka,Laptop,Basic,2024-07-02,,199
S001439,Karnataka,Laptop,Standard,2024-11-28,,399
S001440,Karnataka,Mobile,Basic,2024-05-20,,199
S001441,East India,Smart TV,Basic,2024-04-09,,199
S001442,North India,Smart TV,Premium,2024-02-01,2024-04-07,699
S001443,Karnataka,Mobile,Basic,2024-09-21,,199
S001444,Karnataka,Smart TV,Basic,2024-01-19,,199
S001445,Karnataka,Smart TV,Standard,2024-09-06,,399
S001446,East India,Smart TV,Basic,2024-01-14,,199
S001447,South India,Mobile,Standard,2024-11-28,,399
S001448,South India,Tablet,Premium,2024-02-28,,699
S001449,South India,Tablet,Basic,2024-11-29,,199
S001450,South India,Mobile,Premium,2024-11-30,,699
S001451,West India,Smart TV,Basic,2024-08-04,,199
S001452,West India,Mobile,Basic,2024-02-25,,199
S001453,Maharashtra,Tablet,Basic,2024-11-29,,199
S001454,West India,Laptop,Basic,2024-05-20,,199
S001455,West India,Smart TV,Standard,2024-03-18,,399
S001456,Karnataka,Laptop,Premium,2024-09-14,,699
S001457,North India,Desktop,Basic,2024-09-10,,199
S001458,North India,Mobile,Standard,2024-01-13,,399
S001459,East India,Smart TV,Standard,2024-09-28,,399
S001460,Karnataka,Desktop,Standard,2024-05-13,,399
S001461,Karnataka,Laptop,Basic,2024-12-21,,199
S001462,Maharashtra,Laptop,Standard,2024-09-10,,399
S001463,West India,Mobile,Basic,2024-08-23,,199
S001464,East India,Laptop,Basic,2024-12-08,,199
S001465,North India,Mobile,Premium,2024-01-28,,699
S001466,Karnataka,Mobile,Premium,2024-10-06,,699
S001467,South India,Mobile,Basic,2024-06-18,,199
S001468,North India,Laptop,Standard,2024-01-15,,399
S001469,Maharashtra,Smart TV,Premium,2024-03-29,,699
S001470,Maharashtra,Smart TV,Basic,2024-05-29,2024-09-03,199
S001471,North India,Laptop,Basic,2024-12-14,,199
S001472,West India,Mobile,Standard,2024-03-17,,399
S001473,West India,Laptop,Standard,2024-07-26,,399
S001474,Maharashtra,Smart TV,Basic,2024-06-20,,199
S001475,West India,Smart TV,Basic,2024-06-27,,199
S001476,Maharashtra,Desktop,Basic,2024-11-27,,199
S001477,West India,Laptop,Basic,2024-02-27,2024-06-14,199
S001478,North India,Smart TV,Basic,2024-02-03,,199
S001479,Karnataka,Tablet,Basic,2024-03-09,,199
S001480,Karnataka,Mobile,Basic,2024-03-23,2024-05-04,199
S001481,East India,Laptop,Basic,2024-12-18,,199
S001482,West India,Mobile,Basic,2024-02-20,2024-05-27,199
S001483,Karnataka,Smart TV,Premium,2024-08-13,,699
S001484,South India,Mobile,Basic,2024-07-17,,199
S001485,Maharashtra,Smart TV,Standard,2024-11-12,,399
S001486,South India,Desktop,Standard,2024-05-29,,399
S001487,South India,Smart TV,Basic,2024-05-28,,199
S001488,Karnataka,Smart TV,Standard,2024-11-05,,399
S001489,East India,Mobile,Premium,2024-09-20,,699
S001490,Maharashtra,Tablet,Basic,2024-04-28,,199
S001491,East India,Tablet,Basic,2024-03-02,,199
S001492,Karnataka,Mobile,Premium,2024-07-10,,699
S001493,South India,Mobile,Standard,2024-10-29,,399
S001494,South India,Laptop,Standard,2024-12-07,,399
S001495,Maharashtra,Mobile,Standard,2024-09-11,,399
S001496,South India,Laptop,Basic,2024-08-14,,199
S001497,East India,Smart TV,Standard,2024-04-27,,399
S001498,Maharashtra,Tablet,Basic,2024-05-25,2024-11-08,199
S001499,Karnataka,Smart TV,Basic,2024-09-07,,199
S001500,South India,Mobile,Standard,2024-12-16,,399
S001501,Karnataka,Mobile,Basic,2024-05-31,2024-09-02,199
S001502,West India,Smart TV,Standard,2024-09-03,,399
S001503,Karnataka,Smart TV,Basic,2024-11-16,,199
S001504,South India,Smart TV,Standard,2024-02-24,,399
S001505,North India,Tablet,Basic,2024-06-15,,199
S001506,West India,Mobile,Standard,2024-12-11,,399
S001507,West India,Mobile,Standard,2024-07-06,,399
S001508,South India,Laptop,Standard,2024-06-19,,399
S001509,South India,Smart TV,Basic,2024-12-25,,199
S001510,East India,Smart TV,Basic,2024-01-21,,199
S001511,South India,Laptop,Standard,2024-08-16,,399
S001512,West India,Mobile,Basic,2024-06-10,2024-10-14,199
S001513,North India,Laptop,Basic,2024-06-18,,199
S001514,Karnataka,Smart TV,Basic,2024-07-19,2024-09-05,199
S001515,East India,Mobile,Premium,2024-04-02,,699
S001516,Karnataka,Tablet,Basic,2024-11-04,,199
S001517,East India,Smart TV,Basic,2024-09-29,,199
S001518,North India,Mobile,Standard,2024-05-15,2024-06-16,399
S001519,South India,Smart TV,Basic,2024-06-02,,199
S001520,North India,Laptop,Premium,2024-01-13,2024-04-28,699
S001521,South India,Laptop,Premium,2024-08-15,,699
S001522,Karnataka,Desktop,Premium,2024-06-03,,699
S001523,West India,Smart TV,Standard,2024-03-14,,399
S001524,Karnataka,Smart TV,Basic,2024-05-10,,199
S001525,Karnataka,Tablet,Standard,2024-10-01,,399
S001526,East India,Mobile,Premium,2024-12-20,,699
S001527,Karnataka,Mobile,Standard,2024-12-04,,399
S001528,Maharashtra,Mobile,Basic,2024-12-20,,199
S001529,East India,Tablet,Premium,2024-05-26,,699
S001530,East India,Laptop,Basic,2024-10-23,2024-11-24,199
S001531,East India,Mobile,Basic,2024-07-13,,199
S001532,Maharashtra,Smart TV,Standard,2024-12-17,,399
S001533,Karnataka,Mobile,Basic,2024-12-07,,199
S001534,Karnataka,Mobile,Basic,2024-06-07,,199
S001535,West India,Mobile,Standard,2024-12-12,2025-05-14,399
S001536,East India,Desktop,Premium,2024-03-30,,699
S001537,East India,Laptop,Basic,2024-08-02,,199
S001538,Maharashtra,Desktop,Standard,2024-05-07,,399
S001539,Maharashtra,Laptop,Basic,2024-02-19,,199
S001540,North India,Desktop,Basic,2024-11-29,,199
S001541,Maharashtra,Smart TV,Standard,2024-09-29,2025-01-06,399
S001542,North India,Laptop,Premium,2024-11-13,2024-12-22,699
S001543,West India,Laptop,Standard,2024-02-13,,399
S001544,Maharashtra,Smart TV,Premium,2024-09-11,,699
S001545,Karnataka,Smart TV,Standard,2024-03-09,,399
S001546,Maharashtra,Laptop,Basic,2024-02-05,,199
S001547,South India,Smart TV,Standard,2024-04-10,,399
S001548,Maharashtra,Mobile,Premium,2024-09-19,,699
S001549,Maharashtra,Smart TV,Standard,2024-10-24,,399
S001550,East India,Mobile,Standard,2024-01-08,,399
S001551,South India,Smart TV,Standard,2024-09-28,,399
S001552,South India,Mobile,Basic,2024-03-10,,199
S001553,North India,Smart TV,Premium,2024-04-20,,699
S001554,Maharashtra,Smart TV,Standard,2024-07-03,,399
S001555,West India,Laptop,Premium,2024-03-10,,699
S001556,South India,Mobile,Premium,2024-05-16,,699
S001557,Karnataka,Tablet,Standard,2024-05-08,,399
S001558,North India,Mobile,Basic,2024-08-05,,199
S001559,West India,Mobile,Standard,2024-11-24,,399
S001560,East India,Smart TV,Standard,2024-10-24,,399
S001561,East India,Laptop,Standard,2024-01-24,,399
S001562,West India,Laptop,Premium,2024-02-22,,699
S001563,South India,Smart TV,Basic,2024-04-13,,199
S001564,North India,Mobile,Standard,2024-07-28,2024-10-28,399
S001565,South India,Mobile,Premium,2024-06-15,,699
S001566,South India,Mobile,Premium,2024-12-01,,699
S001567,North India,Laptop,Basic,2024-09-10,,199
S001568,Karnataka,Smart TV,Basic,2024-09-05,,199
S001569,East India,Mobile,Basic,2024-06-24,,199
S001570,North India,Smart TV,Standard,2024-03-21,,399
S001571,Karnataka,Mobile,Basic,2024-12-21,,199
S001572,South India,Mobile,Standard,2024-01-20,,399
S001573,Karnataka,Smart TV,Premium,2024-09-25,,699
S001574,South India,Smart TV,Standard,2024-05-12,,399
S001575,East India,Smart TV,Basic,2024-01-25,,199
S001576,South India,Tablet,Standard,2024-10-02,,399
S001577,North India,Mobile,Basic,2024-07-03,,199
S001578,Karnataka,Mobile,Standard,2024-12-05,,399
S001579,Karnataka,Smart TV,Basic,2024-01-06,2024-04-22,199
S001580,South India,Mobile,Basic,2024-04-14,,199
S001581,Karnataka,Mobile,Basic,2024-10-18,,199
S001582,North India,Laptop,Basic,2024-09-09,,199
S001583,South India,Laptop,Basic,2024-10-15,,199
S001584,West India,Mobile,Basic,2024-05-11,,199
S001585,Maharashtra,Laptop,Standard,2024-10-27,,399
S001586,Maharashtra,Desktop,Basic,2024-03-12,2024-07-26,199
S001587,South India,Mobile,Premium,2024-09-21,,699
S001588,East India,Mobile,Basic,2024-09-22,2024-12-08,199
S001589,Maharashtra,Smart TV,Basic,2024-08-25,,199
S001590,Karnataka,Laptop,Standard,2024-08-26,,399
S001591,East India,Desktop,Standard,2024-10-21,,399
S001592,Karnataka,Tablet,Basic,2024-09-07,,199
S001593,Karnataka,Smart TV,Basic,2024-10-20,,199
S001594,South India,Laptop,Basic,2024-12-22,2025-04-07,199
S001595,South India,Smart TV,Standard,2024-03-24,,399
S001596,East India,Mobile,Basic,2024-09-25,,199
S001597,West India,Mobile,Basic,2024-03-17,,199
S001598,East India,Smart TV,Basic,2024-10-16,2024-12-19,199
S001599,North India,Mobile,Basic,2024-11-24,,199
S001600,West India,Smart TV,Standard,2024-06-12,,399
S001601,Karnataka,Smart TV,Basic,2024-07-09,,199
S001602,South India,Smart TV,Premium,2024-01-19,2024-07-12,699
S001603,West India,Smart TV,Standard,2024-04-02,,399
S001604,West India,Mobile,Standard,2024-12-06,,399
S001605,East India,Mobile,Standard,2024-05-28,,399
S001606,East India,Mobile,Standard,2024-12-21,,399
S001607,Karnataka,Mobile,Premium,2024-02-24,2024-04-09,699
S001608,East India,Mobile,Standard,2024-07-27,,399
S001609,East India,Mobile,Basic,2024-05-13,,199
S001610,Karnataka,Smart TV,Premium,2024-02-29,,699
S001611,Karnataka,Laptop,Standard,2024-04-18,,399
S001612,Karnataka,Smart TV,Basic,2024-08-24,,199
S001613,North India,Smart TV,Basic,2024-04-16,,199
S001614,North India,Laptop,Standard,2024-04-27,2024-07-26,399
S001615,South India,Tablet,Premium,2024-02-20,,699
S001616,East India,Desktop,Basic,2024-09-01,,199
S001617,Karnataka,Mobile,Premium,2024-12-22,,699
S001618,East India,Smart TV,Premium,2024-10-03,,699
S001619,Karnataka,Mobile,Standard,2024-06-11,,399
S001620,South India,Mobile,Premium,2024-10-01,,699
S001621,Maharashtra,Tablet,Standard,2024-03-27,,399
S001622,North India,Laptop,Basic,2024-06-26,,199
S001623,East India,Smart TV,Basic,2024-09-18,,199
S001624,North India,Mobile,Standard,2024-02-22,,399
S001625,South India,Smart TV,Basic,2024-01-10,,199
S001626,South India,Mobile,Premium,2024-10-21,,699
S001627,North India,Smart TV,Basic,2024-02-05,,199
S001628,West India,Smart TV,Basic,2024-02-13,,199
S001629,South India,Smart TV,Standard,2024-03-23,,399
S001630,Karnataka,Smart TV,Basic,2024-05-09,,199
S001631,North India,Mobile,Basic,2024-04-04,,199
S001632,South India,Mobile,Premium,2024-01-13,,699
S001633,East India,Smart TV,Basic,2024-03-30,,199
S001634,South India,Smart TV,Basic,2024-11-01,,199
S001635,North India,Mobile,Basic,2024-06-12,2024-07-12,199
S001636,Karnataka,Tablet,Standard,2024-05-21,,399
S001637,South India,Mobile,Premium,2024-05-31,,699
S001638,Maharashtra,Smart TV,Standard,2024-05-07,,399
S001639,West India,Smart TV,Basic,2024-11-02,,199
S001640,South India,Laptop,Standard,2024-08-24,,399
S001641,North India,Smart TV,Basic,2024-07-15,,199
S001642,West India,Mobile,Basic,2024-12-21,2025-01-22,199
S001643,East India,Mobile,Premium,2024-10-01,,699
S001644,Karnataka,Mobile,Basic,2024-05-05,,199
S001645,South India,Mobile,Premium,2024-08-04,,699
S001646,West India,Mobile,Standard,2024-07-23,,399
S001647,East India,Mobile,Basic,2024-08-14,,199
S001648,North India,Smart TV,Basic,2024-11-13,,199
S001649,South India,Smart TV,Premium,2024-05-19,,699
S001650,East India,Smart TV,Premium,2024-05-13,,699
S001651,East India,Laptop,Premium,2024-10-16,,699
S001652,West India,Smart TV,Standard,2024-07-28,,399
S001653,North India,Laptop,Standard,2024-07-27,,399
S001654,West India,Smart TV,Premium,2024-12-13,2025-04-26,699
S001655,West India,Smart TV,Basic,2024-09-13,2025-02-26,199
S001656,West India,Smart TV,Basic,2024-02-14,,199
S001657,East India,Tablet,Premium,2024-09-05,,699
S001658,South India,Laptop,Standard,2024-08-09,,399
S001659,South India,Smart TV,Standard,2024-07-20,,399
S001660,South India,Mobile,Basic,2024-02-26,2024-08-15,199
S001661,West India,Mobile,Standard,2024-04-15,,399
S001662,Maharashtra,Laptop,Standard,2024-12-27,,399
S001663,Maharashtra,Laptop,Standard,2024-09-28,,399
S001664,North India,Laptop,Basic,2024-06-20,,199
S001665,Maharashtra,Desktop,Basic,2024-04-12,,199
S001666,North India,Laptop,Basic,2024-08-25,,199
S001667,Karnataka,Mobile,Premium,2024-02-20,,699
S001668,Maharashtra,Laptop,Standard,2024-03-16,,399
S001669,North India,Desktop,Basic,2024-08-30,2024-12-08,199
S001670,Karnataka,Tablet,Basic,2024-03-11,,199
S001671,Karnataka,Smart TV,Basic,2024-05-06,,199
S001672,Karnataka,Laptop,Basic,2024-09-18,,199
S001673,Maharashtra,Mobile,Standard,2024-02-06,,399
S001674,Karnataka,Mobile,Standard,2024-01-18,,399
S001675,South India,Smart TV,Standard,2024-08-02,2024-10-03,399
S001676,Maharashtra,Mobile,Premium,2024-04-11,,699
S001677,West India,Mobile,Standard,2024-05-20,,399
S001678,Karnataka,Desktop,Standard,2024-10-30,,399
S001679,Maharashtra,Laptop,Premium,2024-03-20,,699
S001680,Maharashtra,Mobile,Standard,2024-01-28,,399
S001681,South India,Tablet,Basic,2024-11-02,,199
S001682,West India,Mobile,Basic,2024-09-06,,199
S001683,Karnataka,Tablet,Basic,2024-02-25,2024-06-11,199
S001684,Maharashtra,Tablet,Basic,2024-01-15,,199
S001685,East India,Mobile,Standard,2024-09-09,,399
S001686,West India,Laptop,Basic,2024-04-20,,199
S001687,West India,Mobile,Basic,2024-05-07,,199
S001688,Maharashtra,Laptop,Basic,2024-01-30,,199
S001689,Maharashtra,Mobile,Basic,2024-10-14,2025-03-08,199
S001690,West India,Smart TV,Basic,2024-02-22,2024-04-25,199
S001691,South India,Mobile,Standard,2024-04-03,,399
S001692,South India,Laptop,Basic,2024-07-30,,199
S001693,South India,Smart TV,Standard,2024-11-03,,399
S001694,West India,Laptop,Basic,2024-03-06,2024-05-02,199
S001695,South India,Mobile,Standard,2024-11-12,,399
S001696,South India,Smart TV,Premium,2024-01-15,2024-07-10,699
S001697,East India,Smart TV,Premium,2024-10-13,,699
S001698,North India,Tablet,Standard,2024-12-13,,399
S001699,Karnataka,Mobile,Standard,2024-06-23,,399
S001700,Maharashtra,Tablet,Standard,2024-05-24,,399
S001701,South India,Smart TV,Premium,2024-01-14,,699
S001702,West India,Mobile,Basic,2024-10-21,,199
S001703,Karnataka,Mobile,Premium,2024-05-02,,699
S001704,East India,Laptop,Standard,2024-02-13,2024-05-09,399
S001705,East India,Smart TV,Standard,2024-10-28,,399
S001706,Maharashtra,Desktop,Basic,2024-02-25,,199
S001707,West India,Mobile,Standard,2024-05-15,,399
S001708,West India,Laptop,Standard,2024-12-26,,399
S001709,South India,Tablet,Standard,2024-08-28,,399
S001710,Maharashtra,Mobile,Standard,2024-08-07,,399
S001711,North India,Mobile,Standard,2024-01-08,,399
S001712,East India,Smart TV,Basic,2024-12-11,,199
S001713,West India,Tablet,Basic,2024-02-08,,199
S001714,Maharashtra,Smart TV,Premium,2024-06-27,,699
S001715,Karnataka,Smart TV,Basic,2024-04-18,,199
S001716,Maharashtra,Smart TV,Basic,2024-12-10,,199
S001717,Karnataka,Tablet,Standard,2024-06-21,,399
S001718,Maharashtra,Laptop,Standard,2024-10-29,,399
S001719,East India,Mobile,Standard,2024-01-14,,399
S001720,North India,Tablet,Basic,2024-10-09,,199
S001721,Karnataka,Smart TV,Basic,2024-11-11,,199
S001722,East India,Mobile,Basic,2024-03-21,,199
S001723,West India,Smart TV,Standard,2024-02-08,,399
S001724,South India,Mobile,Premium,2024-06-28,,699
S001725,South India,Smart TV,Basic,2024-12-02,,199
S001726,Karnataka,Mobile,Basic,2024-07-08,,199
S001727,North India,Smart TV,Standard,2024-06-11,,399
S001728,East India,Smart TV,Standard,2024-08-09,,399
S001729,West India,Mobile,Basic,2024-08-28,2024-10-17,199
S001730,East India,Mobile,Basic,2024-10-21,,199
S001731,Karnataka,Smart TV,Premium,2024-07-02,,699
S001732,North India,Smart TV,Basic,2024-07-28,,199
S001733,West India,Laptop,Basic,2024-09-16,,199
S001734,Maharashtra,Smart TV,Basic,2024-01-07,2024-06-20,199
S001735,South India,Smart TV,Standard,2024-03-18,,399
S001736,Maharashtra,Mobile,Premium,2024-07-14,,699
S001737,West India,Smart TV,Basic,2024-03-12,,199
S001738,West India,Laptop,Basic,2024-07-19,,199
S001739,East India,Mobile,Premium,2024-03-23,,699
S001740,Karnataka,Smart TV,Standard,2024-03-19,,399
S001741,East India,Mobile,Basic,2024-07-16,,199
S001742,South India,Laptop,Standard,2024-03-15,,399
S001743,Karnataka,Smart TV,Basic,2024-12-29,,199
S001744,North India,Mobile,Basic,2024-11-02,2025-02-03,199
S001745,West India,Mobile,Standard,2024-03-05,2024-04-11,399
S001746,East India,Mobile,Premium,2024-06-29,,699
S001747,West India,Tablet,Basic,2024-10-25,,199
S001748,East India,Smart TV,Basic,2024-08-31,,199
S001749,North India,Mobile,Standard,2024-09-09,,399
S001750,Karnataka,Laptop,Basic,2024-11-17,,199
S001751,Maharashtra,Mobile,Standard,2024-08-16,,399
S001752,Maharashtra,Mobile,Standard,2024-05-10,,399
S001753,North India,Laptop,Basic,2024-10-11,,199
S001754,Maharashtra,Mobile,Basic,2024-04-17,,199
S001755,West India,Smart TV,Premium,2024-05-02,,699
S001756,North India,Mobile,Standard,2024-05-25,,399
S001757,East India,Mobile,Standard,2024-10-26,,399
S001758,Maharashtra,Laptop,Premium,2024-07-20,,699
S001759,Maharashtra,Laptop,Premium,2024-03-25,,699
S001760,Karnataka,Smart TV,Premium,2024-01-09,2024-04-03,699
S001761,Maharashtra,Laptop,Premium,2024-08-22,,699
S001762,West India,Mobile,Standard,2024-11-16,,399
S001763,Karnataka,Laptop,Basic,2024-04-14,2024-09-30,199
S001764,Maharashtra,Smart TV,Standard,2024-12-04,,399
S001765,North India,Laptop,Basic,2024-04-25,2024-10-20,199
S001766,North India,Laptop,Standard,2024-02-27,,399
S001767,Karnataka,Mobile,Standard,2024-08-04,,399
S001768,East India,Mobile,Standard,2024-11-05,2025-04-17,399
S001769,West India,Smart TV,Standard,2024-02-22,,399
S001770,East India,Laptop,Basic,2024-04-11,,199
S001771,Karnataka,Mobile,Basic,2024-09-06,,199
S001772,South India,Smart TV,Basic,2024-12-16,,199
S001773,Maharashtra,Laptop,Basic,2024-07-31,,199
S001774,Maharashtra,Laptop,Standard,2024-08-13,,399
S001775,Karnataka,Desktop,Basic,2024-02-23,,199
S001776,South India,Smart TV,Basic,2024-05-01,,199
S001777,Karnataka,Smart TV,Basic,2024-08-31,,199
S001778,West India,Laptop,Basic,2024-10-12,,199
S001779,Karnataka,Smart TV,Basic,2024-05-13,,199
S001780,North India,Smart TV,Standard,2024-10-23,2025-01-24,399
S001781,South India,Smart TV,Basic,2024-12-11,2025-02-09,199
S001782,North India,Mobile,Basic,2024-06-16,,199
S001783,Karnataka,Smart TV,Standard,2024-10-08,,399
S001784,North India,Mobile,Premium,2024-04-29,2024-07-02,699
S001785,Karnataka,Laptop,Basic,2024-01-28,,199
S001786,North India,Mobile,Basic,2024-09-11,,199
S001787,Karnataka,Mobile,Basic,2024-10-25,,199
S001788,North India,Tablet,Basic,2024-04-24,,199
S001789,Maharashtra,Mobile,Standard,2024-08-01,,399
S001790,West India,Smart TV,Premium,2024-12-06,,699
S001791,South India,Smart TV,Basic,2024-08-18,,199
S001792,North India,Smart TV,Premium,2024-08-13,,699
S001793,Karnataka,Mobile,Basic,2024-08-11,,199
S001794,South India,Mobile,Basic,2024-08-28,,199
S001795,West India,Desktop,Standard,2024-02-09,,399
S001796,West India,Smart TV,Basic,2024-11-19,,199
S001797,East India,Smart TV,Basic,2024-01-23,,199
S001798,Maharashtra,Laptop,Basic,2024-08-15,,199
S001799,South India,Smart TV,Premium,2024-07-05,,699
S001800,Maharashtra,Tablet,Basic,2024-05-02,2024-06-11,199
S001801,Maharashtra,Laptop,Basic,2024-01-26,,199
S001802,Karnataka,Laptop,Standard,2024-04-05,,399
S001803,North India,Mobile,Basic,2024-04-29,,199
S001804,South India,Laptop,Standard,2024-04-18,,399
S001805,North India,Mobile,Basic,2024-11-28,2025-04-08,199
S001806,Karnataka,Laptop,Basic,2024-05-21,2024-08-30,199
S001807,East India,Smart TV,Premium,2024-08-19,,699
S001808,North India,Mobile,Standard,2024-06-23,,399
S001809,West India,Smart TV,Standard,2024-12-11,,399
S001810,East India,Mobile,Premium,2024-09-05,,699
S001811,South India,Laptop,Basic,2024-03-09,2024-07-23,199
S001812,South India,Mobile,Premium,2024-01-13,,699
S001813,South India,Smart TV,Standard,2024-05-23,2024-09-08,399
S001814,West India,Mobile,Standard,2024-10-05,2025-02-24,399
S001815,Maharashtra,Smart TV,Standard,2024-02-29,,399
S001816,North India,Smart TV,Standard,2024-07-26,2024-10-18,399
S001817,North India,Smart TV,Basic,2024-03-13,,199
S001818,Maharashtra,Laptop,Standard,2024-08-23,,399
S001819,West India,Smart TV,Standard,2024-05-13,,399
S001820,West India,Laptop,Basic,2024-04-08,,199
S001821,Karnataka,Tablet,Premium,2024-02-07,,699
S001822,West India,Mobile,Basic,2024-10-11,,199
S001823,Maharashtra,Laptop,Basic,2024-05-25,,199
S001824,North India,Tablet,Premium,2024-08-31,,699
S001825,East India,Mobile,Basic,2024-01-23,,199
S001826,West India,Smart TV,Basic,2024-11-13,2025-03-22,199
S001827,South India,Mobile,Standard,2024-10-15,,399
S001828,Karnataka,Mobile,Premium,2024-07-04,,699
S001829,Karnataka,Smart TV,Standard,2024-07-09,,399
S001830,South India,Smart TV,Standard,2024-05-21,,399
S001831,West India,Tablet,Premium,2024-10-28,,699
S001832,West India,Desktop,Basic,2024-03-24,,199
S001833,South India,Mobile,Basic,2024-02-21,,199
S001834,Karnataka,Laptop,Basic,2024-12-20,,199
S001835,Karnataka,Mobile,Standard,2024-07-04,,399
S001836,South India,Mobile,Basic,2024-10-12,,199
S001837,South India,Smart TV,Standard,2024-07-11,,399
S001838,Maharashtra,Tablet,Premium,2024-11-05,,699
S001839,West India,Smart TV,Basic,2024-04-10,,199
S001840,South India,Mobile,Premium,2024-02-05,,699
S001841,South India,Mobile,Basic,2024-06-15,2024-07-29,199
S001842,Karnataka,Smart TV,Standard,2024-03-04,,399
S001843,West India,Desktop,Basic,2024-01-16,,199
S001844,West India,Mobile,Basic,2024-06-03,,199
S001845,North India,Tablet,Standard,2024-08-08,,399
S001846,West India,Laptop,Basic,2024-12-03,,199
S001847,East India,Mobile,Premium,2024-11-20,,699
S001848,West India,Mobile,Premium,2024-09-08,,699
S001849,South India,Laptop,Standard,2024-01-24,,399
S001850,South India,Laptop,Standard,2024-01-17,,399
S001851,North India,Smart TV,Basic,2024-03-11,2024-08-05,199
S001852,Maharashtra,Mobile,Basic,2024-03-13,,199
S001853,West India,Smart TV,Basic,2024-09-19,,199
S001854,Karnataka,Tablet,Premium,2024-10-07,2025-03-26,699
S001855,North India,Laptop,Basic,2024-04-07,,199
S001856,South India,Mobile,Basic,2024-11-11,,199
S001857,Maharashtra,Mobile,Basic,2024-10-30,,199
S001858,North India,Mobile,Basic,2024-11-06,,199
S001859,Karnataka,Mobile,Basic,2024-09-13,,199
S001860,East India,Laptop,Standard,2024-12-24,,399
S001861,South India,Laptop,Basic,2024-12-12,,199
S001862,North India,Mobile,Premium,2024-03-18,,699
S001863,South India,Mobile,Basic,2024-10-14,,199
S001864,South India,Mobile,Standard,2024-03-14,,399
S001865,West India,Smart TV,Standard,2024-07-11,,399
S001866,East India,Laptop,Basic,2024-12-19,,199
S001867,East India,Mobile,Premium,2024-09-25,,699
S001868,West India,Mobile,Basic,2024-01-13,,199
S001869,East India,Mobile,Standard,2024-11-07,,399
S001870,Karnataka,Laptop,Premium,2024-06-17,,699
S001871,North India,Laptop,Basic,2024-08-31,,199
S001872,Maharashtra,Laptop,Basic,2024-08-25,,199
S001873,Maharashtra,Mobile,Basic,2024-12-26,,199
S001874,North India,Tablet,Basic,2024-03-21,,199
S001875,Karnataka,Laptop,Basic,2024-08-11,,199
S001876,Karnataka,Laptop,Basic,2024-04-08,,199
S001877,South India,Smart TV,Premium,2024-01-20,,699
S001878,East India,Laptop,Basic,2024-05-10,,199
S001879,East India,Laptop,Basic,2024-06-22,,199
S001880,Maharashtra,Laptop,Basic,2024-11-14,,199
S001881,Karnataka,Mobile,Standard,2024-04-15,,399
S001882,East India,Tablet,Basic,2024-09-17,2024-12-25,199
S001883,Karnataka,Smart TV,Premium,2024-12-19,2025-05-05,699
S001884,Maharashtra,Laptop,Standard,2024-10-07,2024-11-27,399
S001885,West India,Laptop,Standard,2024-08-10,,399
S001886,South India,Laptop,Basic,2024-11-02,,199
S001887,Maharashtra,Tablet,Standard,2024-01-25,2024-04-22,399
S001888,East India,Desktop,Standard,2024-09-26,,399
S001889,Karnataka,Smart TV,Standard,2024-01-16,,399
S001890,North India,Laptop,Standard,2024-11-23,,399
S001891,South India,Laptop,Standard,2024-07-15,2025-01-08,399
S001892,North India,Tablet,Premium,2024-10-13,,699
S001893,East India,Mobile,Basic,2024-09-17,,199
S001894,Karnataka,Tablet,Standard,2024-02-05,,399
S001895,North India,Mobile,Basic,2024-01-17,,199
S001896,South India,Mobile,Basic,2024-03-18,,199
S001897,South India,Laptop,Standard,2024-05-14,,399
S001898,Karnataka,Desktop,Basic,2024-04-18,,199
S001899,West India,Smart TV,Basic,2024-01-18,2024-03-25,199
S001900,North India,Laptop,Standard,2024-01-19,,399
S001901,South India,Laptop,Basic,2024-07-07,,199
S001902,North India,Smart TV,Basic,2024-08-23,,199
S001903,North India,Smart TV,Basic,2024-03-11,,199
S001904,Maharashtra,Mobile,Standard,2024-09-16,,399
S001905,East India,Mobile,Standard,2024-04-26,,399
S001906,Karnataka,Tablet,Basic,2024-07-06,,199
S001907,West India,Mobile,Basic,2024-12-03,2025-02-20,199
S001908,West India,Smart TV,Standard,2024-06-06,,399
S001909,North India,Smart TV,Basic,2024-02-04,,199
S001910,East India,Smart TV,Premium,2024-02-24,,699
S001911,West India,Tablet,Premium,2024-09-14,,699
S001912,Karnataka,Mobile,Basic,2024-02-14,,199
S001913,East India,Laptop,Premium,2024-11-26,,699
S001914,East India,Smart TV,Basic,2024-05-01,,199
S001915,West India,Mobile,Basic,2024-08-11,,199
S001916,South India,Smart TV,Premium,2024-05-08,,699
S001917,East India,Laptop,Premium,2024-07-12,,699
S001918,South India,Tablet,Premium,2024-03-15,,699
S001919,North India,Tablet,Basic,2024-01-28,,199
S001920,West India,Mobile,Basic,2024-04-05,2024-09-04,199
S001921,Maharashtra,Tablet,Standard,2024-11-21,,399
S001922,West India,Mobile,Basic,2024-04-04,,199
S001923,East India,Smart TV,Standard,2024-03-09,,399
S001924,East India,Laptop,Premium,2024-09-05,,699
S001925,North India,Mobile,Basic,2024-05-13,,199
S001926,East India,Tablet,Standard,2024-05-06,,399
S001927,South India,Smart TV,Standard,2024-03-07,,399
S001928,North India,Mobile,Standard,2024-12-14,,399
S001929,Maharashtra,Tablet,Premium,2024-09-03,,699
S001930,West India,Tablet,Basic,2024-02-16,,199
S001931,North India,Smart TV,Basic,2024-12-06,2025-03-13,199
S001932,North India,Mobile,Basic,2024-05-14,2024-08-14,199
S001933,West India,Mobile,Basic,2024-06-20,2024-10-04,199
S001934,East India,Desktop,Standard,2024-06-20,,399
S001935,South India,Smart TV,Premium,2024-11-14,2025-03-28,699
S001936,North India,Mobile,Basic,2024-06-13,,199
S001937,South India,Mobile,Basic,2024-02-02,,199
S001938,North India,Laptop,Standard,2024-01-05,,399
S001939,Maharashtra,Laptop,Basic,2024-08-17,,199
S001940,Karnataka,Mobile,Basic,2024-02-22,,199
S001941,East India,Desktop,Standard,2024-10-03,,399
S001942,West India,Smart TV,Basic,2024-01-15,,199
S001943,West India,Mobile,Standard,2024-11-28,,399
S001944,Karnataka,Smart TV,Basic,2024-07-02,,199
S001945,North India,Desktop,Premium,2024-01-19,,699
S001946,East India,Smart TV,Standard,2024-09-09,,399
S001947,Karnataka,Mobile,Premium,2024-04-19,,699
S001948,Karnataka,Mobile,Premium,2024-01-06,,699
S001949,East India,Mobile,Basic,2024-11-25,,199
S001950,Maharashtra,Laptop,Basic,2024-05-19,,199
S001951,West India,Desktop,Basic,2024-04-18,,199
S001952,Maharashtra,Tablet,Basic,2024-01-21,,199
S001953,South India,Smart TV,Standard,2024-03-13,,399
S001954,East India,Tablet,Basic,2024-10-16,,199
S001955,South India,Mobile,Premium,2024-07-09,,699
S001956,South India,Mobile,Standard,2024-12-17,,399
S001957,Maharashtra,Smart TV,Basic,2024-01-30,,199
S001958,Karnataka,Laptop,Basic,2024-04-14,,199
S001959,West India,Smart TV,Premium,2024-09-28,,699
S001960,Maharashtra,Mobile,Basic,2024-07-25,,199
S001961,Karnataka,Laptop,Premium,2024-06-12,,699
S001962,Karnataka,Mobile,Standard,2024-06-16,,399
S001963,South India,Laptop,Basic,2024-04-21,,199
S001964,South India,Smart TV,Standard,2024-11-27,,399
S001965,Maharashtra,Mobile,Basic,2024-09-23,,199
S001966,East India,Mobile,Basic,2024-09-02,,199
S001967,South India,Smart TV,Standard,2024-03-26,,399
S001968,North India,Mobile,Basic,2024-10-30,2025-04-13,199
S001969,South India,Mobile,Standard,2024-09-01,,399
S001970,Karnataka,Desktop,Standard,2024-09-17,,399
S001971,North India,Mobile,Basic,2024-07-16,,199
S001972,South India,Laptop,Premium,2024-11-05,2024-12-24,699
S001973,North India,Smart TV,Basic,2024-05-30,,199
S001974,Maharashtra,Smart TV,Standard,2024-08-10,,399
S001975,Karnataka,Mobile,Standard,2024-09-18,,399
S001976,South India,Mobile,Premium,2024-04-11,,699
S001977,East India,Mobile,Standard,2024-01-29,,399
S001978,East India,Mobile,Basic,2024-09-23,,199
S001979,East India,Laptop,Standard,2024-05-16,,399
S001980,Maharashtra,Mobile,Basic,2024-02-07,,199
S001981,North India,Tablet,Basic,2024-06-14,,199
S001982,Maharashtra,Mobile,Premium,2024-11-22,,699
S001983,Karnataka,Mobile,Basic,2024-09-05,,199
S001984,West India,Tablet,Basic,2024-11-10,,199
S001985,Karnataka,Smart TV,Standard,2024-03-18,,399
S001986,East India,Mobile,Standard,2024-05-23,,399
S001987,Karnataka,Mobile,Basic,2024-07-25,,199
S001988,Karnataka,Smart TV,Basic,2024-10-28,,199
S001989,South India,Mobile,Basic,2024-02-27,,199
S001990,South India,Smart TV,Standard,2024-05-29,,399
S001991,North India,Laptop,Standard,2024-05-30,,399
S001992,West India,Mobile,Basic,2024-02-23,,199
S001993,West India,Mobile,Basic,2024-12-25,2025-06-14,199
S001994,Maharashtra,Smart TV,Premium,2024-07-09,,699
S001995,East India,Smart TV,Premium,2024-04-13,,699
S001996,South India,Tablet,Basic,2024-02-22,,199
S001997,South India,Smart TV,Basic,2024-07-10,2024-11-14,199
S001998,Karnataka,Laptop,Basic,2024-01-17,,199
S001999,Maharashtra,Mobile,Basic,2024-04-21,,199
S002000,East India,Smart TV,Standard,2024-12-11,,399
S002001,West India,Smart TV,Standard,2024-09-28,,399
S002002,East India,Tablet,Premium,2024-07-30,,699
S002003,Maharashtra,Smart TV,Basic,2024-11-04,,199
S002004,East India,Laptop,Basic,2024-07-10,,199
S002005,Karnataka,Mobile,Basic,2024-03-19,,199
S002006,Karnataka,Laptop,Basic,2024-05-11,,199
S002007,North India,Mobile,Premium,2024-02-07,,699
S002008,South India,Laptop,Premium,2024-02-19,,699
S002009,Karnataka,Laptop,Basic,2024-05-19,,199
S002010,South India,Smart TV,Basic,2024-04-25,,199
S002011,Maharashtra,Mobile,Standard,2024-09-30,2024-12-26,399
S002012,South India,Mobile,Basic,2024-09-10,,199
S002013,Karnataka,Laptop,Basic,2024-04-04,,199
S002014,Maharashtra,Smart TV,Basic,2024-05-10,,199
S002015,North India,Smart TV,Basic,2024-04-29,,199
S002016,Karnataka,Tablet,Premium,2024-02-06,,699
S002017,Karnataka,Mobile,Premium,2024-01-10,2024-04-16,699
S002018,North India,Smart TV,Basic,2024-04-18,,199
S002019,Maharashtra,Mobile,Standard,2024-12-06,,399
S002020,Maharashtra,Smart TV,Premium,2024-11-03,,699
S002021,West India,Smart TV,Basic,2024-09-07,2024-12-05,199
S002022,Karnataka,Tablet,Premium,2024-04-22,,699
S002023,East India,Mobile,Basic,2024-02-06,2024-05-31,199
S002024,East India,Tablet,Premium,2024-07-27,,699
S002025,South India,Mobile,Basic,2024-11-18,,199
S002026,West India,Desktop,Standard,2024-02-08,,399
S002027,South India,Smart TV,Basic,2024-01-28,,199
S002028,North India,Mobile,Basic,2024-06-15,2024-10-11,199
S002029,South India,Mobile,Premium,2024-04-26,2024-07-19,699
S002030,Maharashtra,Laptop,Premium,2024-04-25,,699
S002031,Maharashtra,Desktop,Standard,2024-10-24,,399
S002032,West India,Smart TV,Standard,2024-01-13,,399
S002033,West India,Smart TV,Standard,2024-11-26,,399
S002034,Maharashtra,Laptop,Basic,2024-08-09,,199
S002035,East India,Smart TV,Standard,2024-07-03,,399
S002036,Karnataka,Smart TV,Standard,2024-11-02,,399
S002037,West India,Tablet,Standard,2024-12-28,,399
S002038,North India,Smart TV,Basic,2024-07-04,,199
S002039,South India,Tablet,Standard,2024-10-05,2024-11-05,399
S002040,East India,Smart TV,Basic,2024-08-31,,199
S002041,Maharashtra,Smart TV,Basic,2024-04-22,,199
S002042,South India,Mobile,Premium,2024-11-01,,699
S002043,North India,Desktop,Basic,2024-01-15,,199
S002044,Maharashtra,Smart TV,Basic,2024-01-08,,199
S002045,West India,Laptop,Premium,2024-09-16,,699
S002046,North India,Mobile,Basic,2024-10-07,2024-11-17,199
S002047,Karnataka,Tablet,Standard,2024-05-12,,399
S002048,Maharashtra,Smart TV,Standard,2024-07-01,,399
S002049,Maharashtra,Smart TV,Standard,2024-01-15,,399
S002050,East India,Mobile,Basic,2024-05-28,,199
S002051,Maharashtra,Mobile,Basic,2024-01-06,,199
S002052,Karnataka,Mobile,Standard,2024-09-27,,399
S002053,West India,Laptop,Basic,2024-09-04,,199
S002054,East India,Mobile,Basic,2024-02-21,,199
S002055,East India,Smart TV,Basic,2024-06-15,,199
S002056,East India,Laptop,Basic,2024-05-21,2024-07-25,199
S002057,North India,Laptop,Basic,2024-12-30,,199
S002058,North India,Laptop,Standard,2024-03-15,,399
S002059,East India,Laptop,Basic,2024-01-16,2024-05-31,199
S002060,East India,Mobile,Basic,2024-06-03,,199
S002061,West India,Mobile,Basic,2024-05-28,,199
S002062,Karnataka,Laptop,Basic,2024-08-04,,199
S002063,North India,Mobile,Basic,2024-03-27,,199
S002064,North India,Mobile,Basic,2024-02-15,2024-04-16,199
S002065,East India,Laptop,Basic,2024-01-18,,199
S002066,South India,Smart TV,Basic,2024-10-20,,199
S002067,East India,Tablet,Premium,2024-04-27,,699
S002068,West India,Laptop,Basic,2024-04-12,,199
S002069,Karnataka,Smart TV,Basic,2024-11-08,,199
S002070,South India,Mobile,Premium,2024-04-02,,699
S002071,West India,Tablet,Basic,2024-06-03,,199
S002072,Karnataka,Laptop,Premium,2024-09-07,,699
S002073,North India,Laptop,Basic,2024-02-20,,199
S002074,North India,Tablet,Basic,2024-07-23,2024-08-22,199
S002075,East India,Smart TV,Basic,2024-01-14,,199
S002076,North India,Laptop,Standard,2024-03-29,2024-07-31,399
S002077,North India,Mobile,Basic,2024-10-07,2024-11-30,199
S002078,Maharashtra,Laptop,Standard,2024-11-08,,399
S002079,East India,Tablet,Premium,2024-05-16,2024-07-13,699
S002080,East India,Smart TV,Premium,2024-12-15,,699
S002081,Karnataka,Smart TV,Basic,2024-09-11,,199
S002082,South India,Mobile,Premium,2024-11-07,,699
S002083,East India,Mobile,Basic,2024-06-04,,199
S002084,Maharashtra,Laptop,Basic,2024-02-24,2024-07-19,199
S002085,West India,Smart TV,Basic,2024-07-07,,199
S002086,East India,Mobile,Standard,2024-06-29,,399
S002087,Maharashtra,Laptop,Basic,2024-06-10,,199
S002088,South India,Tablet,Premium,2024-10-01,,699
S002089,East India,Laptop,Premium,2024-11-28,,699
S002090,North India,Mobile,Standard,2024-12-04,,399
S002091,North India,Smart TV,Premium,2024-10-30,,699
S002092,North India,Smart TV,Premium,2024-09-01,,699
S002093,North India,Smart TV,Premium,2024-05-06,2024-08-09,699
S002094,East India,Smart TV,Basic,2024-12-28,,199
S002095,East India,Mobile,Basic,2024-05-24,,199
S002096,South India,Mobile,Basic,2024-11-20,,199
S002097,Maharashtra,Mobile,Basic,2024-08-26,,199
S002098,Karnataka,Mobile,Basic,2024-08-01,,199
S002099,Maharashtra,Tablet,Premium,2024-04-01,,699
S002100,West India,Smart TV,Premium,2024-06-24,,699
S002101,East India,Smart TV,Premium,2024-12-21,,699
S002102,South India,Desktop,Premium,2024-01-11,,699
S002103,Karnataka,Desktop,Standard,2024-08-07,,399
S002104,East India,Mobile,Premium,2024-03-03,,699
S002105,Karnataka,Mobile,Basic,2024-03-10,,199
S002106,Maharashtra,Smart TV,Basic,2024-09-20,,199
S002107,Karnataka,Smart TV,Basic,2024-04-09,2024-06-29,199
S002108,Maharashtra,Mobile,Premium,2024-07-01,,699
S002109,South India,Laptop,Basic,2024-08-25,,199
S002110,South India,Tablet,Basic,2024-11-25,,199
S002111,South India,Smart TV,Standard,2024-02-15,2024-03-23,399
S002112,East India,Tablet,Premium,2024-11-30,,699
S002113,Maharashtra,Laptop,Premium,2024-04-30,,699
S002114,Karnataka,Smart TV,Standard,2024-01-13,,399
S002115,North India,Laptop,Standard,2024-03-29,,399
S002116,East India,Mobile,Basic,2024-06-09,,199
S002117,South India,Desktop,Basic,2024-04-07,,199
S002118,West India,Laptop,Basic,2024-12-22,,199
S002119,North India,Mobile,Premium,2024-12-18,,699
S002120,Maharashtra,Smart TV,Basic,2024-06-17,,199
S002121,West India,Mobile,Basic,2024-01-09,2024-03-11,199
S002122,East India,Mobile,Standard,2024-10-16,,399
S002123,Maharashtra,Mobile,Basic,2024-09-29,,199
S002124,East India,Desktop,Premium,2024-09-19,2024-11-11,699
S002125,East India,Laptop,Standard,2024-06-20,,399
S002126,Karnataka,Smart TV,Standard,2024-08-01,,399
S002127,Karnataka,Tablet,Premium,2024-03-15,,699
S002128,West India,Mobile,Premium,2024-08-16,,699
S002129,North India,Mobile,Standard,2024-12-23,,399
S002130,South India,Laptop,Basic,2024-02-18,,199
S002131,East India,Mobile,Standard,2024-01-07,,399
S002132,South India,Smart TV,Standard,2024-02-11,,399
S002133,Maharashtra,Tablet,Basic,2024-10-14,,199
S002134,East India,Mobile,Premium,2024-04-12,,699
S002135,Maharashtra,Mobile,Standard,2024-04-26,,399
S002136,West India,Mobile,Basic,2024-02-22,,199
S002137,West India,Desktop,Basic,2024-12-17,,199
S002138,East India,Smart TV,Premium,2024-03-27,,699
S002139,North India,Smart TV,Basic,2024-12-16,,199
S002140,North India,Smart TV,Basic,2024-04-23,,199
S002141,North India,Tablet,Basic,2024-12-29,,199
S002142,West India,Smart TV,Basic,2024-09-09,,199
S002143,Karnataka,Laptop,Basic,2024-03-01,,199
S002144,Maharashtra,Laptop,Basic,2024-07-06,,199
S002145,Karnataka,Tablet,Premium,2024-01-13,,699
S002146,West India,Mobile,Basic,2024-01-30,2024-06-25,199
S002147,North India,Mobile,Basic,2024-12-11,,199
S002148,East India,Mobile,Premium,2024-08-31,,699
S002149,South India,Tablet,Premium,2024-03-02,,699
S002150,Maharashtra,Mobile,Basic,2024-09-12,,199
S002151,Maharashtra,Desktop,Basic,2024-02-09,,199
S002152,South India,Smart TV,Basic,2024-09-15,,199
S002153,North India,Mobile,Basic,2024-07-13,,199
S002154,Karnataka,Smart TV,Standard,2024-01-15,,399
S002155,South India,Mobile,Basic,2024-03-07,,199
S002156,East India,Mobile,Standard,2024-02-08,,399
S002157,East India,Laptop,Standard,2024-02-12,,399
S002158,Karnataka,Laptop,Basic,2024-10-22,,199
S002159,West India,Smart TV,Standard,2024-11-06,,399
S002160,Karnataka,Laptop,Basic,2024-06-14,,199
S002161,North India,Smart TV,Standard,2024-03-13,,399
S002162,North India,Desktop,Basic,2024-07-28,,199
S002163,East India,Tablet,Basic,2024-12-07,2025-01-14,199
S002164,North India,Laptop,Standard,2024-11-13,,399
S002165,Karnataka,Mobile,Basic,2024-07-27,,199
S002166,Maharashtra,Smart TV,Basic,2024-04-01,,199
S002167,Karnataka,Laptop,Basic,2024-02-14,,199
S002168,East India,Mobile,Basic,2024-02-04,,199
S002169,Maharashtra,Mobile,Basic,2024-09-29,,199
S002170,East India,Laptop,Basic,2024-05-21,,199
S002171,Maharashtra,Desktop,Basic,2024-03-02,,199
S002172,Karnataka,Laptop,Premium,2024-02-23,,699
S002173,East India,Smart TV,Premium,2024-10-27,,699
S002174,Karnataka,Laptop,Premium,2024-08-31,,699
S002175,East India,Mobile,Basic,2024-04-12,,199
S002176,Karnataka,Smart TV,Standard,2024-03-23,,399
S002177,North India,Mobile,Basic,2024-01-10,,199
S002178,North India,Smart TV,Basic,2024-11-13,2025-01-26,199
S002179,South India,Laptop,Basic,2024-12-27,,199
S002180,South India,Desktop,Basic,2024-05-10,,199
S002181,North India,Smart TV,Standard,2024-11-24,,399
S002182,East India,Mobile,Premium,2024-04-20,,699
S002183,South India,Smart TV,Basic,2024-07-12,2024-11-04,199
S002184,Karnataka,Mobile,Basic,2024-05-10,,199
S002185,Karnataka,Mobile,Standard,2024-07-26,2024-10-01,399
S002186,North India,Laptop,Basic,2024-11-14,2025-01-30,199
S002187,North India,Mobile,Standard,2024-08-05,,399
S002188,South India,Smart TV,Basic,2024-08-01,,199
S002189,North India,Laptop,Premium,2024-05-08,,699
S002190,South India,Mobile,Basic,2024-05-12,,199
S002191,Karnataka,Tablet,Basic,2024-03-17,,199
S002192,East India,Mobile,Premium,2024-05-07,,699
S002193,Maharashtra,Mobile,Standard,2024-04-02,,399
S002194,East India,Mobile,Basic,2024-05-16,,199
S002195,North India,Smart TV,Standard,2024-01-03,,399
S002196,North India,Smart TV,Basic,2024-05-01,,199
S002197,North India,Smart TV,Basic,2024-03-19,2024-07-08,199
S002198,Karnataka,Smart TV,Standard,2024-11-11,2025-03-09,399
S002199,Maharashtra,Mobile,Basic,2024-04-24,2024-08-20,199
S002200,North India,Laptop,Standard,2024-10-28,,399
S002201,North India,Mobile,Basic,2024-09-19,2024-11-01,199
S002202,East India,Desktop,Premium,2024-11-07,2025-04-14,699
S002203,Maharashtra,Smart TV,Standard,2024-03-05,,399
S002204,Karnataka,Desktop,Standard,2024-10-04,,399
S002205,Maharashtra,Mobile,Basic,2024-08-04,,199
S002206,North India,Mobile,Basic,2024-04-02,,199
S002207,South India,Mobile,Standard,2024-10-31,2025-02-23,399
S002208,Karnataka,Laptop,Premium,2024-08-31,2025-02-10,699
S002209,East India,Mobile,Standard,2024-03-15,,399
S002210,South India,Laptop,Standard,2024-06-15,,399
S002211,Maharashtra,Desktop,Basic,2024-04-19,2024-09-17,199
S002212,North India,Smart TV,Basic,2024-03-07,,199
S002213,East India,Smart TV,Basic,2024-11-27,,199
S002214,North India,Smart TV,Basic,2024-12-19,,199
S002215,Karnataka,Tablet,Standard,2024-05-15,,399
S002216,Maharashtra,Smart TV,Basic,2024-03-19,2024-05-10,199
S002217,Maharashtra,Mobile,Premium,2024-03-22,,699
S002218,Karnataka,Smart TV,Standard,2024-08-11,2024-11-12,399
S002219,North India,Desktop,Standard,2024-09-10,,399
S002220,West India,Laptop,Premium,2024-12-18,,699
S002221,Maharashtra,Laptop,Basic,2024-08-13,,199
S002222,East India,Mobile,Basic,2024-07-29,,199
S002223,North India,Tablet,Standard,2024-08-07,2024-09-17,399
S002224,South India,Desktop,Premium,2024-05-26,,699
S002225,South India,Mobile,Basic,2024-01-02,,199
S002226,West India,Smart TV,Basic,2024-08-09,,199
S002227,South India,Laptop,Basic,2024-07-18,,199
S002228,Maharashtra,Laptop,Basic,2024-11-14,,199
S002229,South India,Mobile,Premium,2024-12-01,,699
S002230,South India,Smart TV,Standard,2024-12-18,,399
S002231,North India,Mobile,Standard,2024-09-18,,399
S002232,North India,Laptop,Premium,2024-12-21,,699
S002233,Maharashtra,Smart TV,Premium,2024-03-14,,699
S002234,Maharashtra,Smart TV,Standard,2024-09-26,,399
S002235,West India,Mobile,Standard,2024-11-10,,399
S002236,East India,Mobile,Basic,2024-02-11,,199
S002237,West India,Smart TV,Basic,2024-12-04,,199
S002238,North India,Laptop,Basic,2024-11-02,2025-01-04,199
S002239,Maharashtra,Mobile,Basic,2024-02-26,,199
S002240,South India,Smart TV,Basic,2024-11-10,,199
S002241,South India,Mobile,Standard,2024-05-05,,399
S002242,West India,Mobile,Basic,2024-08-04,,199
S002243,South India,Smart TV,Basic,2024-08-16,,199
S002244,West India,Smart TV,Basic,2024-01-16,,199
S002245,West India,Tablet,Premium,2024-04-28,,699
S002246,East India,Mobile,Standard,2024-04-17,,399
S002247,Karnataka,Mobile,Basic,2024-05-22,,199
S002248,Karnataka,Laptop,Basic,2024-05-12,,199
S002249,East India,Mobile,Basic,2024-10-08,,199
S002250,East India,Mobile,Standard,2024-03-27,,399
S002251,West India,Smart TV,Premium,2024-02-10,,699
S002252,South India,Smart TV,Basic,2024-06-30,,199
S002253,East India,Mobile,Basic,2024-05-09,2024-10-29,199
S002254,Maharashtra,Laptop,Basic,2024-08-14,,199
S002255,South India,Mobile,Premium,2024-07-30,,699
S002256,North India,Smart TV,Basic,2024-11-01,,199
S002257,South India,Smart TV,Standard,2024-07-22,,399
S002258,East India,Smart TV,Premium,2024-06-14,,699
S002259,East India,Smart TV,Basic,2024-09-05,,199
S002260,West India,Tablet,Basic,2024-02-19,,199
S002261,Maharashtra,Mobile,Basic,2024-11-29,,199
S002262,Maharashtra,Smart TV,Premium,2024-06-20,2024-10-21,699
S002263,Maharashtra,Mobile,Basic,2024-07-14,,199
S002264,Maharashtra,Laptop,Basic,2024-11-28,,199
S002265,Karnataka,Tablet,Standard,2024-11-30,2025-05-11,399
S002266,Maharashtra,Smart TV,Basic,2024-12-15,,199
S002267,West India,Mobile,Standard,2024-08-10,,399
S002268,South India,Smart TV,Basic,2024-07-07,,199
S002269,East India,Laptop,Standard,2024-01-11,,399
S002270,West India,Laptop,Basic,2024-11-16,,199
S002271,Karnataka,Mobile,Premium,2024-06-30,2024-12-19,699
S002272,East India,Smart TV,Premium,2024-08-28,,699
S002273,South India,Mobile,Basic,2024-11-26,2025-01-13,199
S002274,West India,Tablet,Premium,2024-05-16,,699
S002275,East India,Tablet,Basic,2024-07-15,,199
S002276,Maharashtra,Mobile,Standard,2024-03-12,,399
S002277,Karnataka,Smart TV,Standard,2024-03-22,2024-08-10,399
S002278,East India,Smart TV,Standard,2024-11-11,,399
S002279,East India,Smart TV,Basic,2024-12-21,2025-01-28,199
S002280,East India,Mobile,Premium,2024-05-21,,699
S002281,West India,Tablet,Basic,2024-01-08,,199
S002282,Maharashtra,Mobile,Standard,2024-09-02,,399
S002283,East India,Smart TV,Standard,2024-09-21,,399
S002284,Maharashtra,Smart TV,Basic,2024-03-13,,199
S002285,Maharashtra,Mobile,Standard,2024-03-12,,399
S002286,North India,Laptop,Basic,2024-10-19,,199
S002287,South India,Laptop,Basic,2024-06-17,,199
S002288,Maharashtra,Mobile,Standard,2024-11-12,2025-02-26,399
S002289,West India,Mobile,Basic,2024-11-15,,199
S002290,South India,Mobile,Basic,2024-06-09,,199
S002291,West India,Smart TV,Standard,2024-08-10,,399
S002292,East India,Smart TV,Standard,2024-06-15,,399
S002293,Maharashtra,Mobile,Basic,2024-07-07,,199
S002294,Karnataka,Smart TV,Basic,2024-06-29,,199
S002295,Karnataka,Mobile,Premium,2024-05-09,,699
S002296,Maharashtra,Mobile,Premium,2024-09-01,,699
S002297,West India,Laptop,Basic,2024-05-13,,199
S002298,West India,Laptop,Standard,2024-06-03,,399
S002299,North India,Laptop,Basic,2024-08-17,,199
S002300,South India,Mobile,Standard,2024-10-27,,399
S002301,North India,Laptop,Standard,2024-01-16,,399
S002302,East India,Smart TV,Basic,2024-02-12,,199
S002303,South India,Smart TV,Basic,2024-03-10,,199
S002304,Maharashtra,Laptop,Basic,2024-09-02,2024-11-21,199
S002305,Maharashtra,Mobile,Standard,2024-12-11,,399
S002306,East India,Laptop,Premium,2024-08-27,2024-10-26,699
S002307,South India,Mobile,Basic,2024-05-24,,199
S002308,West India,Smart TV,Basic,2024-04-14,,199
S002309,East India,Mobile,Standard,2024-03-25,,399
S002310,North India,Smart TV,Basic,2024-10-15,,199
S002311,West India,Smart TV,Standard,2024-06-22,,399
S002312,East India,Mobile,Basic,2024-04-20,,199
S002313,Karnataka,Tablet,Standard,2024-05-24,,399
S002314,West India,Smart TV,Basic,2024-12-25,,199
S002315,West India,Smart TV,Basic,2024-11-04,,199
S002316,South India,Laptop,Standard,2024-05-08,,399
S002317,Karnataka,Mobile,Standard,2024-01-03,,399
S002318,Karnataka,Laptop,Basic,2024-09-02,,199
S002319,West India,Mobile,Basic,2024-08-05,2025-01-30,199
S002320,East India,Laptop,Basic,2024-09-13,,199
S002321,Karnataka,Desktop,Basic,2024-11-01,,199
S002322,North India,Mobile,Basic,2024-04-27,,199
S002323,West India,Smart TV,Standard,2024-06-19,,399
S002324,Maharashtra,Laptop,Standard,2024-01-17,,399
S002325,Karnataka,Mobile,Basic,2024-09-07,,199
S002326,South India,Mobile,Basic,2024-04-26,,199
S002327,Maharashtra,Desktop,Basic,2024-07-07,2024-09-10,199
S002328,Karnataka,Smart TV,Basic,2024-01-06,,199
S002329,North India,Desktop,Basic,2024-04-19,,199
S002330,West India,Mobile,Basic,2024-08-01,2024-11-08,199
S002331,West India,Smart TV,Basic,2024-04-18,2024-09-03,199
S002332,East India,Smart TV,Basic,2024-07-24,,199
S002333,North India,Desktop,Standard,2024-02-18,,399
S002334,North India,Mobile,Standard,2024-03-12,,399
S002335,North India,Laptop,Basic,2024-09-24,,199
S002336,Karnataka,Mobile,Standard,2024-04-22,,399
S002337,South India,Mobile,Premium,2024-12-12,,699
S002338,East India,Smart TV,Premium,2024-11-04,,699
S002339,Maharashtra,Smart TV,Standard,2024-10-03,,399
S002340,North India,Mobile,Standard,2024-01-27,,399
S002341,North India,Tablet,Premium,2024-10-25,,699
S002342,West India,Smart TV,Standard,2024-02-03,,399
S002343,North India,Mobile,Premium,2024-01-28,,699
S002344,Karnataka,Laptop,Basic,2024-10-13,,199
S002345,West India,Smart TV,Standard,2024-11-06,,399
S002346,West India,Mobile,Basic,2024-03-05,,199
S002347,South India,Laptop,Premium,2024-12-08,,699
S002348,North India,Smart TV,Premium,2024-01-25,,699
S002349,West India,Mobile,Standard,2024-06-28,,399
S002350,East India,Laptop,Basic,2024-07-19,,199
S002351,Maharashtra,Tablet,Basic,2024-04-16,2024-10-05,199
S002352,Karnataka,Smart TV,Basic,2024-11-29,,199
S002353,East India,Mobile,Basic,2024-05-26,2024-08-10,199
S002354,West India,Mobile,Standard,2024-06-22,,399
S002355,Maharashtra,Mobile,Standard,2024-12-07,,399
S002356,West India,Mobile,Basic,2024-08-07,,199
S002357,Maharashtra,Laptop,Standard,2024-01-15,2024-04-04,399
S002358,Karnataka,Laptop,Standard,2024-05-02,,399
S002359,South India,Mobile,Standard,2024-12-29,,399
S002360,Maharashtra,Mobile,Standard,2024-11-03,,399
S002361,South India,Mobile,Premium,2024-05-25,,699
S002362,North India,Smart TV,Basic,2024-01-03,,199
S002363,Karnataka,Mobile,Premium,2024-08-07,,699
S002364,Karnataka,Tablet,Standard,2024-09-16,,399
S002365,North India,Mobile,Basic,2024-08-02,2025-01-04,199
S002366,West India,Mobile,Basic,2024-07-12,2024-10-28,199
S002367,Karnataka,Mobile,Premium,2024-12-12,,699
S002368,South India,Tablet,Basic,2024-02-03,,199
S002369,South India,Laptop,Basic,2024-05-16,,199
S002370,Karnataka,Desktop,Premium,2024-09-06,,699
S002371,North India,Smart TV,Premium,2024-08-21,,699
S002372,West India,Desktop,Standard,2024-01-04,,399
S002373,Karnataka,Smart TV,Standard,2024-10-01,,399
S002374,East India,Smart TV,Premium,2024-01-31,,699
S002375,South India,Mobile,Standard,2024-05-18,2024-07-30,399
S002376,Maharashtra,Smart TV,Basic,2024-11-16,,199
S002377,East India,Smart TV,Basic,2024-05-16,2024-11-06,199
S002378,East India,Smart TV,Basic,2024-02-02,,199
S002379,North India,Mobile,Premium,2024-08-19,,699
S002380,Maharashtra,Tablet,Standard,2024-06-18,,399
S002381,South India,Smart TV,Basic,2024-03-07,,199
S002382,Maharashtra,Mobile,Standard,2024-02-29,2024-05-04,399
S002383,North India,Smart TV,Standard,2024-07-09,,399
S002384,Maharashtra,Mobile,Standard,2024-11-30,2025-01-26,399
S002385,West India,Mobile,Standard,2024-08-28,,399
S002386,South India,Laptop,Basic,2024-10-29,,199
S002387,East India,Tablet,Basic,2024-05-14,,199
S002388,East India,Smart TV,Premium,2024-11-29,,699
S002389,West India,Mobile,Basic,2024-11-05,,199
S002390,South India,Mobile,Premium,2024-03-31,2024-06-24,699
S002391,West India,Smart TV,Basic,2024-01-24,2024-06-10,199
S002392,Maharashtra,Smart TV,Premium,2024-07-25,,699
S002393,Maharashtra,Mobile,Basic,2024-02-04,,199
S002394,Karnataka,Smart TV,Basic,2024-12-14,,199
S002395,Karnataka,Smart TV,Standard,2024-09-25,,399
S002396,South India,Laptop,Premium,2024-04-08,,699
S002397,South India,Tablet,Premium,2024-02-16,2024-05-07,699
S002398,Karnataka,Smart TV,Basic,2024-05-19,,199
S002399,North India,Desktop,Standard,2024-06-10,,399
S002400,Maharashtra,Mobile,Premium,2024-04-16,2024-08-26,699
S002401,South India,Tablet,Basic,2024-06-03,2024-11-05,199
S002402,East India,Mobile,Standard,2024-03-27,,399
S002403,South India,Smart TV,Basic,2024-08-10,2024-11-01,199
S002404,North India,Smart TV,Standard,2024-02-21,,399
S002405,North India,Mobile,Standard,2024-01-07,,399
S002406,West India,Smart TV,Basic,2024-07-04,,199
S002407,East India,Laptop,Standard,2024-04-28,,399
S002408,Maharashtra,Smart TV,Standard,2024-06-05,,399
S002409,Karnataka,Smart TV,Standard,2024-11-20,,399
S002410,Maharashtra,Laptop,Standard,2024-06-02,,399
S002411,Karnataka,Desktop,Basic,2024-09-15,,199
S002412,West India,Laptop,Premium,2024-11-24,,699
S002413,South India,Mobile,Basic,2024-09-28,,199
S002414,West India,Smart TV,Standard,2024-07-27,2024-12-16,399
S002415,East India,Smart TV,Premium,2024-08-05,,699
S002416,West India,Laptop,Premium,2024-02-24,,699
S002417,South India,Mobile,Basic,2024-02-10,,199
S002418,Karnataka,Laptop,Basic,2024-06-28,,199
S002419,South India,Laptop,Basic,2024-06-04,,199
S002420,North India,Smart TV,Premium,2024-06-04,,699
S002421,Maharashtra,Smart TV,Standard,2024-05-30,,399
S002422,South India,Tablet,Premium,2024-01-09,,699
S002423,North India,Mobile,Basic,2024-08-15,,199
S002424,South India,Laptop,Basic,2024-02-15,,199
S002425,North India,Mobile,Standard,2024-05-04,,399
S002426,East India,Mobile,Standard,2024-11-23,,399
S002427,Karnataka,Tablet,Basic,2024-03-16,,199
S002428,East India,Mobile,Basic,2024-09-21,,199
S002429,East India,Mobile,Basic,2024-01-31,,199
S002430,Karnataka,Mobile,Standard,2024-05-19,,399
S002431,South India,Tablet,Basic,2024-10-29,,199
S002432,Maharashtra,Tablet,Premium,2024-11-01,,699
S002433,Maharashtra,Laptop,Basic,2024-04-30,,199
S002434,East India,Laptop,Premium,2024-05-15,,699
S002435,South India,Mobile,Basic,2024-02-20,2024-07-26,199
S002436,South India,Mobile,Standard,2024-11-06,,399
S002437,North India,Laptop,Standard,2024-11-07,,399
S002438,Karnataka,Tablet,Standard,2024-10-28,,399
S002439,Maharashtra,Mobile,Premium,2024-07-31,,699
S002440,North India,Smart TV,Standard,2024-11-13,2025-04-21,399
S002441,North India,Laptop,Premium,2024-06-24,,699
S002442,Karnataka,Smart TV,Premium,2024-08-15,,699
S002443,Maharashtra,Mobile,Basic,2024-11-01,,199
S002444,South India,Tablet,Standard,2024-07-11,,399
S002445,Maharashtra,Mobile,Standard,2024-10-23,,399
S002446,West India,Smart TV,Basic,2024-06-16,,199
S002447,North India,Smart TV,Basic,2024-01-19,,199
S002448,East India,Tablet,Standard,2024-06-06,,399
S002449,Maharashtra,Desktop,Standard,2024-06-07,2024-12-01,399
S002450,South India,Smart TV,Premium,2024-04-05,,699
S002451,Maharashtra,Laptop,Basic,2024-01-02,2024-06-07,199
S002452,Maharashtra,Smart TV,Standard,2024-06-24,,399
S002453,South India,Smart TV,Standard,2024-12-26,,399
S002454,East India,Laptop,Premium,2024-07-12,,699
S002455,South India,Smart TV,Basic,2024-01-18,,199
S002456,South India,Smart TV,Basic,2024-05-20,,199
S002457,Karnataka,Smart TV,Basic,2024-10-16,,199
S002458,South India,Laptop,Premium,2024-03-16,,699
S002459,West India,Smart TV,Basic,2024-01-12,,199
S002460,South India,Smart TV,Basic,2024-09-06,,199
S002461,West India,Mobile,Premium,2024-10-26,,699
S002462,Maharashtra,Smart TV,Basic,2024-04-06,2024-05-11,199
S002463,North India,Laptop,Basic,2024-05-02,,199
S002464,East India,Laptop,Premium,2024-07-22,,699
S002465,South India,Mobile,Premium,2024-09-22,,699
S002466,Maharashtra,Mobile,Standard,2024-05-17,2024-09-12,399
S002467,East India,Smart TV,Basic,2024-04-19,,199
S002468,East India,Laptop,Basic,2024-07-08,,199
S002469,Maharashtra,Laptop,Basic,2024-07-16,2024-12-28,199
S002470,West India,Mobile,Basic,2024-02-13,,199
S002471,Karnataka,Mobile,Basic,2024-11-28,,199
S002472,East India,Mobile,Basic,2024-05-27,,199
S002473,North India,Mobile,Basic,2024-08-26,,199
S002474,West India,Smart TV,Basic,2024-09-16,,199
S002475,North India,Mobile,Basic,2024-06-01,,199
S002476,South India,Tablet,Basic,2024-06-12,,199
S002477,Karnataka,Mobile,Standard,2024-10-30,,399
S002478,Karnataka,Mobile,Standard,2024-06-20,,399
S002479,Maharashtra,Laptop,Basic,2024-11-24,,199
S002480,North India,Smart TV,Standard,2024-01-07,,399
S002481,East India,Mobile,Standard,2024-01-21,,399
S002482,Maharashtra,Laptop,Standard,2024-12-25,2025-05-13,399
S002483,West India,Mobile,Premium,2024-02-29,,699
S002484,Maharashtra,Mobile,Premium,2024-03-31,,699
S002485,North India,Mobile,Standard,2024-04-07,,399
S002486,South India,Mobile,Basic,2024-08-10,,199
S002487,West India,Mobile,Premium,2024-04-09,2024-10-02,699
S002488,West India,Desktop,Premium,2024-01-25,,699
S002489,Maharashtra,Laptop,Premium,2024-03-21,,699
S002490,South India,Tablet,Basic,2024-04-30,,199
S002491,North India,Tablet,Standard,2024-12-28,,399
S002492,South India,Laptop,Basic,2024-02-25,2024-06-25,199
S002493,West India,Laptop,Premium,2024-10-09,,699
S002494,Karnataka,Smart TV,Basic,2024-07-20,2024-11-11,199
S002495,North India,Mobile,Standard,2024-11-26,,399
S002496,West India,Mobile,Basic,2024-05-27,,199
S002497,West India,Laptop,Basic,2024-10-09,,199
S002498,Karnataka,Laptop,Basic,2024-11-18,,199
S002499,South India,Desktop,Basic,2024-04-19,,199
S002500,North India,Mobile,Basic,2024-10-02,,199
S002501,Karnataka,Desktop,Basic,2024-10-20,,199
S002502,Karnataka,Laptop,Basic,2024-07-11,,199
S002503,Maharashtra,Mobile,Standard,2024-04-02,2024-06-21,399
S002504,East India,Mobile,Basic,2024-09-05,,199
S002505,Karnataka,Mobile,Basic,2024-10-13,,199
S002506,East India,Mobile,Basic,2024-05-23,,199
S002507,West India,Desktop,Basic,2024-09-09,,199
S002508,South India,Laptop,Basic,2024-02-21,2024-07-22,199
S002509,Karnataka,Smart TV,Standard,2024-11-22,,399
S002510,Karnataka,Smart TV,Basic,2024-08-27,,199
S002511,West India,Laptop,Basic,2024-12-16,,199
S002512,Maharashtra,Laptop,Standard,2024-07-20,,399
S002513,East India,Smart TV,Standard,2024-11-30,,399
S002514,East India,Smart TV,Basic,2024-01-02,,199
S002515,North India,Smart TV,Standard,2024-01-28,2024-06-14,399
S002516,East India,Tablet,Standard,2024-06-05,,399
S002517,Karnataka,Mobile,Basic,2024-06-30,,199
S002518,Maharashtra,Mobile,Standard,2024-11-24,,399
S002519,South India,Desktop,Basic,2024-09-15,,199
S002520,Karnataka,Smart TV,Standard,2024-07-04,,399
S002521,South India,Laptop,Basic,2024-11-26,,199
S002522,South India,Smart TV,Standard,2024-05-12,,399
S002523,North India,Smart TV,Premium,2024-04-20,,699
S002524,South India,Smart TV,Basic,2024-02-16,,199
S002525,Maharashtra,Mobile,Basic,2024-06-25,,199
S002526,East India,Smart TV,Premium,2024-07-15,,699
S002527,Karnataka,Desktop,Basic,2024-03-03,,199
S002528,West India,Mobile,Standard,2024-09-28,2024-12-13,399
S002529,East India,Laptop,Basic,2024-02-28,,199
S002530,Maharashtra,Mobile,Basic,2024-12-17,,199
S002531,Maharashtra,Laptop,Basic,2024-04-09,,199
S002532,Maharashtra,Smart TV,Basic,2024-04-30,,199
S002533,Maharashtra,Smart TV,Basic,2024-03-21,,199
S002534,Maharashtra,Smart TV,Basic,2024-06-06,2024-07-28,199
S002535,West India,Mobile,Standard,2024-07-17,2025-01-03,399
S002536,South India,Mobile,Basic,2024-08-17,,199
S002537,South India,Smart TV,Premium,2024-07-06,,699
S002538,South India,Desktop,Basic,2024-03-27,,199
S002539,Karnataka,Laptop,Standard,2024-01-06,,399
S002540,South India,Laptop,Basic,2024-01-13,,199
S002541,Maharashtra,Smart TV,Premium,2024-10-09,,699
S002542,East India,Mobile,Standard,2024-09-29,,399
S002543,North India,Laptop,Basic,2024-05-25,,199
S002544,South India,Laptop,Standard,2024-12-06,,399
S002545,West India,Mobile,Premium,2024-02-26,,699
S002546,South India,Tablet,Basic,2024-05-21,,199
S002547,Karnataka,Smart TV,Basic,2024-11-05,2024-12-16,199
S002548,Karnataka,Mobile,Premium,2024-02-22,,699
S002549,East India,Mobile,Premium,2024-03-07,,699
S002550,South India,Mobile,Standard,2024-07-04,,399
S002551,West India,Mobile,Premium,2024-01-09,,699
S002552,West India,Smart TV,Basic,2024-07-05,2024-11-29,199
S002553,North India,Desktop,Basic,2024-06-09,,199
S002554,North India,Laptop,Basic,2024-10-24,2024-12-19,199
S002555,North India,Smart TV,Basic,2024-01-03,2024-04-20,199
S002556,Maharashtra,Mobile,Basic,2024-03-11,2024-06-06,199
S002557,East India,Desktop,Premium,2024-11-22,,699
S002558,North India,Mobile,Basic,2024-02-10,,199
S002559,Maharashtra,Mobile,Standard,2024-10-01,,399
S002560,Maharashtra,Laptop,Premium,2024-09-03,,699
S002561,Karnataka,Smart TV,Basic,2024-05-07,,199
S002562,East India,Mobile,Standard,2024-09-02,,399
S002563,Karnataka,Smart TV,Basic,2024-01-11,,199
S002564,Maharashtra,Laptop,Basic,2024-01-06,,199
S002565,Karnataka,Laptop,Basic,2024-09-29,2025-01-14,199
S002566,West India,Smart TV,Premium,2024-12-12,,699
S002567,South India,Desktop,Standard,2024-08-02,,399
S002568,Maharashtra,Laptop,Basic,2024-08-08,,199
S002569,South India,Smart TV,Standard,2024-03-30,,399
S002570,Karnataka,Smart TV,Standard,2024-09-14,,399
S002571,East India,Smart TV,Basic,2024-09-12,,199
S002572,Maharashtra,Smart TV,Standard,2024-05-05,,399
S002573,South India,Smart TV,Basic,2024-05-18,,199
S002574,West India,Laptop,Basic,2024-10-30,,199
S002575,North India,Mobile,Standard,2024-05-01,,399
S002576,East India,Smart TV,Premium,2024-04-12,,699
S002577,Maharashtra,Mobile,Basic,2024-03-22,,199
S002578,South India,Tablet,Basic,2024-09-25,,199
S002579,North India,Tablet,Basic,2024-02-19,,199
S002580,Maharashtra,Laptop,Standard,2024-06-03,,399
S002581,Maharashtra,Smart TV,Basic,2024-05-05,2024-07-14,199
S002582,South India,Mobile,Standard,2024-02-02,,399
S002583,Karnataka,Laptop,Standard,2024-07-14,,399
S002584,Karnataka,Laptop,Standard,2024-08-07,,399
S002585,South India,Smart TV,Premium,2024-08-20,,699
S002586,South India,Smart TV,Basic,2024-12-28,,199
S002587,South India,Laptop,Basic,2024-07-18,,199
S002588,Maharashtra,Smart TV,Standard,2024-02-16,2024-07-23,399
S002589,Maharashtra,Smart TV,Basic,2024-04-09,2024-07-15,199
S002590,Karnataka,Smart TV,Basic,2024-09-20,,199
S002591,South India,Mobile,Basic,2024-02-19,,199
S002592,North India,Laptop,Basic,2024-03-27,,199
S002593,Maharashtra,Laptop,Premium,2024-04-20,,699
S002594,East India,Mobile,Basic,2024-05-16,,199
S002595,Karnataka,Mobile,Premium,2024-10-12,,699
S002596,South India,Mobile,Basic,2024-08-30,,199
S002597,West India,Mobile,Standard,2024-04-22,,399
S002598,South India,Mobile,Basic,2024-12-04,,199
S002599,East India,Mobile,Basic,2024-07-19,,199
S002600,South India,Smart TV,Basic,2024-04-06,2024-06-03,199
S002601,Maharashtra,Mobile,Basic,2024-09-10,2024-10-13,199
S002602,Maharashtra,Smart TV,Standard,2024-05-15,,399
S002603,Maharashtra,Laptop,Basic,2024-10-04,,199
S002604,South India,Desktop,Basic,2024-02-19,,199
S002605,Maharashtra,Tablet,Standard,2024-04-25,,399
S002606,North India,Mobile,Premium,2024-12-26,,699
S002607,Maharashtra,Mobile,Standard,2024-10-26,,399
S002608,West India,Smart TV,Premium,2024-05-16,2024-11-07,699
S002609,South India,Mobile,Standard,2024-07-29,,399
S002610,North India,Mobile,Standard,2024-03-17,,399
S002611,West India,Smart TV,Basic,2024-03-28,,199
S002612,North India,Tablet,Standard,2024-11-15,,399
S002613,West India,Mobile,Standard,2024-08-27,,399
S002614,East India,Smart TV,Standard,2024-12-08,,399
S002615,West India,Smart TV,Basic,2024-05-28,,199
S002616,East India,Laptop,Basic,2024-06-14,,199
S002617,South India,Mobile,Basic,2024-05-18,,199
S002618,West India,Laptop,Basic,2024-10-17,,199
S002619,Maharashtra,Smart TV,Standard,2024-08-05,,399
S002620,Karnataka,Mobile,Standard,2024-10-04,,399
S002621,Karnataka,Mobile,Standard,2024-12-30,,399
S002622,West India,Laptop,Standard,2024-08-15,,399
S002623,East India,Mobile,Standard,2024-03-15,,399
S002624,East India,Tablet,Premium,2024-02-25,,699
S002625,South India,Laptop,Basic,2024-03-13,,199
S002626,East India,Laptop,Premium,2024-12-19,,699
S002627,North India,Tablet,Standard,2024-10-03,,399
S002628,South India,Mobile,Basic,2024-11-16,,199
S002629,West India,Tablet,Basic,2024-02-25,,199
S002630,Maharashtra,Smart TV,Standard,2024-07-19,,399
S002631,West India,Smart TV,Premium,2024-09-19,,699
S002632,West India,Smart TV,Premium,2024-10-12,,699
S002633,East India,Mobile,Premium,2024-12-30,,699
S002634,East India,Mobile,Basic,2024-02-05,,199
S002635,Karnataka,Smart TV,Standard,2024-12-21,,399
S002636,Karnataka,Desktop,Basic,2024-12-16,,199
S002637,West India,Mobile,Basic,2024-11-29,,199
S002638,East India,Mobile,Basic,2024-11-08,2025-02-27,199
S002639,East India,Mobile,Premium,2024-05-26,,699
S002640,North India,Smart TV,Standard,2024-01-25,,399
S002641,East India,Tablet,Premium,2024-02-24,,699
S002642,Karnataka,Mobile,Standard,2024-02-03,2024-07-31,399
S002643,South India,Mobile,Standard,2024-10-13,,399
S002644,Karnataka,Mobile,Standard,2024-09-22,,399
S002645,Karnataka,Smart TV,Premium,2024-05-22,,699
S002646,Maharashtra,Laptop,Standard,2024-07-17,,399
S002647,East India,Tablet,Basic,2024-10-07,,199
S002648,West India,Mobile,Basic,2024-07-22,,199
S002649,North India,Smart TV,Premium,2024-11-17,,699
S002650,North India,Laptop,Premium,2024-05-18,,699
S002651,South India,Smart TV,Basic,2024-01-07,2024-06-29,199
S002652,North India,Laptop,Basic,2024-09-24,,199
S002653,South India,Smart TV,Standard,2024-03-04,,399
S002654,Maharashtra,Smart TV,Premium,2024-04-24,2024-07-03,699
S002655,North India,Mobile,Standard,2024-09-07,2025-02-24,399
S002656,South India,Mobile,Standard,2024-06-23,,399
S002657,East India,Smart TV,Basic,2024-11-25,,199
S002658,North India,Mobile,Standard,2024-03-31,,399
S002659,East India,Mobile,Basic,2024-09-25,,199
S002660,North India,Smart TV,Basic,2024-08-12,,199
S002661,East India,Mobile,Standard,2024-09-23,,399
S002662,West India,Mobile,Premium,2024-10-06,,699
S002663,Karnataka,Tablet,Standard,2024-06-12,,399
S002664,South India,Mobile,Basic,2024-05-31,,199
S002665,East India,Desktop,Basic,2024-04-30,,199
S002666,South India,Tablet,Standard,2024-04-25,,399
S002667,South India,Mobile,Basic,2024-02-24,2024-06-20,199
S002668,South India,Smart TV,Basic,2024-08-26,,199
S002669,South India,Mobile,Basic,2024-10-25,2025-01-31,199
S002670,West India,Tablet,Premium,2024-02-27,2024-07-17,699
S002671,East India,Laptop,Basic,2024-04-24,,199
S002672,East India,Laptop,Basic,2024-06-08,,199
S002673,South India,Laptop,Standard,2024-07-04,,399
S002674,East India,Smart TV,Basic,2024-02-06,2024-04-24,199
S002675,North India,Tablet,Basic,2024-10-24,,199
S002676,East India,Laptop,Premium,2024-10-23,,699
S002677,North India,Mobile,Standard,2024-09-08,,399
S002678,West India,Smart TV,Basic,2024-02-09,2024-06-29,199
S002679,West India,Smart TV,Basic,2024-03-02,2024-08-12,199
S002680,Karnataka,Smart TV,Basic,2024-07-28,2024-09-23,199
S002681,Maharashtra,Smart TV,Standard,2024-02-10,,399
S002682,East India,Mobile,Standard,2024-12-26,2025-06-23,399
S002683,Karnataka,Smart TV,Premium,2024-01-15,,699
S002684,East India,Smart TV,Basic,2024-12-29,,199
S002685,Karnataka,Smart TV,Basic,2024-08-19,,199
S002686,South India,Mobile,Basic,2024-07-24,,199
S002687,North India,Laptop,Basic,2024-08-22,,199
S002688,Maharashtra,Desktop,Premium,2024-06-18,,699
S002689,Karnataka,Mobile,Premium,2024-07-02,,699
S002690,West India,Smart TV,Standard,2024-03-05,,399
S002691,Karnataka,Smart TV,Basic,2024-03-22,,199
S002692,Maharashtra,Tablet,Basic,2024-01-30,2024-03-15,199
S002693,Karnataka,Laptop,Standard,2024-12-22,,399
S002694,West India,Smart TV,Standard,2024-08-21,,399
S002695,Maharashtra,Mobile,Standard,2024-11-01,,399
S002696,East India,Desktop,Basic,2024-08-11,2024-10-02,199
S002697,Karnataka,Mobile,Premium,2024-11-08,,699
S002698,South India,Mobile,Basic,2024-07-06,,199
S002699,East India,Smart TV,Standard,2024-09-17,,399
S002700,South India,Tablet,Basic,2024-05-23,,199
S002701,Maharashtra,Smart TV,Basic,2024-05-10,,199
S002702,East India,Mobile,Premium,2024-01-07,2024-06-29,699
S002703,North India,Mobile,Premium,2024-02-10,2024-06-10,699
S002704,Maharashtra,Mobile,Premium,2024-04-25,2024-09-19,699
S002705,West India,Smart TV,Basic,2024-06-29,,199
S002706,Maharashtra,Smart TV,Basic,2024-09-02,,199
S002707,North India,Smart TV,Premium,2024-10-30,,699
S002708,Maharashtra,Mobile,Standard,2024-05-16,,399
S002709,Karnataka,Smart TV,Premium,2024-10-29,,699
S002710,Maharashtra,Laptop,Premium,2024-10-16,,699
S002711,West India,Tablet,Standard,2024-05-15,,399
S002712,South India,Smart TV,Premium,2024-09-21,,699
S002713,Maharashtra,Laptop,Basic,2024-09-18,,199
S002714,South India,Mobile,Standard,2024-12-26,,399
S002715,North India,Mobile,Standard,2024-12-25,,399
S002716,Karnataka,Mobile,Premium,2024-08-26,,699
S002717,Karnataka,Mobile,Basic,2024-09-30,,199
S002718,North India,Mobile,Standard,2024-04-26,,399
S002719,South India,Laptop,Basic,2024-11-08,,199
S002720,West India,Laptop,Standard,2024-08-19,,399
S002721,Karnataka,Mobile,Standard,2024-11-16,,399
S002722,East India,Smart TV,Basic,2024-07-26,2025-01-16,199
S002723,South India,Laptop,Standard,2024-10-05,,399
S002724,West India,Tablet,Standard,2024-02-29,,399
S002725,Maharashtra,Smart TV,Basic,2024-05-19,2024-10-20,199
S002726,Maharashtra,Mobile,Standard,2024-11-28,,399
S002727,North India,Mobile,Basic,2024-11-10,,199
S002728,Maharashtra,Mobile,Basic,2024-07-25,,199
S002729,South India,Mobile,Standard,2024-09-25,,399
S002730,South India,Mobile,Basic,2024-05-24,,199
S002731,Maharashtra,Tablet,Basic,2024-08-01,,199
S002732,Maharashtra,Mobile,Standard,2024-03-20,,399
S002733,West India,Smart TV,Standard,2024-05-29,,399
S002734,West India,Smart TV,Premium,2024-09-28,2024-12-29,699
S002735,West India,Mobile,Basic,2024-05-16,,199
S002736,East India,Mobile,Basic,2024-08-21,,199
S002737,South India,Tablet,Premium,2024-03-23,,699
S002738,South India,Tablet,Basic,2024-09-09,,199
S002739,West India,Mobile,Basic,2024-06-23,,199
S002740,East India,Mobile,Basic,2024-07-21,2024-08-20,199
S002741,Karnataka,Laptop,Standard,2024-07-17,,399
S002742,Karnataka,Laptop,Premium,2024-06-27,,699
S002743,Maharashtra,Mobile,Standard,2024-05-12,,399
S002744,South India,Smart TV,Basic,2024-02-15,,199
S002745,Maharashtra,Laptop,Standard,2024-03-13,,399
S002746,South India,Laptop,Basic,2024-01-20,,199
S002747,Maharashtra,Smart TV,Premium,2024-04-16,2024-05-26,699
S002748,Maharashtra,Smart TV,Premium,2024-04-21,2024-08-26,699
S002749,North India,Tablet,Basic,2024-09-06,,199
S002750,South India,Smart TV,Premium,2024-10-28,,699
S002751,North India,Laptop,Standard,2024-10-16,2024-12-13,399
S002752,Karnataka,Tablet,Standard,2024-04-19,,399
S002753,Maharashtra,Tablet,Basic,2024-06-25,,199
S002754,Maharashtra,Tablet,Basic,2024-05-02,,199
S002755,East India,Smart TV,Premium,2024-03-04,,699
S002756,West India,Laptop,Basic,2024-08-19,,199
S002757,Maharashtra,Mobile,Standard,2024-03-20,,399
S002758,Maharashtra,Desktop,Standard,2024-05-05,2024-06-25,399
S002759,Maharashtra,Smart TV,Standard,2024-11-29,,399
S002760,South India,Smart TV,Basic,2024-04-10,,199
S002761,West India,Laptop,Standard,2024-08-04,,399
S002762,East India,Smart TV,Standard,2024-03-17,,399
S002763,North India,Tablet,Basic,2024-07-18,,199
S002764,East India,Smart TV,Premium,2024-12-02,2025-05-01,699
S002765,East India,Smart TV,Standard,2024-11-03,,399
S002766,South India,Laptop,Basic,2024-07-19,,199
S002767,East India,Mobile,Premium,2024-05-13,,699
S002768,Maharashtra,Mobile,Basic,2024-11-28,2025-01-03,199
S002769,Karnataka,Mobile,Basic,2024-08-03,,199
S002770,West India,Smart TV,Basic,2024-07-06,,199
S002771,North India,Mobile,Basic,2024-06-04,,199
S002772,West India,Smart TV,Basic,2024-02-18,,199
S002773,Maharashtra,Tablet,Basic,2024-05-29,,199
S002774,West India,Laptop,Basic,2024-11-04,,199
S002775,East India,Mobile,Basic,2024-03-15,,199
S002776,West India,Mobile,Basic,2024-07-02,,199
S002777,Maharashtra,Mobile,Basic,2024-08-12,,199
S002778,East India,Laptop,Basic,2024-10-29,2025-03-28,199
S002779,Maharashtra,Smart TV,Basic,2024-01-22,,199
S002780,North India,Mobile,Standard,2024-10-23,,399
S002781,South India,Laptop,Standard,2024-06-24,,399
S002782,Karnataka,Mobile,Basic,2024-08-29,,199
S002783,North India,Mobile,Basic,2024-07-27,,199
S002784,West India,Smart TV,Premium,2024-10-22,,699
S002785,North India,Mobile,Basic,2024-04-29,,199
S002786,South India,Smart TV,Standard,2024-05-22,,399
S002787,North India,Smart TV,Basic,2024-04-08,,199
S002788,West India,Smart TV,Basic,2024-12-17,2025-06-08,199
S002789,West India,Mobile,Basic,2024-04-02,,199
S002790,South India,Mobile,Basic,2024-04-09,,199
S002791,Karnataka,Mobile,Standard,2024-06-06,,399
S002792,South India,Laptop,Standard,2024-11-22,,399
S002793,North India,Smart TV,Basic,2024-11-15,,199
S002794,Karnataka,Smart TV,Standard,2024-08-26,,399
S002795,Karnataka,Mobile,Basic,2024-07-20,,199
S002796,Karnataka,Smart TV,Standard,2024-06-05,,399
S002797,Karnataka,Laptop,Premium,2024-07-13,,699
S002798,North India,Desktop,Standard,2024-06-04,,399
S002799,North India,Smart TV,Standard,2024-01-20,,399
S002800,West India,Mobile,Standard,2024-06-15,,399
S002801,Maharashtra,Tablet,Basic,2024-01-21,,199
S002802,Karnataka,Laptop,Basic,2024-12-16,,199
S002803,East India,Mobile,Basic,2024-05-19,,199
S002804,Maharashtra,Laptop,Basic,2024-09-18,,199
S002805,North India,Mobile,Premium,2024-12-05,,699
S002806,South India,Smart TV,Basic,2024-08-05,,199
S002807,Karnataka,Mobile,Basic,2024-06-01,,199
S002808,East India,Laptop,Premium,2024-03-16,,699
S002809,East India,Smart TV,Standard,2024-08-12,,399
S002810,Maharashtra,Laptop,Basic,2024-02-15,,199
S002811,South India,Mobile,Basic,2024-07-22,,199
S002812,West India,Smart TV,Basic,2024-01-16,,199
S002813,Karnataka,Smart TV,Standard,2024-03-07,,399
S002814,West India,Desktop,Basic,2024-02-02,,199
S002815,East India,Laptop,Basic,2024-08-15,2024-10-07,199
S002816,Maharashtra,Mobile,Standard,2024-06-09,,399
S002817,North India,Mobile,Premium,2024-09-18,,699
S002818,Maharashtra,Smart TV,Standard,2024-10-14,,399
S002819,South India,Smart TV,Premium,2024-12-20,,699
S002820,South India,Mobile,Premium,2024-09-20,2024-11-07,699
S002821,East India,Smart TV,Standard,2024-11-12,,399
S002822,East India,Smart TV,Basic,2024-09-13,,199
S002823,East India,Tablet,Premium,2024-08-30,,699
S002824,South India,Smart TV,Basic,2024-03-08,2024-06-12,199
S002825,Maharashtra,Mobile,Basic,2024-04-24,,199
S002826,North India,Smart TV,Basic,2024-06-08,2024-09-18,199
S002827,West India,Mobile,Basic,2024-10-10,,199
S002828,South India,Mobile,Premium,2024-09-26,,699
S002829,Karnataka,Tablet,Basic,2024-02-10,,199
S002830,South India,Smart TV,Basic,2024-12-15,,199
S002831,South India,Mobile,Basic,2024-11-18,,199
S002832,Maharashtra,Smart TV,Standard,2024-04-27,,399
S002833,Maharashtra,Laptop,Basic,2024-02-01,,199
S002834,Maharashtra,Mobile,Basic,2024-06-03,,199
S002835,Maharashtra,Mobile,Standard,2024-05-20,,399
S002836,South India,Smart TV,Basic,2024-04-22,2024-09-16,199
S002837,Karnataka,Laptop,Basic,2024-03-26,,199
S002838,Maharashtra,Smart TV,Premium,2024-09-21,,699
S002839,North India,Smart TV,Basic,2024-02-27,,199
S002840,North India,Desktop,Premium,2024-12-24,,699
S002841,Maharashtra,Laptop,Premium,2024-08-30,,699
S002842,East India,Laptop,Basic,2024-03-15,,199
S002843,North India,Mobile,Basic,2024-08-26,,199
S002844,Karnataka,Mobile,Standard,2024-01-17,,399
S002845,South India,Desktop,Basic,2024-02-06,,199
S002846,North India,Smart TV,Basic,2024-10-23,,199
S002847,Karnataka,Smart TV,Basic,2024-02-22,,199
S002848,Maharashtra,Laptop,Basic,2024-02-14,,199
S002849,Karnataka,Mobile,Basic,2024-03-23,,199
S002850,South India,Laptop,Premium,2024-11-19,,699
S002851,West India,Smart TV,Basic,2024-10-30,,199
S002852,West India,Mobile,Basic,2024-08-07,,199
S002853,Maharashtra,Laptop,Basic,2024-03-20,,199
S002854,Karnataka,Laptop,Standard,2024-10-03,2024-11-12,399
S002855,Maharashtra,Mobile,Standard,2024-06-06,,399
S002856,East India,Mobile,Standard,2024-06-30,,399
S002857,Maharashtra,Mobile,Basic,2024-12-26,,199
S002858,West India,Tablet,Standard,2024-03-16,,399
S002859,South India,Mobile,Basic,2024-02-22,,199
S002860,West India,Tablet,Basic,2024-10-08,,199
S002861,West India,Mobile,Premium,2024-03-11,,699
S002862,East India,Smart TV,Basic,2024-08-01,2024-12-27,199
S002863,West India,Desktop,Standard,2024-10-02,,399
S002864,Maharashtra,Tablet,Premium,2024-11-28,,699
S002865,Karnataka,Smart TV,Basic,2024-09-18,,199
S002866,North India,Smart TV,Basic,2024-04-30,,199
S002867,Maharashtra,Laptop,Basic,2024-12-20,,199
S002868,East India,Tablet,Standard,2024-12-19,,399
S002869,Karnataka,Laptop,Standard,2024-12-21,,399
S002870,West India,Mobile,Premium,2024-12-01,,699
S002871,East India,Smart TV,Basic,2024-06-19,,199
S002872,Karnataka,Mobile,Basic,2024-08-01,,199
S002873,West India,Smart TV,Standard,2024-09-29,,399
S002874,Maharashtra,Tablet,Premium,2024-02-27,,699
S002875,Maharashtra,Tablet,Basic,2024-07-04,2024-12-09,199
S002876,Maharashtra,Laptop,Standard,2024-11-24,,399
S002877,West India,Laptop,Standard,2024-07-20,,399
S002878,East India,Desktop,Basic,2024-11-20,,199
S002879,Maharashtra,Laptop,Basic,2024-08-04,,199
S002880,South India,Mobile,Basic,2024-08-27,,199
S002881,Karnataka,Mobile,Premium,2024-05-23,,699
S002882,North India,Mobile,Basic,2024-04-22,,199
S002883,North India,Laptop,Standard,2024-10-07,,399
S002884,North India,Smart TV,Basic,2024-08-10,,199
S002885,South India,Smart TV,Standard,2024-05-19,,399
S002886,Karnataka,Mobile,Basic,2024-12-08,,199
S002887,West India,Mobile,Standard,2024-08-03,,399
S002888,East India,Mobile,Basic,2024-06-11,,199
S002889,South India,Mobile,Premium,2024-04-12,,699
S002890,South India,Tablet,Standard,2024-07-11,2024-12-28,399
S002891,West India,Tablet,Basic,2024-11-21,,199
S002892,West India,Mobile,Basic,2024-11-30,,199
S002893,Karnataka,Mobile,Basic,2024-09-15,2024-11-17,199
S002894,South India,Laptop,Standard,2024-04-13,,399
S002895,East India,Laptop,Basic,2024-04-26,2024-10-10,199
S002896,West India,Tablet,Premium,2024-03-15,,699
S002897,East India,Laptop,Standard,2024-01-09,,399
S002898,Maharashtra,Smart TV,Standard,2024-05-29,,399
S002899,South India,Smart TV,Standard,2024-06-05,,399
S002900,Maharashtra,Smart TV,Basic,2024-03-14,,199
S002901,East India,Laptop,Basic,2024-11-18,,199
S002902,South India,Mobile,Standard,2024-06-09,,399
S002903,North India,Mobile,Standard,2024-09-02,,399
S002904,East India,Mobile,Standard,2024-04-03,,399
S002905,South India,Mobile,Basic,2024-01-06,,199
S002906,West India,Smart TV,Standard,2024-11-01,,399
S002907,South India,Mobile,Basic,2024-08-03,,199
S002908,Maharashtra,Laptop,Standard,2024-03-07,,399
S002909,East India,Mobile,Basic,2024-07-27,,199
S002910,Karnataka,Mobile,Standard,2024-02-26,,399
S002911,North India,Mobile,Standard,2024-03-24,,399
S002912,South India,Mobile,Premium,2024-03-07,,699
S002913,Karnataka,Mobile,Premium,2024-06-16,,699
S002914,North India,Mobile,Premium,2024-09-30,,699
S002915,North India,Smart TV,Premium,2024-10-02,,699
S002916,South India,Tablet,Premium,2024-10-29,,699
S002917,West India,Smart TV,Standard,2024-09-28,,399
S002918,South India,Tablet,Basic,2024-02-13,2024-07-04,199
S002919,West India,Smart TV,Basic,2024-11-10,,199
S002920,South India,Mobile,Basic,2024-09-05,2024-10-12,199
S002921,East India,Smart TV,Basic,2024-08-29,,199
S002922,Maharashtra,Laptop,Standard,2024-02-21,,399
S002923,Maharashtra,Tablet,Basic,2024-09-11,,199
S002924,Karnataka,Tablet,Premium,2024-02-26,2024-06-01,699
S002925,North India,Smart TV,Basic,2024-08-19,,199
S002926,North India,Smart TV,Standard,2024-04-27,,399
S002927,Karnataka,Smart TV,Standard,2024-09-24,,399
S002928,East India,Mobile,Basic,2024-10-18,,199
S002929,East India,Laptop,Premium,2024-11-18,2025-04-06,699
S002930,East India,Desktop,Basic,2024-04-23,,199
S002931,North India,Smart TV,Premium,2024-07-17,,699
S002932,Karnataka,Desktop,Basic,2024-10-18,,199
S002933,Karnataka,Smart TV,Basic,2024-06-16,,199
S002934,Karnataka,Mobile,Standard,2024-06-05,,399
S002935,Maharashtra,Laptop,Basic,2024-08-19,,199
S002936,West India,Smart TV,Premium,2024-07-20,,699
S002937,West India,Mobile,Basic,2024-10-11,,199
S002938,Karnataka,Smart TV,Basic,2024-09-19,,199
S002939,East India,Laptop,Basic,2024-07-13,,199
S002940,Maharashtra,Smart TV,Standard,2024-05-30,,399
S002941,East India,Laptop,Standard,2024-12-09,,399
S002942,North India,Smart TV,Standard,2024-08-06,,399
S002943,West India,Smart TV,Basic,2024-03-29,,199
S002944,East India,Mobile,Basic,2024-04-09,2024-06-21,199
S002945,East India,Mobile,Basic,2024-06-17,2024-10-04,199
S002946,Karnataka,Laptop,Premium,2024-01-27,,699
S002947,South India,Laptop,Basic,2024-05-20,2024-10-10,199
S002948,North India,Desktop,Standard,2024-02-26,,399
S002949,South India,Smart TV,Premium,2024-12-12,,699
S002950,South India,Smart TV,Standard,2024-04-01,,399
S002951,East India,Mobile,Premium,2024-04-21,,699
S002952,West India,Smart TV,Standard,2024-12-23,2025-03-22,399
S002953,West India,Mobile,Premium,2024-10-19,,699
S002954,West India,Smart TV,Standard,2024-07-29,,399
S002955,North India,Tablet,Premium,2024-01-18,,699
S002956,Maharashtra,Mobile,Premium,2024-07-28,,699
S002957,East India,Laptop,Basic,2024-05-12,,199
S002958,Maharashtra,Smart TV,Basic,2024-09-03,,199
S002959,South India,Smart TV,Basic,2024-07-11,2024-10-04,199
S002960,South India,Smart TV,Premium,2024-06-07,,699
S002961,East India,Smart TV,Basic,2024-08-21,,199
S002962,East India,Mobile,Standard,2024-01-09,,399
S002963,East India,Smart TV,Basic,2024-09-22,,199
S002964,Maharashtra,Tablet,Basic,2024-11-21,,199
S002965,Karnataka,Mobile,Basic,2024-02-10,,199
S002966,South India,Mobile,Standard,2024-03-16,,399
S002967,North India,Smart TV,Standard,2024-01-24,2024-04-16,399
S002968,Karnataka,Tablet,Standard,2024-04-29,,399
S002969,East India,Smart TV,Basic,2024-09-18,2025-02-09,199
S002970,Karnataka,Smart TV,Basic,2024-03-13,2024-05-09,199
S002971,West India,Smart TV,Standard,2024-04-25,2024-06-27,399
S002972,East India,Laptop,Standard,2024-01-10,,399
S002973,North India,Smart TV,Basic,2024-04-16,2024-08-07,199
S002974,Karnataka,Tablet,Basic,2024-10-08,,199
S002975,Maharashtra,Mobile,Basic,2024-07-03,,199
S002976,Karnataka,Mobile,Standard,2024-04-04,,399
S002977,Karnataka,Smart TV,Standard,2024-04-20,,399
S002978,North India,Smart TV,Basic,2024-01-09,2024-04-26,199
S002979,North India,Laptop,Premium,2024-03-07,,699
S002980,Karnataka,Mobile,Standard,2024-06-12,,399
S002981,West India,Mobile,Basic,2024-06-18,,199
S002982,Maharashtra,Smart TV,Basic,2024-01-11,,199
S002983,South India,Mobile,Basic,2024-11-06,,199
S002984,East India,Tablet,Premium,2024-01-24,,699
S002985,Maharashtra,Mobile,Standard,2024-05-29,,399
S002986,West India,Mobile,Standard,2024-10-09,,399
S002987,North India,Tablet,Standard,2024-12-01,,399
S002988,East India,Laptop,Standard,2024-07-03,,399
S002989,East India,Mobile,Basic,2024-01-02,,199
S002990,Karnataka,Mobile,Standard,2024-05-24,,399
S002991,West India,Laptop,Standard,2024-01-31,2024-03-12,399
S002992,Maharashtra,Mobile,Premium,2024-03-31,,699
S002993,North India,Laptop,Standard,2024-11-19,,399
S002994,North India,Tablet,Standard,2024-04-06,2024-07-22,399
S002995,West India,Mobile,Standard,2024-02-23,2024-07-24,399
S002996,West India,Laptop,Standard,2024-02-08,,399
S002997,Maharashtra,Tablet,Basic,2024-11-16,,199
S002998,Maharashtra,Laptop,Standard,2024-07-27,,399
S002999,Maharashtra,Mobile,Basic,2024-01-13,,199
S003000,West India,Smart TV,Standard,2024-05-05,2024-07-22,399
S003001,West India,Mobile,Basic,2024-07-12,,199
S003002,West India,Mobile,Basic,2024-07-19,,199
S003003,Karnataka,Laptop,Premium,2024-06-27,,699
S003004,South India,Tablet,Basic,2024-01-04,2024-04-02,199
S003005,Karnataka,Mobile,Premium,2024-09-18,,699
S003006,West India,Tablet,Standard,2024-10-09,,399
S003007,Maharashtra,Mobile,Basic,2024-10-08,,199
S003008,East India,Mobile,Basic,2024-12-24,,199
S003009,East India,Mobile,Basic,2024-09-25,,199
S003010,Karnataka,Smart TV,Basic,2024-02-06,2024-03-30,199
S003011,South India,Mobile,Standard,2024-02-22,,399
S003012,South India,Smart TV,Standard,2024-09-12,2025-01-25,399
S003013,North India,Smart TV,Standard,2024-11-09,2025-03-11,399
S003014,West India,Mobile,Basic,2024-10-15,,199
S003015,East India,Mobile,Basic,2024-08-10,,199
S003016,Karnataka,Tablet,Basic,2024-03-01,,199
S003017,Maharashtra,Mobile,Premium,2024-12-21,,699
S003018,East India,Mobile,Premium,2024-04-05,,699
S003019,West India,Tablet,Basic,2024-04-05,,199
S003020,Maharashtra,Mobile,Basic,2024-03-05,,199
S003021,Maharashtra,Smart TV,Basic,2024-01-28,,199
S003022,Karnataka,Mobile,Basic,2024-10-14,,199
S003023,Maharashtra,Mobile,Standard,2024-07-23,,399
S003024,South India,Laptop,Basic,2024-04-30,,199
S003025,North India,Smart TV,Basic,2024-04-23,,199
S003026,Maharashtra,Laptop,Standard,2024-10-24,,399
S003027,South India,Smart TV,Basic,2024-08-02,,199
S003028,South India,Tablet,Standard,2024-04-07,,399
S003029,Karnataka,Mobile,Standard,2024-01-23,,399
S003030,North India,Tablet,Basic,2024-02-01,,199
S003031,Karnataka,Desktop,Premium,2024-06-25,,699
S003032,East India,Mobile,Basic,2024-09-18,,199
S003033,South India,Mobile,Standard,2024-04-03,,399
S003034,Maharashtra,Laptop,Standard,2024-05-08,,399
S003035,South India,Mobile,Premium,2024-11-18,2025-01-17,699
S003036,East India,Smart TV,Premium,2024-07-09,,699
S003037,North India,Smart TV,Basic,2024-08-12,,199
S003038,North India,Desktop,Premium,2024-02-15,,699
S003039,South India,Smart TV,Standard,2024-10-27,2025-01-30,399
S003040,Karnataka,Laptop,Basic,2024-03-07,,199
S003041,Karnataka,Desktop,Basic,2024-04-21,,199
S003042,West India,Laptop,Basic,2024-04-21,,199
S003043,Karnataka,Mobile,Premium,2024-12-21,,699
S003044,West India,Tablet,Basic,2024-11-02,,199
S003045,East India,Mobile,Basic,2024-05-15,,199
S003046,South India,Smart TV,Standard,2024-10-18,,399
S003047,East India,Mobile,Standard,2024-01-01,2024-01-31,399
S003048,West India,Laptop,Basic,2024-12-12,,199
S003049,South India,Mobile,Basic,2024-07-18,2024-09-27,199
S003050,West India,Mobile,Standard,2024-12-20,,399
S003051,South India,Tablet,Basic,2024-05-26,2024-08-11,199
S003052,North India,Laptop,Basic,2024-11-10,,199
S003053,North India,Desktop,Basic,2024-01-10,2024-06-20,199
S003054,Karnataka,Smart TV,Basic,2024-10-11,,199
S003055,Karnataka,Laptop,Premium,2024-02-11,,699
S003056,North India,Smart TV,Basic,2024-08-07,,199
S003057,West India,Smart TV,Basic,2024-05-27,,199
S003058,Maharashtra,Mobile,Basic,2024-04-28,2024-06-25,199
S003059,East India,Mobile,Basic,2024-10-14,,199
S003060,West India,Laptop,Basic,2024-02-24,2024-05-19,199
S003061,North India,Mobile,Premium,2024-12-30,,699
S003062,North India,Smart TV,Premium,2024-04-22,2024-06-10,699
S003063,East India,Mobile,Premium,2024-08-13,,699
S003064,South India,Mobile,Premium,2024-12-12,,699
S003065,South India,Mobile,Basic,2024-08-12,2024-12-28,199
S003066,Karnataka,Laptop,Premium,2024-02-27,2024-07-01,699
S003067,Karnataka,Desktop,Premium,2024-04-30,,699
S003068,South India,Laptop,Basic,2024-06-30,,199
S003069,South India,Mobile,Basic,2024-02-20,2024-06-15,199
S003070,South India,Smart TV,Standard,2024-12-17,,399
S003071,Karnataka,Smart TV,Premium,2024-07-12,,699
S003072,North India,Mobile,Standard,2024-09-09,,399
S003073,West India,Desktop,Premium,2024-08-07,,699
S003074,West India,Mobile,Basic,2024-01-12,,199
S003075,Maharashtra,Mobile,Standard,2024-04-17,2024-06-22,399
S003076,South India,Smart TV,Premium,2024-10-29,,699
S003077,West India,Tablet,Basic,2024-12-12,,199
S003078,Karnataka,Laptop,Standard,2024-01-01,2024-04-04,399
S003079,Karnataka,Smart TV,Standard,2024-11-17,,399
S003080,East India,Mobile,Basic,2024-10-22,,199
S003081,North India,Mobile,Basic,2024-02-10,,199
S003082,West India,Smart TV,Premium,2024-11-14,,699
S003083,Karnataka,Smart TV,Premium,2024-01-05,,699
S003084,Karnataka,Mobile,Basic,2024-01-24,2024-07-16,199
S003085,West India,Mobile,Premium,2024-09-08,,699
S003086,Karnataka,Mobile,Basic,2024-02-07,,199
S003087,Maharashtra,Desktop,Basic,2024-10-18,,199
S003088,Maharashtra,Laptop,Premium,2024-07-03,,699
S003089,Maharashtra,Mobile,Premium,2024-01-15,,699
S003090,South India,Laptop,Standard,2024-07-05,,399
S003091,North India,Mobile,Basic,2024-07-14,,199
S003092,North India,Smart TV,Basic,2024-11-24,,199
S003093,South India,Laptop,Standard,2024-01-17,,399
S003094,South India,Laptop,Premium,2024-06-27,,699
S003095,Maharashtra,Mobile,Basic,2024-08-11,,199
S003096,Karnataka,Smart TV,Standard,2024-07-21,,399
S003097,Maharashtra,Laptop,Basic,2024-03-09,,199
S003098,South India,Laptop,Premium,2024-11-26,2025-01-28,699
S003099,West India,Mobile,Standard,2024-08-24,,399
S003100,East India,Laptop,Premium,2024-04-16,,699
S003101,West India,Tablet,Basic,2024-06-15,,199
S003102,Maharashtra,Laptop,Basic,2024-11-09,2025-02-04,199
S003103,Karnataka,Laptop,Premium,2024-03-04,2024-07-24,699
S003104,South India,Mobile,Basic,2024-01-26,,199
S003105,West India,Laptop,Premium,2024-10-15,,699
S003106,East India,Mobile,Premium,2024-10-05,,699
S003107,North India,Smart TV,Standard,2024-09-21,,399
S003108,Maharashtra,Smart TV,Premium,2024-03-08,,699
S003109,West India,Mobile,Basic,2024-11-16,,199
S003110,West India,Mobile,Premium,2024-11-22,,699
S003111,Maharashtra,Tablet,Basic,2024-03-05,2024-04-25,199
S003112,West India,Smart TV,Basic,2024-12-15,,199
S003113,West India,Mobile,Basic,2024-09-11,,199
S003114,Maharashtra,Laptop,Premium,2024-12-03,2025-05-11,699
S003115,North India,Smart TV,Basic,2024-11-05,,199
S003116,Maharashtra,Mobile,Standard,2024-01-26,,399
S003117,North India,Smart TV,Basic,2024-08-12,,199
S003118,Maharashtra,Smart TV,Premium,2024-07-28,2025-01-15,699
S003119,East India,Laptop,Premium,2024-11-17,,699
S003120,Karnataka,Smart TV,Basic,2024-01-06,,199
S003121,Maharashtra,Tablet,Basic,2024-01-21,2024-05-23,199
S003122,West India,Mobile,Basic,2024-11-15,,199
S003123,East India,Mobile,Basic,2024-04-13,,199
S003124,North India,Mobile,Basic,2024-07-02,,199
S003125,South India,Smart TV,Standard,2024-09-23,,399
S003126,North India,Laptop,Premium,2024-01-27,,699
S003127,South India,Mobile,Premium,2024-12-10,,699
S003128,East India,Smart TV,Premium,2024-10-28,,699
S003129,South India,Laptop,Premium,2024-02-26,,699
S003130,South India,Laptop,Basic,2024-01-24,,199
S003131,Maharashtra,Smart TV,Standard,2024-03-26,,399
S003132,Maharashtra,Mobile,Basic,2024-07-20,,199
S003133,West India,Tablet,Premium,2024-07-06,,699
S003134,West India,Laptop,Basic,2024-08-17,,199
S003135,South India,Mobile,Basic,2024-01-17,,199
S003136,Maharashtra,Smart TV,Standard,2024-02-29,,399
S003137,West India,Smart TV,Basic,2024-08-18,2024-12-26,199
S003138,Karnataka,Laptop,Premium,2024-02-15,,699
S003139,East India,Smart TV,Basic,2024-08-30,,199
S003140,South India,Smart TV,Premium,2024-08-26,,699
S003141,East India,Desktop,Standard,2024-12-14,2025-02-07,399
S003142,Maharashtra,Smart TV,Standard,2024-01-12,,399
S003143,South India,Smart TV,Premium,2024-04-04,,699
S003144,South India,Tablet,Basic,2024-11-08,,199
S003145,Maharashtra,Smart TV,Basic,2024-03-15,,199
S003146,East India,Smart TV,Basic,2024-12-05,,199
S003147,Karnataka,Smart TV,Basic,2024-06-15,,199
S003148,Karnataka,Mobile,Standard,2024-06-07,,399
S003149,South India,Mobile,Standard,2024-04-13,,399
S003150,West India,Smart TV,Basic,2024-04-18,,199
S003151,Karnataka,Mobile,Standard,2024-02-13,,399
S003152,East India,Mobile,Premium,2024-08-15,,699
S003153,South India,Smart TV,Basic,2024-06-06,,199
S003154,South India,Laptop,Premium,2024-12-07,,699
S003155,Maharashtra,Laptop,Standard,2024-10-12,,399
S003156,East India,Mobile,Standard,2024-11-01,2025-01-26,399
S003157,South India,Smart TV,Premium,2024-05-12,,699
S003158,South India,Mobile,Standard,2024-09-10,,399
S003159,Karnataka,Mobile,Standard,2024-04-05,2024-09-24,399
S003160,South India,Desktop,Standard,2024-10-04,,399
S003161,Karnataka,Mobile,Standard,2024-08-12,,399
S003162,North India,Mobile,Basic,2024-05-18,,199
S003163,South India,Mobile,Standard,2024-08-27,,399
S003164,West India,Smart TV,Standard,2024-08-13,,399
S003165,West India,Laptop,Premium,2024-12-02,,699
S003166,East India,Mobile,Standard,2024-06-17,,399
S003167,Karnataka,Laptop,Basic,2024-05-01,2024-09-26,199
S003168,North India,Smart TV,Premium,2024-03-20,,699
S003169,Karnataka,Smart TV,Premium,2024-07-20,,699
S003170,South India,Mobile,Basic,2024-10-26,2025-02-02,199
S003171,East India,Desktop,Basic,2024-08-20,,199
S003172,East India,Tablet,Standard,2024-02-14,,399
S003173,North India,Tablet,Basic,2024-06-30,2024-11-26,199
S003174,Karnataka,Smart TV,Basic,2024-02-26,,199
S003175,North India,Mobile,Basic,2024-10-18,,199
S003176,West India,Laptop,Basic,2024-03-31,,199
S003177,Karnataka,Tablet,Basic,2024-12-02,,199
S003178,North India,Mobile,Basic,2024-04-10,,199
S003179,Maharashtra,Tablet,Basic,2024-03-17,,199
S003180,East India,Mobile,Standard,2024-09-22,,399
S003181,South India,Tablet,Basic,2024-06-19,,199
S003182,South India,Smart TV,Standard,2024-06-19,,399
S003183,West India,Smart TV,Premium,2024-05-30,,699
S003184,West India,Smart TV,Basic,2024-01-14,,199
S003185,South India,Mobile,Basic,2024-04-11,,199
S003186,West India,Laptop,Premium,2024-11-19,,699
S003187,East India,Laptop,Basic,2024-05-04,,199
S003188,South India,Mobile,Standard,2024-07-10,,399
S003189,Karnataka,Mobile,Standard,2024-06-11,,399
S003190,North India,Mobile,Basic,2024-04-04,,199
S003191,North India,Laptop,Basic,2024-04-09,2024-09-18,199
S003192,South India,Smart TV,Basic,2024-02-23,,199
S003193,West India,Smart TV,Basic,2024-01-15,,199
S003194,West India,Mobile,Basic,2024-07-28,,199
S003195,South India,Mobile,Basic,2024-03-15,,199
S003196,Maharashtra,Laptop,Standard,2024-07-06,,399
S003197,North India,Smart TV,Basic,2024-04-07,,199
S003198,Karnataka,Tablet,Basic,2024-08-08,,199
S003199,South India,Smart TV,Premium,2024-09-09,,699
S003200,East India,Smart TV,Premium,2024-02-16,2024-06-13,699
S003201,Maharashtra,Laptop,Basic,2024-01-13,,199
S003202,South India,Smart TV,Basic,2024-08-30,,199
S003203,Maharashtra,Laptop,Basic,2024-08-19,,199
S003204,Maharashtra,Smart TV,Basic,2024-08-19,,199
S003205,Maharashtra,Mobile,Premium,2024-02-17,,699
S003206,West India,Laptop,Standard,2024-01-19,,399
S003207,East India,Smart TV,Basic,2024-10-10,,199
S003208,North India,Smart TV,Premium,2024-06-28,,699
S003209,South India,Smart TV,Basic,2024-11-22,,199
S003210,Karnataka,Tablet,Standard,2024-01-31,,399
S003211,Maharashtra,Smart TV,Premium,2024-03-03,,699
S003212,West India,Mobile,Basic,2024-01-30,2024-03-09,199
S003213,North India,Laptop,Standard,2024-07-27,,399
S003214,East India,Laptop,Basic,2024-06-04,,199
S003215,South India,Tablet,Basic,2024-07-05,,199
S003216,East India,Mobile,Basic,2024-05-16,,199
S003217,Maharashtra,Laptop,Basic,2024-10-31,,199
S003218,Maharashtra,Mobile,Standard,2024-04-07,,399
S003219,South India,Smart TV,Basic,2024-09-22,2025-03-02,199
S003220,Karnataka,Laptop,Basic,2024-03-02,,199
S003221,West India,Mobile,Basic,2024-11-06,2025-01-21,199
S003222,Maharashtra,Mobile,Standard,2024-04-26,,399
S003223,Karnataka,Laptop,Basic,2024-02-15,,199
S003224,North India,Mobile,Basic,2024-06-06,,199
S003225,North India,Desktop,Standard,2024-10-31,,399
S003226,South India,Mobile,Standard,2024-05-24,,399
S003227,South India,Smart TV,Basic,2024-03-04,,199
S003228,Maharashtra,Laptop,Standard,2024-12-12,,399
S003229,South India,Smart TV,Standard,2024-04-17,2024-08-31,399
S003230,North India,Mobile,Standard,2024-05-07,,399
S003231,Maharashtra,Smart TV,Standard,2024-08-18,,399
S003232,Karnataka,Tablet,Standard,2024-11-11,,399
S003233,West India,Tablet,Premium,2024-03-14,,699
S003234,East India,Smart TV,Standard,2024-01-17,,399
S003235,West India,Mobile,Standard,2024-03-27,,399
S003236,North India,Mobile,Basic,2024-06-21,,199
S003237,Maharashtra,Desktop,Basic,2024-08-14,2024-10-03,199
S003238,South India,Smart TV,Standard,2024-12-12,2025-04-16,399
S003239,East India,Laptop,Basic,2024-12-24,,199
S003240,South India,Laptop,Standard,2024-06-18,,399
S003241,South India,Mobile,Basic,2024-08-23,,199
S003242,East India,Mobile,Basic,2024-05-10,,199
S003243,North India,Mobile,Basic,2024-04-07,,199
S003244,West India,Smart TV,Basic,2024-01-27,2024-07-24,199
S003245,Karnataka,Mobile,Premium,2024-09-03,,699
S003246,West India,Smart TV,Basic,2024-08-26,,199
S003247,West India,Smart TV,Premium,2024-09-27,,699
S003248,Karnataka,Laptop,Standard,2024-07-01,,399
S003249,West India,Laptop,Standard,2024-03-14,,399
S003250,East India,Mobile,Basic,2024-02-01,,199
S003251,Maharashtra,Mobile,Premium,2024-06-08,,699
S003252,Karnataka,Mobile,Standard,2024-03-17,,399
S003253,West India,Desktop,Standard,2024-01-10,,399
S003254,South India,Mobile,Premium,2024-07-24,,699
S003255,Maharashtra,Mobile,Basic,2024-04-07,,199
S003256,West India,Laptop,Basic,2024-04-23,2024-08-26,199
S003257,East India,Laptop,Premium,2024-08-29,2024-11-21,699
S003258,West India,Laptop,Premium,2024-03-02,2024-08-18,699
S003259,West India,Laptop,Standard,2024-10-16,,399
S003260,Karnataka,Desktop,Basic,2024-06-09,,199
S003261,West India,Smart TV,Basic,2024-09-16,,199
S003262,Karnataka,Laptop,Standard,2024-08-13,,399
S003263,Maharashtra,Mobile,Basic,2024-06-29,,199
S003264,North India,Laptop,Standard,2024-05-14,,399
S003265,South India,Smart TV,Standard,2024-02-18,,399
S003266,South India,Smart TV,Standard,2024-08-08,,399
S003267,North India,Mobile,Basic,2024-09-02,2025-01-18,199
S003268,Karnataka,Mobile,Basic,2024-09-04,2024-11-13,199
S003269,Maharashtra,Smart TV,Basic,2024-12-17,,199
S003270,Maharashtra,Mobile,Premium,2024-06-16,,699
S003271,North India,Smart TV,Standard,2024-04-30,2024-07-27,399
S003272,Karnataka,Tablet,Standard,2024-07-07,,399
S003273,North India,Laptop,Basic,2024-12-05,2025-03-06,199
S003274,West India,Smart TV,Standard,2024-11-27,2025-02-01,399
S003275,Karnataka,Laptop,Basic,2024-10-24,2025-01-09,199
S003276,West India,Laptop,Standard,2024-11-19,,399
S003277,West India,Mobile,Basic,2024-02-06,,199
S003278,North India,Mobile,Standard,2024-03-27,,399
S003279,Maharashtra,Smart TV,Basic,2024-03-06,2024-08-02,199
S003280,Karnataka,Laptop,Basic,2024-11-03,,199
S003281,West India,Mobile,Premium,2024-04-07,,699
S003282,North India,Laptop,Basic,2024-07-28,,199
S003283,East India,Mobile,Basic,2024-04-03,,199
S003284,North India,Mobile,Standard,2024-06-05,,399
S003285,East India,Smart TV,Standard,2024-09-08,,399
S003286,Karnataka,Smart TV,Premium,2024-07-09,,699
S003287,Karnataka,Mobile,Basic,2024-08-16,,199
S003288,East India,Tablet,Basic,2024-01-21,,199
S003289,West India,Laptop,Basic,2024-11-11,,199
S003290,Karnataka,Smart TV,Standard,2024-06-25,2024-11-03,399
S003291,East India,Mobile,Basic,2024-05-26,,199
S003292,Karnataka,Mobile,Premium,2024-11-30,,699
S003293,South India,Mobile,Standard,2024-12-05,2025-04-01,399
S003294,East India,Smart TV,Standard,2024-06-11,,399
S003295,Maharashtra,Laptop,Premium,2024-05-13,,699
S003296,Karnataka,Desktop,Standard,2024-05-26,,399
S003297,Karnataka,Tablet,Standard,2024-10-02,,399
S003298,North India,Mobile,Basic,2024-02-26,,199
S003299,Maharashtra,Mobile,Basic,2024-05-28,2024-08-01,199
S003300,South India,Tablet,Basic,2024-03-18,,199
S003301,West India,Smart TV,Premium,2024-05-25,,699
S003302,Maharashtra,Tablet,Premium,2024-05-08,,699
S003303,North India,Smart TV,Basic,2024-09-13,,199
S003304,South India,Mobile,Basic,2024-02-20,,199
S003305,West India,Mobile,Premium,2024-06-02,,699
S003306,Karnataka,Smart TV,Basic,2024-01-30,,199
S003307,South India,Mobile,Basic,2024-11-13,,199
S003308,North India,Laptop,Standard,2024-09-12,,399
S003309,West India,Laptop,Standard,2024-01-13,,399
S003310,Karnataka,Mobile,Premium,2024-03-21,,699
S003311,Karnataka,Mobile,Basic,2024-09-22,,199
S003312,South India,Smart TV,Standard,2024-03-29,,399
S003313,East India,Mobile,Basic,2024-10-21,,199
S003314,North India,Laptop,Basic,2024-04-05,,199
S003315,Maharashtra,Mobile,Basic,2024-09-22,,199
S003316,East India,Smart TV,Basic,2024-09-29,,199
S003317,North India,Smart TV,Basic,2024-09-15,,199
S003318,West India,Laptop,Basic,2024-10-28,,199
S003319,Karnataka,Smart TV,Basic,2024-10-24,,199
S003320,Karnataka,Smart TV,Basic,2024-12-05,,199
S003321,Karnataka,Mobile,Basic,2024-09-19,,199
S003322,West India,Smart TV,Standard,2024-11-01,,399
S003323,North India,Mobile,Standard,2024-12-05,2025-02-14,399
S003324,South India,Mobile,Basic,2024-07-27,,199
S003325,South India,Mobile,Premium,2024-04-03,2024-05-24,699
S003326,Karnataka,Laptop,Basic,2024-07-10,,199
S003327,North India,Smart TV,Standard,2024-11-11,,399
S003328,South India,Mobile,Basic,2024-11-05,,199
S003329,Karnataka,Laptop,Standard,2024-03-09,2024-04-15,399
S003330,East India,Mobile,Standard,2024-02-25,,399
S003331,West India,Mobile,Standard,2024-01-23,,399
S003332,Karnataka,Laptop,Standard,2024-11-02,,399
S003333,South India,Smart TV,Standard,2024-11-20,,399
S003334,East India,Smart TV,Standard,2024-10-26,,399
S003335,South India,Laptop,Basic,2024-10-28,,199
S003336,Karnataka,Mobile,Basic,2024-03-21,,199
S003337,Karnataka,Laptop,Basic,2024-01-11,,199
S003338,West India,Mobile,Basic,2024-10-24,2024-11-25,199
S003339,South India,Mobile,Basic,2024-08-15,,199
S003340,South India,Laptop,Basic,2024-04-12,,199
S003341,West India,Laptop,Basic,2024-07-07,,199
S003342,Maharashtra,Laptop,Standard,2024-08-04,,399
S003343,North India,Mobile,Standard,2024-05-09,,399
S003344,East India,Smart TV,Standard,2024-03-25,,399
S003345,West India,Desktop,Premium,2024-05-09,,699
S003346,South India,Laptop,Standard,2024-12-19,,399
S003347,West India,Smart TV,Basic,2024-03-29,2024-05-23,199
S003348,Maharashtra,Smart TV,Basic,2024-04-28,2024-10-21,199
S003349,South India,Mobile,Standard,2024-10-28,,399
S003350,Karnataka,Mobile,Basic,2024-04-24,,199
S003351,Maharashtra,Mobile,Basic,2024-01-09,,199
S003352,South India,Mobile,Premium,2024-10-24,,699
S003353,Karnataka,Desktop,Basic,2024-04-05,,199
S003354,South India,Smart TV,Basic,2024-07-27,,199
S003355,West India,Smart TV,Basic,2024-03-22,,199
S003356,Maharashtra,Smart TV,Basic,2024-01-24,,199
S003357,South India,Tablet,Basic,2024-07-04,,199
S003358,South India,Mobile,Basic,2024-02-22,2024-07-10,199
S003359,East India,Desktop,Basic,2024-03-13,2024-04-18,199
S003360,South India,Mobile,Basic,2024-05-22,,199
S003361,West India,Smart TV,Premium,2024-07-21,,699
S003362,Karnataka,Smart TV,Premium,2024-02-21,,699
S003363,South India,Tablet,Premium,2024-03-24,,699
S003364,North India,Mobile,Basic,2024-09-28,,199
S003365,West India,Mobile,Basic,2024-07-28,2024-11-21,199
S003366,North India,Smart TV,Basic,2024-04-11,,199
S003367,North India,Mobile,Basic,2024-06-06,,199
S003368,Karnataka,Smart TV,Premium,2024-07-03,,699
S003369,North India,Mobile,Standard,2024-01-12,,399
S003370,West India,Laptop,Premium,2024-01-29,2024-03-03,699
S003371,East India,Tablet,Premium,2024-09-17,,699
S003372,South India,Smart TV,Basic,2024-04-17,,199
S003373,North India,Laptop,Premium,2024-06-23,,699
S003374,West India,Laptop,Premium,2024-12-16,,699
S003375,West India,Tablet,Basic,2024-12-02,,199
S003376,North India,Mobile,Basic,2024-10-15,,199
S003377,East India,Mobile,Standard,2024-08-27,,399
S003378,East India,Smart TV,Basic,2024-07-27,2024-11-30,199
S003379,South India,Laptop,Basic,2024-09-30,,199
S003380,South India,Laptop,Premium,2024-09-23,,699
S003381,North India,Tablet,Standard,2024-05-27,,399
S003382,West India,Tablet,Premium,2024-11-19,,699
S003383,West India,Mobile,Standard,2024-04-09,,399
S003384,Karnataka,Mobile,Standard,2024-07-20,,399
S003385,South India,Smart TV,Standard,2024-08-09,,399
S003386,Maharashtra,Mobile,Basic,2024-07-31,,199
S003387,North India,Smart TV,Standard,2024-04-21,,399
S003388,South India,Mobile,Basic,2024-08-20,,199
S003389,West India,Laptop,Standard,2024-03-08,2024-09-03,399
S003390,Maharashtra,Smart TV,Basic,2024-01-25,,199
S003391,North India,Smart TV,Basic,2024-11-27,,199
S003392,East India,Laptop,Basic,2024-06-11,2024-10-22,199
S003393,Maharashtra,Smart TV,Basic,2024-03-21,,199
S003394,South India,Mobile,Standard,2024-02-11,,399
S003395,Karnataka,Smart TV,Standard,2024-07-20,,399
S003396,West India,Smart TV,Basic,2024-04-17,,199
S003397,North India,Smart TV,Basic,2024-11-21,,199
S003398,South India,Mobile,Basic,2024-09-30,,199
S003399,Maharashtra,Smart TV,Basic,2024-07-28,,199
S003400,South India,Tablet,Basic,2024-10-27,,199
S003401,East India,Mobile,Basic,2024-05-03,2024-09-03,199
S003402,North India,Smart TV,Basic,2024-05-07,2024-07-08,199
S003403,Karnataka,Tablet,Premium,2024-06-14,,699
S003404,South India,Laptop,Basic,2024-12-25,2025-03-29,199
S003405,East India,Smart TV,Basic,2024-07-30,,199
S003406,North India,Laptop,Standard,2024-06-01,,399
S003407,Maharashtra,Laptop,Basic,2024-03-20,,199
S003408,East India,Smart TV,Basic,2024-11-21,,199
S003409,South India,Desktop,Standard,2024-03-09,,399
S003410,West India,Mobile,Premium,2024-04-12,,699
S003411,Karnataka,Mobile,Basic,2024-07-20,,199
S003412,North India,Smart TV,Standard,2024-08-18,,399
S003413,West India,Smart TV,Premium,2024-01-12,,699
S003414,East India,Laptop,Standard,2024-01-31,,399
S003415,South India,Mobile,Basic,2024-01-01,,199
S003416,South India,Mobile,Standard,2024-03-29,,399
S003417,East India,Mobile,Basic,2024-03-07,,199
S003418,South India,Smart TV,Basic,2024-08-27,,199
S003419,West India,Tablet,Basic,2024-07-07,,199
S003420,North India,Smart TV,Standard,2024-03-15,,399
S003421,West India,Laptop,Basic,2024-12-26,,199
S003422,West India,Smart TV,Basic,2024-02-05,,199
S003423,East India,Smart TV,Basic,2024-06-14,,199
S003424,North India,Mobile,Basic,2024-11-22,,199
S003425,Maharashtra,Smart TV,Basic,2024-08-23,,199
S003426,North India,Smart TV,Basic,2024-06-29,,199
S003427,Maharashtra,Laptop,Standard,2024-12-01,,399
S003428,East India,Smart TV,Basic,2024-09-22,,199
S003429,East India,Mobile,Premium,2024-04-12,,699
S003430,West India,Desktop,Basic,2024-03-01,,199
S003431,East India,Smart TV,Standard,2024-12-16,,399
S003432,North India,Smart TV,Standard,2024-08-11,,399
S003433,West India,Mobile,Basic,2024-11-04,,199
S003434,Karnataka,Smart TV,Standard,2024-04-02,,399
S003435,North India,Mobile,Basic,2024-08-01,2025-01-24,199
S003436,South India,Desktop,Standard,2024-09-07,,399
S003437,North India,Smart TV,Premium,2024-05-13,2024-09-25,699
S003438,South India,Mobile,Basic,2024-07-20,,199
S003439,East India,Smart TV,Premium,2024-02-18,2024-03-23,699
S003440,North India,Mobile,Basic,2024-02-29,,199
S003441,West India,Smart TV,Premium,2024-09-25,,699
S003442,West India,Mobile,Basic,2024-04-06,,199
S003443,East India,Smart TV,Basic,2024-10-30,,199
S003444,Karnataka,Mobile,Basic,2024-05-21,,199
S003445,Maharashtra,Mobile,Standard,2024-07-23,,399
S003446,East India,Smart TV,Premium,2024-09-14,,699
S003447,North India,Mobile,Basic,2024-03-28,,199
S003448,West India,Mobile,Basic,2024-07-17,,199
S003449,West India,Tablet,Standard,2024-12-10,,399
S003450,Maharashtra,Mobile,Standard,2024-08-05,,399
S003451,Maharashtra,Smart TV,Standard,2024-06-10,2024-09-08,399
S003452,South India,Desktop,Basic,2024-09-09,,199
S003453,South India,Smart TV,Basic,2024-11-21,2025-02-20,199
S003454,Karnataka,Laptop,Basic,2024-06-11,,199
S003455,West India,Mobile,Basic,2024-04-16,,199
S003456,West India,Smart TV,Standard,2024-05-30,,399
S003457,North India,Smart TV,Basic,2024-11-30,,199
S003458,West India,Tablet,Premium,2024-06-05,,699
S003459,East India,Mobile,Standard,2024-09-08,,399
S003460,Karnataka,Desktop,Basic,2024-05-20,,199
S003461,Maharashtra,Smart TV,Basic,2024-11-20,,199
S003462,North India,Smart TV,Premium,2024-01-06,,699
S003463,North India,Tablet,Standard,2024-04-05,,399
S003464,North India,Mobile,Standard,2024-12-20,,399
S003465,South India,Laptop,Basic,2024-10-29,,199
S003466,Karnataka,Laptop,Standard,2024-06-02,,399
S003467,Karnataka,Tablet,Standard,2024-10-06,,399
S003468,Karnataka,Laptop,Standard,2024-04-15,,399
S003469,North India,Desktop,Premium,2024-08-25,,699
S003470,North India,Laptop,Basic,2024-07-28,,199
S003471,North India,Mobile,Standard,2024-09-16,,399
S003472,South India,Mobile,Premium,2024-04-26,2024-08-20,699
S003473,Karnataka,Mobile,Basic,2024-10-26,2024-11-28,199
S003474,East India,Mobile,Basic,2024-09-11,2024-11-30,199
S003475,North India,Mobile,Standard,2024-03-20,,399
S003476,Maharashtra,Mobile,Basic,2024-02-19,2024-08-13,199
S003477,East India,Mobile,Standard,2024-08-17,,399
S003478,East India,Mobile,Basic,2024-12-28,,199
S003479,North India,Mobile,Standard,2024-04-25,,399
S003480,Maharashtra,Mobile,Basic,2024-12-17,,199
S003481,South India,Mobile,Standard,2024-05-03,,399
S003482,Karnataka,Smart TV,Premium,2024-11-25,,699
S003483,West India,Mobile,Standard,2024-04-02,,399
S003484,East India,Mobile,Basic,2024-07-27,,199
S003485,Maharashtra,Desktop,Basic,2024-06-03,,199
S003486,South India,Smart TV,Standard,2024-12-13,,399
S003487,West India,Mobile,Standard,2024-05-21,,399
S003488,Karnataka,Smart TV,Basic,2024-12-28,,199
S003489,North India,Laptop,Premium,2024-08-08,,699
S003490,East India,Laptop,Basic,2024-01-19,2024-05-31,199
S003491,Maharashtra,Smart TV,Basic,2024-06-20,,199
S003492,West India,Laptop,Basic,2024-02-24,,199
S003493,South India,Mobile,Premium,2024-04-02,,699
S003494,Karnataka,Smart TV,Basic,2024-06-11,,199
S003495,East India,Laptop,Standard,2024-03-18,,399
S003496,West India,Laptop,Premium,2024-10-04,,699
S003497,North India,Tablet,Premium,2024-02-09,,699
S003498,South India,Mobile,Premium,2024-06-21,,699
S003499,West India,Smart TV,Basic,2024-08-20,,199
S003500,Maharashtra,Smart TV,Premium,2024-12-18,,699
S003501,West India,Smart TV,Premium,2024-03-25,,699
S003502,North India,Mobile,Standard,2024-10-15,2025-02-22,399
S003503,West India,Mobile,Basic,2024-11-02,,199
S003504,West India,Mobile,Basic,2024-10-02,,199
S003505,South India,Mobile,Basic,2024-06-02,2024-08-29,199
S003506,East India,Smart TV,Standard,2024-09-30,,399
S003507,Karnataka,Smart TV,Premium,2024-09-18,,699
S003508,Karnataka,Smart TV,Standard,2024-08-23,,399
S003509,West India,Laptop,Standard,2024-01-07,,399
S003510,Karnataka,Smart TV,Standard,2024-02-02,,399
S003511,West India,Tablet,Basic,2024-10-23,,199
S003512,Karnataka,Laptop,Premium,2024-02-04,,699
S003513,North India,Laptop,Basic,2024-07-19,,199
S003514,Maharashtra,Tablet,Basic,2024-03-06,2024-08-26,199
S003515,North India,Mobile,Basic,2024-11-04,,199
S003516,Maharashtra,Laptop,Basic,2024-12-29,,199
S003517,West India,Smart TV,Premium,2024-07-15,,699
S003518,West India,Laptop,Premium,2024-08-24,,699
S003519,Karnataka,Tablet,Premium,2024-02-05,,699
S003520,Karnataka,Mobile,Premium,2024-11-24,,699
S003521,East India,Mobile,Standard,2024-01-12,2024-02-11,399
S003522,South India,Mobile,Basic,2024-02-08,2024-05-07,199
S003523,Maharashtra,Laptop,Basic,2024-04-13,,199
S003524,South India,Tablet,Standard,2024-12-29,,399
S003525,North India,Mobile,Standard,2024-04-10,,399
S003526,North India,Laptop,Standard,2024-03-16,,399
S003527,South India,Smart TV,Basic,2024-02-19,,199
S003528,West India,Mobile,Standard,2024-03-17,2024-06-08,399
S003529,West India,Tablet,Basic,2024-01-28,,199
S003530,Maharashtra,Laptop,Basic,2024-01-27,,199
S003531,Karnataka,Desktop,Standard,2024-06-13,,399
S003532,West India,Mobile,Basic,2024-08-12,2024-11-10,199
S003533,Maharashtra,Mobile,Basic,2024-12-14,,199
S003534,West India,Mobile,Basic,2024-05-14,,199
S003535,North India,Laptop,Basic,2024-01-09,,199
S003536,North India,Laptop,Basic,2024-07-09,2024-12-25,199
S003537,Maharashtra,Smart TV,Standard,2024-02-02,,399
S003538,West India,Tablet,Basic,2024-06-08,,199
S003539,Maharashtra,Smart TV,Premium,2024-03-06,,699
S003540,East India,Mobile,Standard,2024-11-18,,399
S003541,South India,Desktop,Basic,2024-04-19,,199
S003542,Karnataka,Mobile,Basic,2024-06-29,2024-10-02,199
S003543,Karnataka,Mobile,Basic,2024-02-04,,199
S003544,Maharashtra,Tablet,Basic,2024-09-17,,199
S003545,North India,Smart TV,Basic,2024-07-17,2025-01-09,199
S003546,South India,Smart TV,Basic,2024-08-30,,199
S003547,Maharashtra,Smart TV,Standard,2024-01-10,,399
S003548,East India,Smart TV,Basic,2024-11-22,,199
S003549,North India,Mobile,Basic,2024-05-03,,199
S003550,Maharashtra,Mobile,Premium,2024-11-27,,699
S003551,North India,Laptop,Standard,2024-12-30,,399
S003552,West India,Mobile,Premium,2024-12-17,,699
S003553,North India,Laptop,Standard,2024-11-15,,399
S003554,South India,Smart TV,Basic,2024-01-17,,199
S003555,North India,Laptop,Standard,2024-02-14,,399
S003556,North India,Laptop,Standard,2024-04-14,2024-06-27,399
S003557,South India,Mobile,Standard,2024-06-09,,399
S003558,West India,Mobile,Basic,2024-10-08,2024-11-12,199
S003559,Maharashtra,Smart TV,Standard,2024-09-05,2024-11-13,399
S003560,Maharashtra,Mobile,Premium,2024-12-30,,699
S003561,North India,Mobile,Standard,2024-08-10,,399
S003562,North India,Mobile,Standard,2024-10-29,,399
S003563,East India,Smart TV,Premium,2024-04-20,,699
S003564,South India,Smart TV,Basic,2024-06-30,,199
S003565,East India,Mobile,Standard,2024-12-21,2025-02-25,399
S003566,West India,Mobile,Premium,2024-05-28,,699
S003567,South India,Smart TV,Basic,2024-08-10,,199
S003568,North India,Smart TV,Basic,2024-04-01,,199
S003569,East India,Mobile,Basic,2024-04-08,,199
S003570,West India,Laptop,Standard,2024-05-09,,399
S003571,Karnataka,Mobile,Basic,2024-05-24,,199
S003572,North India,Laptop,Basic,2024-06-08,,199
S003573,East India,Smart TV,Standard,2024-08-11,,399
S003574,Maharashtra,Tablet,Basic,2024-08-07,,199
S003575,North India,Smart TV,Standard,2024-06-29,,399
S003576,North India,Desktop,Basic,2024-11-10,,199
S003577,East India,Smart TV,Basic,2024-08-20,,199
S003578,Karnataka,Mobile,Basic,2024-04-01,,199
S003579,West India,Desktop,Standard,2024-09-03,2024-10-23,399
S003580,West India,Tablet,Standard,2024-02-19,,399
S003581,East India,Tablet,Basic,2024-12-14,2025-03-06,199
S003582,North India,Laptop,Premium,2024-06-17,,699
S003583,West India,Tablet,Premium,2024-05-20,,699
S003584,East India,Smart TV,Standard,2024-02-07,,399
S003585,Maharashtra,Tablet,Standard,2024-07-29,,399
S003586,South India,Mobile,Standard,2024-09-15,2024-11-12,399
S003587,Maharashtra,Desktop,Basic,2024-04-29,,199
S003588,South India,Tablet,Standard,2024-10-05,,399
S003589,West India,Mobile,Premium,2024-09-26,,699
S003590,Maharashtra,Smart TV,Standard,2024-11-18,,399
S003591,West India,Smart TV,Standard,2024-01-17,,399
S003592,Maharashtra,Smart TV,Basic,2024-01-13,,199
S003593,West India,Smart TV,Premium,2024-02-12,,699
S003594,Karnataka,Mobile,Standard,2024-10-10,,399
S003595,North India,Laptop,Basic,2024-03-31,,199
S003596,East India,Laptop,Standard,2024-04-15,,399
S003597,East India,Tablet,Basic,2024-07-11,,199
S003598,East India,Mobile,Basic,2024-11-27,,199
S003599,South India,Smart TV,Standard,2024-11-06,,399
S003600,Karnataka,Smart TV,Standard,2024-07-06,,399
S003601,South India,Smart TV,Premium,2024-02-08,,699
S003602,East India,Mobile,Basic,2024-03-07,,199
S003603,West India,Laptop,Standard,2024-12-16,,399
S003604,North India,Laptop,Standard,2024-02-21,,399
S003605,South India,Smart TV,Premium,2024-04-05,,699
S003606,Karnataka,Laptop,Basic,2024-04-02,,199
S003607,East India,Smart TV,Basic,2024-06-29,,199
S003608,East India,Laptop,Basic,2024-12-26,,199
S003609,South India,Mobile,Basic,2024-02-05,,199
S003610,West India,Desktop,Basic,2024-04-01,2024-08-09,199
S003611,West India,Mobile,Basic,2024-07-17,,199
S003612,Maharashtra,Mobile,Basic,2024-10-17,,199
S003613,Maharashtra,Smart TV,Standard,2024-09-16,,399
S003614,West India,Smart TV,Basic,2024-05-30,,199
S003615,Maharashtra,Laptop,Standard,2024-04-20,,399
S003616,Karnataka,Mobile,Standard,2024-06-24,2024-11-06,399
S003617,North India,Desktop,Standard,2024-06-24,,399
S003618,Karnataka,Smart TV,Standard,2024-12-26,,399
S003619,Karnataka,Laptop,Basic,2024-05-02,,199
S003620,West India,Smart TV,Basic,2024-04-18,,199
S003621,East India,Smart TV,Premium,2024-10-22,2025-01-05,699
S003622,East India,Mobile,Premium,2024-06-26,,699
S003623,Karnataka,Laptop,Premium,2024-04-04,,699
S003624,Karnataka,Smart TV,Standard,2024-10-17,,399
S003625,East India,Tablet,Basic,2024-05-20,,199
S003626,North India,Smart TV,Basic,2024-01-25,2024-04-11,199
S003627,North India,Desktop,Premium,2024-01-19,,699
S003628,East India,Smart TV,Basic,2024-09-11,,199
S003629,Maharashtra,Laptop,Premium,2024-03-26,,699
S003630,Karnataka,Mobile,Basic,2024-01-19,,199
S003631,East India,Laptop,Basic,2024-07-30,2024-11-01,199
S003632,North India,Mobile,Standard,2024-08-24,,399
S003633,South India,Laptop,Basic,2024-01-07,,199
S003634,Maharashtra,Smart TV,Basic,2024-10-12,,199
S003635,North India,Tablet,Basic,2024-03-15,,199
S003636,East India,Smart TV,Basic,2024-04-06,2024-06-08,199
S003637,Maharashtra,Smart TV,Premium,2024-05-03,,699
S003638,Maharashtra,Laptop,Basic,2024-12-25,,199
S003639,North India,Mobile,Basic,2024-08-28,,199
S003640,East India,Smart TV,Basic,2024-06-06,2024-10-13,199
S003641,East India,Mobile,Premium,2024-04-09,,699
S003642,West India,Mobile,Standard,2024-05-16,,399
S003643,East India,Smart TV,Standard,2024-08-07,2024-11-27,399
S003644,West India,Smart TV,Standard,2024-09-15,,399
S003645,West India,Mobile,Basic,2024-06-28,2024-09-03,199
S003646,Maharashtra,Mobile,Basic,2024-06-27,,199
S003647,Karnataka,Laptop,Basic,2024-10-04,,199
S003648,East India,Mobile,Standard,2024-06-29,2024-12-20,399
S003649,Karnataka,Mobile,Standard,2024-10-30,,399
S003650,West India,Laptop,Premium,2024-06-03,,699
S003651,East India,Tablet,Basic,2024-11-08,2025-03-12,199
S003652,West India,Desktop,Standard,2024-05-07,,399
S003653,North India,Smart TV,Basic,2024-03-06,,199
S003654,North India,Mobile,Basic,2024-03-24,,199
S003655,East India,Laptop,Basic,2024-11-27,,199
S003656,South India,Smart TV,Basic,2024-10-29,,199
S003657,West India,Tablet,Standard,2024-01-21,,399
S003658,Karnataka,Mobile,Basic,2024-04-09,,199
S003659,North India,Smart TV,Premium,2024-08-27,,699
S003660,Karnataka,Laptop,Premium,2024-05-21,,699
S003661,West India,Smart TV,Premium,2024-08-26,2024-12-01,699
S003662,Karnataka,Tablet,Basic,2024-10-07,,199
S003663,East India,Desktop,Basic,2024-09-22,,199
S003664,North India,Tablet,Premium,2024-05-20,,699
S003665,West India,Laptop,Standard,2024-05-19,,399
S003666,South India,Smart TV,Premium,2024-07-21,,699
S003667,East India,Mobile,Basic,2024-12-15,,199
S003668,West India,Smart TV,Premium,2024-08-24,,699
S003669,South India,Mobile,Premium,2024-12-26,,699
S003670,Karnataka,Smart TV,Standard,2024-01-17,,399
S003671,North India,Mobile,Basic,2024-03-10,2024-06-24,199
S003672,Karnataka,Smart TV,Premium,2024-10-20,2024-12-20,699
S003673,South India,Mobile,Basic,2024-10-22,,199
S003674,South India,Smart TV,Basic,2024-12-07,2025-03-20,199
S003675,West India,Smart TV,Basic,2024-05-08,,199
S003676,West India,Smart TV,Standard,2024-11-13,,399
S003677,East India,Tablet,Standard,2024-03-01,2024-04-25,399
S003678,South India,Laptop,Basic,2024-02-11,,199
S003679,East India,Smart TV,Basic,2024-08-25,,199
S003680,East India,Mobile,Basic,2024-09-19,,199
S003681,Karnataka,Smart TV,Premium,2024-09-03,,699
S003682,East India,Smart TV,Basic,2024-08-12,,199
S003683,West India,Mobile,Basic,2024-07-02,,199
S003684,East India,Mobile,Standard,2024-08-17,,399
S003685,North India,Tablet,Basic,2024-08-25,2024-11-16,199
S003686,West India,Smart TV,Basic,2024-08-30,,199
S003687,Maharashtra,Smart TV,Basic,2024-03-06,,199
S003688,South India,Smart TV,Basic,2024-01-20,2024-07-02,199
S003689,Maharashtra,Mobile,Premium,2024-02-28,,699
S003690,West India,Smart TV,Basic,2024-02-06,2024-04-18,199
S003691,West India,Laptop,Basic,2024-09-15,,199
S003692,East India,Smart TV,Standard,2024-04-05,,399
S003693,West India,Smart TV,Standard,2024-04-01,,399
S003694,Maharashtra,Tablet,Basic,2024-05-03,,199
S003695,North India,Mobile,Basic,2024-01-13,2024-03-05,199
S003696,Maharashtra,Laptop,Basic,2024-06-13,,199
S003697,East India,Smart TV,Premium,2024-02-13,,699
S003698,South India,Smart TV,Standard,2024-06-21,2024-08-24,399
S003699,East India,Laptop,Standard,2024-04-18,,399
S003700,South India,Mobile,Standard,2024-01-23,,399
S003701,South India,Mobile,Basic,2024-01-24,,199
S003702,West India,Mobile,Standard,2024-05-11,,399
S003703,West India,Smart TV,Premium,2024-06-27,,699
S003704,East India,Smart TV,Basic,2024-07-08,,199
S003705,West India,Laptop,Standard,2024-04-04,,399
S003706,South India,Laptop,Standard,2024-10-26,,399
S003707,Maharashtra,Desktop,Premium,2024-07-30,,699
S003708,Karnataka,Mobile,Premium,2024-10-03,,699
S003709,South India,Desktop,Standard,2024-08-08,,399
S003710,North India,Mobile,Basic,2024-11-16,,199
S003711,Karnataka,Desktop,Basic,2024-09-27,,199
S003712,West India,Mobile,Standard,2024-10-16,,399
S003713,East India,Tablet,Basic,2024-03-06,,199
S003714,West India,Smart TV,Basic,2024-01-07,,199
S003715,East India,Mobile,Standard,2024-02-15,,399
S003716,West India,Mobile,Premium,2024-03-30,,699
S003717,Maharashtra,Mobile,Premium,2024-04-01,,699
S003718,Maharashtra,Mobile,Premium,2024-01-25,,699
S003719,West India,Laptop,Basic,2024-10-26,,199
S003720,West India,Smart TV,Premium,2024-09-24,,699
S003721,Karnataka,Desktop,Basic,2024-02-03,,199
S003722,East India,Smart TV,Standard,2024-10-21,,399
S003723,South India,Mobile,Basic,2024-12-03,,199
S003724,Karnataka,Laptop,Standard,2024-08-15,,399
S003725,Maharashtra,Tablet,Standard,2024-06-26,,399
S003726,South India,Mobile,Basic,2024-11-22,,199
S003727,Maharashtra,Tablet,Standard,2024-09-20,,399
S003728,South India,Tablet,Standard,2024-06-03,,399
S003729,East India,Laptop,Premium,2024-02-19,,699
S003730,West India,Mobile,Standard,2024-09-30,,399
S003731,Maharashtra,Smart TV,Premium,2024-09-23,,699
S003732,West India,Mobile,Standard,2024-12-08,,399
S003733,North India,Smart TV,Standard,2024-10-11,2024-12-19,399
S003734,East India,Mobile,Standard,2024-11-13,,399
S003735,South India,Laptop,Premium,2024-10-06,2024-12-10,699
S003736,Maharashtra,Smart TV,Basic,2024-12-07,,199
S003737,East India,Tablet,Basic,2024-12-17,,199
S003738,Karnataka,Laptop,Basic,2024-10-16,,199
S003739,East India,Laptop,Basic,2024-04-11,,199
S003740,Karnataka,Smart TV,Premium,2024-09-22,,699
S003741,Karnataka,Smart TV,Basic,2024-06-19,,199
S003742,West India,Tablet,Standard,2024-03-08,,399
S003743,East India,Smart TV,Standard,2024-10-12,2025-02-26,399
S003744,South India,Smart TV,Premium,2024-10-11,,699
S003745,North India,Mobile,Basic,2024-02-25,,199
S003746,Karnataka,Desktop,Basic,2024-03-14,,199
S003747,North India,Smart TV,Basic,2024-08-16,,199
S003748,North India,Mobile,Basic,2024-10-13,,199
S003749,West India,Mobile,Basic,2024-05-04,,199
S003750,North India,Mobile,Premium,2024-04-16,,699
S003751,Karnataka,Desktop,Standard,2024-05-14,,399
S003752,Maharashtra,Smart TV,Premium,2024-03-16,,699
S003753,South India,Laptop,Premium,2024-04-12,2024-07-10,699
S003754,North India,Mobile,Basic,2024-01-09,,199
S003755,West India,Mobile,Basic,2024-06-01,,199
S003756,West India,Mobile,Basic,2024-08-15,,199
S003757,East India,Mobile,Basic,2024-12-13,,199
S003758,Maharashtra,Smart TV,Basic,2024-07-16,,199
S003759,Karnataka,Mobile,Basic,2024-07-06,,199
S003760,North India,Smart TV,Basic,2024-07-18,,199
S003761,Maharashtra,Desktop,Premium,2024-10-09,,699
S003762,East India,Mobile,Basic,2024-05-22,,199
S003763,North India,Laptop,Basic,2024-03-15,,199
S003764,South India,Mobile,Standard,2024-09-20,,399
S003765,South India,Tablet,Standard,2024-11-06,,399
S003766,North India,Mobile,Basic,2024-11-04,,199
S003767,South India,Laptop,Basic,2024-12-12,,199
S003768,Karnataka,Desktop,Basic,2024-05-07,,199
S003769,North India,Mobile,Basic,2024-10-11,,199
S003770,North India,Mobile,Premium,2024-11-24,2025-03-10,699
S003771,Karnataka,Laptop,Premium,2024-08-27,,699
S003772,North India,Smart TV,Premium,2024-07-27,,699
S003773,Karnataka,Desktop,Standard,2024-06-11,,399
S003774,West India,Mobile,Basic,2024-09-04,,199
S003775,Maharashtra,Mobile,Basic,2024-09-17,2024-12-23,199
S003776,Karnataka,Mobile,Standard,2024-07-19,,399
S003777,North India,Laptop,Basic,2024-07-01,,199
S003778,North India,Laptop,Basic,2024-08-06,,199
S003779,West India,Smart TV,Premium,2024-03-07,,699
S003780,South India,Mobile,Basic,2024-01-08,,199
S003781,Karnataka,Mobile,Standard,2024-12-30,,399
S003782,West India,Desktop,Premium,2024-07-14,,699
S003783,West India,Tablet,Standard,2024-11-01,,399
S003784,North India,Smart TV,Standard,2024-06-01,,399
S003785,West India,Smart TV,Standard,2024-05-06,,399
S003786,West India,Smart TV,Standard,2024-02-27,,399
S003787,South India,Tablet,Basic,2024-04-04,2024-09-03,199
S003788,East India,Smart TV,Basic,2024-01-29,2024-05-14,199
S003789,North India,Mobile,Basic,2024-04-16,,199
S003790,East India,Tablet,Standard,2024-01-12,,399
S003791,East India,Mobile,Basic,2024-07-24,,199
S003792,North India,Mobile,Basic,2024-03-08,,199
S003793,North India,Smart TV,Basic,2024-01-15,2024-02-23,199
S003794,West India,Smart TV,Basic,2024-09-09,,199
S003795,West India,Smart TV,Basic,2024-06-16,,199
S003796,East India,Smart TV,Premium,2024-11-10,,699
S003797,Karnataka,Smart TV,Premium,2024-05-01,,699
S003798,Maharashtra,Mobile,Standard,2024-03-27,2024-06-17,399
S003799,East India,Smart TV,Basic,2024-02-09,,199
S003800,North India,Tablet,Standard,2024-08-21,,399
S003801,North India,Desktop,Basic,2024-06-21,,199
S003802,Maharashtra,Mobile,Basic,2024-12-21,,199
S003803,East India,Mobile,Basic,2024-02-18,,199
S003804,South India,Mobile,Standard,2024-08-11,2024-12-14,399
S003805,East India,Laptop,Standard,2024-12-13,,399
S003806,West India,Smart TV,Basic,2024-07-04,,199
S003807,South India,Smart TV,Basic,2024-08-05,,199
S003808,East India,Smart TV,Standard,2024-12-21,,399
S003809,South India,Laptop,Basic,2024-05-01,,199
S003810,South India,Smart TV,Premium,2024-09-19,,699
S003811,South India,Laptop,Basic,2024-11-03,,199
S003812,West India,Laptop,Standard,2024-06-29,2024-11-30,399
S003813,East India,Smart TV,Premium,2024-08-01,,699
S003814,Maharashtra,Mobile,Standard,2024-08-19,,399
S003815,West India,Mobile,Premium,2024-09-04,,699
S003816,Karnataka,Mobile,Basic,2024-03-03,2024-08-16,199
S003817,Karnataka,Mobile,Basic,2024-06-28,,199
S003818,South India,Smart TV,Basic,2024-05-15,,199
S003819,East India,Smart TV,Basic,2024-11-27,,199
S003820,Karnataka,Smart TV,Basic,2024-03-01,,199
S003821,South India,Smart TV,Standard,2024-02-20,,399
S003822,North India,Mobile,Basic,2024-01-26,,199
S003823,South India,Desktop,Basic,2024-04-07,,199
S003824,North India,Mobile,Premium,2024-05-25,,699
S003825,South India,Mobile,Standard,2024-01-20,,399
S003826,Maharashtra,Mobile,Basic,2024-04-14,,199
S003827,West India,Mobile,Basic,2024-02-24,,199
S003828,East India,Mobile,Basic,2024-03-16,,199
S003829,North India,Smart TV,Basic,2024-03-03,,199
S003830,West India,Smart TV,Standard,2024-05-18,,399
S003831,Maharashtra,Desktop,Standard,2024-05-28,,399
S003832,East India,Mobile,Basic,2024-11-30,,199
S003833,North India,Smart TV,Basic,2024-11-05,,199
S003834,North India,Mobile,Premium,2024-09-17,,699
S003835,East India,Smart TV,Basic,2024-03-10,,199
S003836,West India,Tablet,Standard,2024-12-28,,399
S003837,North India,Desktop,Standard,2024-10-10,,399
S003838,East India,Smart TV,Basic,2024-11-27,,199
S003839,South India,Mobile,Basic,2024-12-19,,199
S003840,East India,Smart TV,Basic,2024-02-03,,199
S003841,South India,Mobile,Premium,2024-06-28,,699
S003842,Maharashtra,Smart TV,Basic,2024-07-25,,199
S003843,Maharashtra,Smart TV,Standard,2024-05-31,2024-07-09,399
S003844,Karnataka,Smart TV,Premium,2024-06-05,2024-08-25,699
S003845,Karnataka,Tablet,Basic,2024-03-16,,199
S003846,Maharashtra,Smart TV,Premium,2024-12-03,,699
S003847,South India,Mobile,Basic,2024-05-16,2024-10-10,199
S003848,North India,Smart TV,Premium,2024-01-01,,699
S003849,East India,Desktop,Premium,2024-04-08,,699
S003850,Karnataka,Mobile,Premium,2024-10-07,,699
S003851,Karnataka,Mobile,Standard,2024-08-03,,399
S003852,West India,Smart TV,Standard,2024-12-07,,399
S003853,West India,Smart TV,Basic,2024-03-18,,199
S003854,West India,Mobile,Standard,2024-01-28,2024-03-15,399
S003855,Maharashtra,Laptop,Basic,2024-12-30,,199
S003856,Maharashtra,Mobile,Premium,2024-04-26,,699
S003857,North India,Mobile,Basic,2024-11-04,,199
S003858,East India,Laptop,Basic,2024-12-09,,199
S003859,East India,Smart TV,Basic,2024-12-07,,199
S003860,North India,Smart TV,Basic,2024-02-22,,199
S003861,West India,Mobile,Basic,2024-06-08,,199
S003862,North India,Mobile,Basic,2024-10-07,2025-03-20,199
S003863,Karnataka,Smart TV,Basic,2024-09-17,,199
S003864,Maharashtra,Smart TV,Basic,2024-11-13,,199
S003865,South India,Mobile,Basic,2024-01-21,,199
S003866,South India,Laptop,Basic,2024-11-05,,199
S003867,Karnataka,Desktop,Basic,2024-06-15,,199
S003868,South India,Smart TV,Standard,2024-07-12,,399
S003869,Karnataka,Mobile,Basic,2024-02-18,,199
S003870,Karnataka,Smart TV,Basic,2024-01-17,,199
S003871,North India,Smart TV,Basic,2024-06-15,,199
S003872,East India,Laptop,Basic,2024-10-30,,199
S003873,Karnataka,Mobile,Basic,2024-02-20,,199
S003874,East India,Mobile,Basic,2024-02-02,,199
S003875,Karnataka,Smart TV,Standard,2024-03-06,,399
S003876,Maharashtra,Tablet,Basic,2024-04-28,,199
S003877,Karnataka,Mobile,Basic,2024-07-29,2024-10-29,199
S003878,West India,Tablet,Basic,2024-08-16,,199
S003879,East India,Tablet,Standard,2024-02-07,,399
S003880,North India,Laptop,Basic,2024-09-19,,199
S003881,East India,Mobile,Premium,2024-02-06,,699
S003882,East India,Mobile,Basic,2024-09-19,,199
S003883,Maharashtra,Smart TV,Basic,2024-04-01,,199
S003884,South India,Smart TV,Basic,2024-06-22,2024-11-07,199
S003885,East India,Mobile,Basic,2024-06-03,,199
S003886,West India,Laptop,Basic,2024-01-05,,199
S003887,Karnataka,Desktop,Standard,2024-05-17,,399
S003888,Maharashtra,Mobile,Standard,2024-05-15,,399
S003889,Maharashtra,Smart TV,Premium,2024-05-17,,699
S003890,South India,Laptop,Basic,2024-01-17,,199
S003891,East India,Mobile,Basic,2024-11-26,,199
S003892,North India,Mobile,Standard,2024-08-30,,399
S003893,Maharashtra,Laptop,Basic,2024-07-28,,199
S003894,West India,Laptop,Basic,2024-09-30,2024-11-23,199
S003895,West India,Smart TV,Basic,2024-03-02,,199
S003896,West India,Mobile,Standard,2024-10-25,2025-04-09,399
S003897,West India,Tablet,Basic,2024-02-24,,199
S003898,North India,Smart TV,Standard,2024-08-19,2024-10-06,399
S003899,East India,Mobile,Basic,2024-08-28,2025-02-01,199
S003900,South India,Mobile,Basic,2024-11-15,,199
S003901,West India,Tablet,Premium,2024-12-14,,699
S003902,East India,Mobile,Basic,2024-06-13,,199
S003903,South India,Laptop,Premium,2024-07-13,,699
S003904,Karnataka,Smart TV,Premium,2024-02-27,,699
S003905,East India,Laptop,Standard,2024-10-02,,399
S003906,Maharashtra,Mobile,Basic,2024-07-14,,199
S003907,East India,Laptop,Basic,2024-03-06,,199
S003908,North India,Laptop,Basic,2024-09-29,,199
S003909,Maharashtra,Laptop,Premium,2024-01-11,,699
S003910,Maharashtra,Desktop,Basic,2024-10-04,,199
S003911,Maharashtra,Tablet,Standard,2024-03-11,,399
S003912,Maharashtra,Laptop,Basic,2024-04-01,,199
S003913,West India,Mobile,Premium,2024-10-08,,699
S003914,West India,Laptop,Basic,2024-04-14,,199
S003915,East India,Smart TV,Standard,2024-11-29,,399
S003916,West India,Mobile,Basic,2024-03-28,,199
S003917,East India,Desktop,Premium,2024-12-02,,699
S003918,Maharashtra,Mobile,Standard,2024-12-07,,399
S003919,North India,Smart TV,Standard,2024-10-04,,399
S003920,South India,Laptop,Standard,2024-05-15,,399
S003921,North India,Tablet,Basic,2024-11-18,,199
S003922,East India,Tablet,Basic,2024-05-13,,199
S003923,South India,Mobile,Standard,2024-07-28,,399
S003924,Karnataka,Laptop,Basic,2024-12-13,2025-06-10,199
S003925,West India,Smart TV,Basic,2024-10-01,,199
S003926,West India,Mobile,Basic,2024-12-15,,199
S003927,North India,Mobile,Standard,2024-07-12,2024-09-29,399
S003928,Maharashtra,Laptop,Basic,2024-06-17,,199
S003929,West India,Laptop,Standard,2024-12-12,,399
S003930,Maharashtra,Laptop,Premium,2024-12-20,2025-03-11,699
S003931,South India,Tablet,Basic,2024-06-23,,199
S003932,North India,Mobile,Basic,2024-08-19,,199
S003933,Karnataka,Laptop,Standard,2024-07-21,,399
S003934,West India,Laptop,Standard,2024-12-11,,399
S003935,Karnataka,Mobile,Basic,2024-12-18,,199
S003936,South India,Smart TV,Standard,2024-01-14,2024-05-09,399
S003937,West India,Smart TV,Standard,2024-10-24,,399
S003938,South India,Smart TV,Standard,2024-09-03,,399
S003939,South India,Smart TV,Premium,2024-01-13,2024-05-08,699
S003940,North India,Laptop,Standard,2024-11-17,,399
S003941,East India,Laptop,Standard,2024-10-09,,399
S003942,East India,Laptop,Premium,2024-04-25,,699
S003943,South India,Desktop,Premium,2024-06-18,,699
S003944,Maharashtra,Smart TV,Standard,2024-05-22,,399
S003945,Maharashtra,Laptop,Standard,2024-03-12,,399
S003946,North India,Tablet,Basic,2024-12-22,,199
S003947,Maharashtra,Laptop,Standard,2024-11-19,,399
S003948,East India,Laptop,Basic,2024-04-27,,199
S003949,North India,Tablet,Standard,2024-09-03,,399
S003950,Maharashtra,Mobile,Standard,2024-09-28,2025-03-15,399
S003951,South India,Laptop,Premium,2024-05-29,,699
S003952,East India,Smart TV,Premium,2024-12-23,,699
S003953,South India,Smart TV,Basic,2024-07-31,,199
S003954,Karnataka,Mobile,Basic,2024-10-27,,199
S003955,East India,Mobile,Basic,2024-07-24,2024-09-02,199
S003956,Maharashtra,Tablet,Basic,2024-05-09,,199
S003957,East India,Mobile,Premium,2024-05-09,,699
S003958,Maharashtra,Mobile,Basic,2024-09-05,,199
S003959,East India,Tablet,Standard,2024-02-16,,399
S003960,East India,Tablet,Standard,2024-02-11,,399
S003961,East India,Smart TV,Standard,2024-04-24,,399
S003962,East India,Tablet,Standard,2024-06-01,,399
S003963,West India,Mobile,Standard,2024-01-11,,399
S003964,East India,Laptop,Basic,2024-12-27,,199
S003965,Maharashtra,Mobile,Basic,2024-11-09,,199
S003966,West India,Smart TV,Premium,2024-09-14,2025-01-24,699
S003967,North India,Desktop,Basic,2024-01-22,,199
S003968,South India,Laptop,Standard,2024-08-10,,399
S003969,Maharashtra,Tablet,Basic,2024-01-11,,199
S003970,Karnataka,Laptop,Basic,2024-09-04,,199
S003971,East India,Mobile,Basic,2024-09-19,,199
S003972,Karnataka,Laptop,Basic,2024-03-29,,199
S003973,Karnataka,Tablet,Basic,2024-02-10,,199
S003974,South India,Tablet,Standard,2024-01-31,,399
S003975,South India,Smart TV,Standard,2024-04-04,,399
S003976,Karnataka,Mobile,Basic,2024-06-27,,199
S003977,South India,Smart TV,Standard,2024-11-07,,399
S003978,East India,Laptop,Basic,2024-09-27,,199
S003979,South India,Smart TV,Standard,2024-09-26,,399
S003980,West India,Tablet,Basic,2024-05-04,,199
S003981,West India,Laptop,Basic,2024-09-26,,199
S003982,North India,Mobile,Premium,2024-04-29,,699
S003983,East India,Laptop,Standard,2024-09-27,,399
S003984,West India,Smart TV,Basic,2024-08-20,,199
S003985,North India,Laptop,Standard,2024-11-14,,399
S003986,West India,Mobile,Basic,2024-08-26,,199
S003987,North India,Desktop,Basic,2024-01-22,,199
S003988,West India,Mobile,Standard,2024-11-13,,399
S003989,Karnataka,Smart TV,Basic,2024-06-08,,199
S003990,South India,Smart TV,Standard,2024-02-28,,399
S003991,East India,Mobile,Premium,2024-09-13,,699
S003992,South India,Tablet,Standard,2024-05-16,,399
S003993,South India,Smart TV,Basic,2024-10-13,,199
S003994,South India,Laptop,Basic,2024-12-03,2025-05-07,199
S003995,Karnataka,Tablet,Basic,2024-01-17,,199
S003996,Karnataka,Mobile,Basic,2024-03-31,,199
S003997,North India,Desktop,Premium,2024-12-12,,699
S003998,South India,Smart TV,Basic,2024-08-18,,199
S003999,East India,Smart TV,Basic,2024-08-14,,199
S004000,Maharashtra,Smart TV,Standard,2024-04-26,,399
S004001,West India,Mobile,Premium,2024-04-04,,699
S004002,Karnataka,Smart TV,Basic,2024-02-21,2024-06-03,199
S004003,Karnataka,Smart TV,Premium,2024-08-22,2025-01-13,699
S004004,West India,Mobile,Basic,2024-08-03,2024-09-17,199
S004005,South India,Tablet,Standard,2024-04-02,,399
S004006,Maharashtra,Mobile,Standard,2024-04-03,,399
S004007,Karnataka,Laptop,Basic,2024-02-11,,199
S004008,Karnataka,Smart TV,Basic,2024-01-24,,199
S004009,Karnataka,Laptop,Basic,2024-09-01,,199
S004010,East India,Smart TV,Standard,2024-08-21,,399
S004011,South India,Mobile,Standard,2024-08-24,,399
S004012,Karnataka,Smart TV,Premium,2024-11-04,,699
S004013,Maharashtra,Mobile,Standard,2024-02-27,,399
S004014,South India,Laptop,Basic,2024-08-24,,199
S004015,Karnataka,Mobile,Basic,2024-05-08,,199
S004016,West India,Mobile,Standard,2024-09-28,2025-02-02,399
S004017,South India,Laptop,Basic,2024-08-30,,199
S004018,Karnataka,Smart TV,Basic,2024-09-26,,199
S004019,Maharashtra,Desktop,Basic,2024-12-14,,199
S004020,Karnataka,Laptop,Basic,2024-12-22,2025-04-20,199
S004021,Karnataka,Laptop,Basic,2024-05-29,2024-07-25,199
S004022,East India,Mobile,Standard,2024-10-31,,399
S004023,South India,Smart TV,Standard,2024-07-18,,399
S004024,West India,Mobile,Basic,2024-09-28,,199
S004025,Maharashtra,Tablet,Basic,2024-03-18,,199
S004026,East India,Laptop,Premium,2024-09-14,2024-11-28,699
S004027,West India,Laptop,Basic,2024-12-02,,199
S004028,South India,Smart TV,Premium,2024-02-01,2024-04-03,699
S004029,Karnataka,Mobile,Basic,2024-11-05,,199
S004030,Karnataka,Smart TV,Standard,2024-11-11,,399
S004031,East India,Smart TV,Basic,2024-11-11,,199
S004032,North India,Laptop,Basic,2024-05-18,,199
S004033,North India,Smart TV,Premium,2024-05-02,,699
S004034,South India,Laptop,Basic,2024-10-11,,199
S004035,North India,Smart TV,Basic,2024-01-21,,199
S004036,Maharashtra,Smart TV,Standard,2024-02-06,,399
S004037,South India,Laptop,Basic,2024-11-06,,199
S004038,Karnataka,Smart TV,Basic,2024-04-16,,199
S004039,South India,Smart TV,Basic,2024-09-30,,199
S004040,Karnataka,Desktop,Standard,2024-01-12,,399
S004041,South India,Mobile,Standard,2024-11-09,2025-02-02,399
S004042,North India,Smart TV,Premium,2024-09-09,,699
S004043,North India,Smart TV,Basic,2024-01-04,,199
S004044,North India,Laptop,Standard,2024-12-14,,399
S004045,Maharashtra,Mobile,Standard,2024-02-10,,399
S004046,East India,Tablet,Standard,2024-01-09,,399
S004047,Maharashtra,Laptop,Basic,2024-06-21,,199
S004048,South India,Laptop,Basic,2024-03-23,,199
S004049,Maharashtra,Smart TV,Basic,2024-11-06,,199
S004050,North India,Smart TV,Basic,2024-11-29,,199
S004051,East India,Mobile,Premium,2024-11-17,,699
S004052,Karnataka,Laptop,Basic,2024-09-02,,199
S004053,South India,Tablet,Basic,2024-12-07,,199
S004054,Maharashtra,Mobile,Basic,2024-01-09,,199
S004055,East India,Mobile,Standard,2024-11-14,,399
S004056,Maharashtra,Mobile,Basic,2024-12-11,,199
S004057,Maharashtra,Laptop,Basic,2024-01-09,,199
S004058,West India,Desktop,Premium,2024-01-27,,699
S004059,Maharashtra,Mobile,Basic,2024-03-17,,199
S004060,South India,Laptop,Basic,2024-10-11,2025-02-05,199
S004061,Karnataka,Laptop,Basic,2024-02-08,,199
S004062,Maharashtra,Laptop,Standard,2024-04-21,,399
S004063,Karnataka,Mobile,Standard,2024-02-04,,399
S004064,North India,Mobile,Standard,2024-01-09,,399
S004065,Karnataka,Laptop,Basic,2024-10-22,,199
S004066,Maharashtra,Smart TV,Premium,2024-03-05,,699
S004067,West India,Mobile,Basic,2024-05-02,,199
S004068,North India,Smart TV,Premium,2024-01-04,2024-03-06,699
S004069,South India,Smart TV,Basic,2024-03-04,,199
S004070,West India,Smart TV,Standard,2024-04-04,,399
S004071,West India,Mobile,Premium,2024-10-04,,699
S004072,West India,Smart TV,Standard,2024-06-28,,399
S004073,Karnataka,Desktop,Premium,2024-01-04,,699
S004074,East India,Smart TV,Standard,2024-04-05,,399
S004075,East India,Mobile,Premium,2024-03-02,2024-07-21,699
S004076,Maharashtra,Desktop,Basic,2024-09-09,,199
S004077,West India,Smart TV,Basic,2024-02-23,2024-07-04,199
S004078,South India,Mobile,Premium,2024-07-14,,699
S004079,Karnataka,Mobile,Basic,2024-06-04,,199
S004080,South India,Mobile,Premium,2024-02-29,,699
S004081,West India,Smart TV,Premium,2024-12-07,,699
S004082,Karnataka,Mobile,Standard,2024-01-31,,399
S004083,East India,Smart TV,Standard,2024-04-18,,399
S004084,South India,Laptop,Premium,2024-08-10,,699
S004085,South India,Mobile,Premium,2024-03-05,,699
S004086,Karnataka,Tablet,Standard,2024-09-13,2024-10-21,399
S004087,South India,Mobile,Basic,2024-11-07,,199
S004088,West India,Mobile,Premium,2024-12-18,,699
S004089,West India,Desktop,Basic,2024-06-02,,199
S004090,Maharashtra,Smart TV,Basic,2024-06-25,2024-08-08,199
S004091,South India,Laptop,Basic,2024-03-14,2024-06-13,199
S004092,West India,Laptop,Standard,2024-11-12,2025-01-23,399
S004093,Maharashtra,Smart TV,Basic,2024-08-16,,199
S004094,Karnataka,Tablet,Basic,2024-09-28,,199
S004095,Maharashtra,Smart TV,Basic,2024-09-04,,199
S004096,Karnataka,Smart TV,Premium,2024-07-05,,699
S004097,South India,Smart TV,Basic,2024-08-27,,199
S004098,Karnataka,Mobile,Premium,2024-09-18,,699
S004099,South India,Mobile,Basic,2024-11-17,,199
S004100,South India,Mobile,Standard,2024-12-20,,399
S004101,South India,Mobile,Basic,2024-08-06,,199
S004102,East India,Mobile,Premium,2024-04-26,,699
S004103,Maharashtra,Mobile,Basic,2024-12-25,,199
S004104,Maharashtra,Laptop,Standard,2024-09-11,,399
S004105,North India,Laptop,Standard,2024-03-16,,399
S004106,West India,Mobile,Standard,2024-12-30,,399
S004107,West India,Mobile,Basic,2024-10-29,,199
S004108,West India,Smart TV,Premium,2024-02-14,,699
S004109,West India,Mobile,Basic,2024-02-02,,199
S004110,South India,Mobile,Basic,2024-07-30,,199
S004111,East India,Tablet,Basic,2024-03-19,,199
S004112,South India,Mobile,Standard,2024-07-25,,399
S004113,Maharashtra,Tablet,Standard,2024-12-19,,399
S004114,West India,Mobile,Basic,2024-06-08,,199
S004115,North India,Tablet,Standard,2024-02-23,,399
S004116,East India,Smart TV,Basic,2024-01-21,2024-06-25,199
S004117,West India,Mobile,Premium,2024-01-30,2024-04-28,699
S004118,South India,Mobile,Basic,2024-10-26,,199
S004119,Maharashtra,Smart TV,Standard,2024-04-19,,399
S004120,North India,Smart TV,Standard,2024-12-26,,399
S004121,East India,Desktop,Basic,2024-03-07,,199
S004122,North India,Laptop,Standard,2024-08-21,,399
S004123,West India,Laptop,Standard,2024-05-25,,399
S004124,South India,Smart TV,Basic,2024-09-16,2025-01-07,199
S004125,Maharashtra,Tablet,Basic,2024-08-31,2025-01-27,199
S004126,Karnataka,Laptop,Standard,2024-12-20,,399
S004127,East India,Smart TV,Premium,2024-05-30,,699
S004128,Karnataka,Mobile,Premium,2024-02-23,,699
S004129,East India,Desktop,Premium,2024-01-05,,699
S004130,South India,Desktop,Premium,2024-02-13,2024-05-08,699
S004131,West India,Mobile,Standard,2024-10-15,2025-02-24,399
S004132,Karnataka,Desktop,Premium,2024-06-23,,699
S004133,Karnataka,Smart TV,Premium,2024-05-14,,699
S004134,South India,Laptop,Premium,2024-12-20,,699
S004135,Karnataka,Mobile,Basic,2024-05-05,2024-07-15,199
S004136,North India,Laptop,Premium,2024-03-01,,699
S004137,Karnataka,Laptop,Premium,2024-11-13,,699
S004138,Karnataka,Laptop,Basic,2024-09-26,,199
S004139,West India,Mobile,Basic,2024-03-27,,199
S004140,West India,Mobile,Basic,2024-02-08,,199
S004141,Maharashtra,Mobile,Premium,2024-11-15,,699
S004142,South India,Smart TV,Basic,2024-04-10,,199
S004143,West India,Mobile,Premium,2024-01-14,,699
S004144,North India,Laptop,Standard,2024-02-07,,399
S004145,East India,Tablet,Premium,2024-04-11,,699
S004146,Maharashtra,Laptop,Premium,2024-06-05,,699
S004147,South India,Desktop,Basic,2024-05-12,,199
S004148,North India,Mobile,Standard,2024-08-07,,399
S004149,North India,Smart TV,Standard,2024-12-16,,399
S004150,Karnataka,Laptop,Premium,2024-06-16,,699
S004151,North India,Mobile,Basic,2024-03-11,,199
S004152,South India,Tablet,Standard,2024-06-23,2024-08-30,399
S004153,East India,Mobile,Standard,2024-10-25,,399
S004154,Maharashtra,Laptop,Basic,2024-07-27,,199
S004155,West India,Desktop,Basic,2024-06-01,,199
S004156,Maharashtra,Mobile,Basic,2024-11-26,,199
S004157,South India,Smart TV,Premium,2024-04-05,,699
S004158,Karnataka,Tablet,Basic,2024-09-29,2025-03-14,199
S004159,North India,Mobile,Standard,2024-08-22,,399
S004160,Maharashtra,Mobile,Basic,2024-09-29,,199
S004161,West India,Mobile,Standard,2024-01-24,,399
S004162,East India,Mobile,Standard,2024-02-24,,399
S004163,Karnataka,Smart TV,Standard,2024-05-27,,399
S004164,Maharashtra,Laptop,Standard,2024-02-11,,399
S004165,Maharashtra,Tablet,Standard,2024-04-21,,399
S004166,Maharashtra,Mobile,Basic,2024-12-11,2025-01-13,199
S004167,Karnataka,Mobile,Basic,2024-05-28,,199
S004168,South India,Mobile,Standard,2024-01-07,2024-03-04,399
S004169,East India,Tablet,Basic,2024-09-07,,199
S004170,Karnataka,Laptop,Basic,2024-07-11,,199
S004171,West India,Mobile,Basic,2024-07-21,,199
S004172,South India,Mobile,Basic,2024-06-27,,199
S004173,Maharashtra,Smart TV,Standard,2024-02-03,,399
S004174,North India,Laptop,Standard,2024-07-05,,399
S004175,North India,Laptop,Premium,2024-11-22,2025-04-08,699
S004176,North India,Mobile,Standard,2024-09-04,,399
S004177,Maharashtra,Mobile,Basic,2024-11-06,,199
S004178,South India,Mobile,Standard,2024-03-06,,399
S004179,South India,Mobile,Premium,2024-05-24,,699
S004180,Karnataka,Mobile,Basic,2024-06-05,,199
S004181,West India,Mobile,Standard,2024-03-01,,399
S004182,South India,Tablet,Premium,2024-06-03,,699
S004183,Maharashtra,Tablet,Standard,2024-01-12,2024-03-15,399
S004184,East India,Smart TV,Basic,2024-09-04,,199
S004185,North India,Laptop,Premium,2024-03-11,,699
S004186,Maharashtra,Smart TV,Standard,2024-10-01,,399
S004187,East India,Mobile,Premium,2024-06-10,,699
S004188,Maharashtra,Laptop,Standard,2024-05-02,2024-10-20,399
S004189,Karnataka,Tablet,Standard,2024-02-10,,399
S004190,South India,Laptop,Premium,2024-08-26,,699
S004191,North India,Mobile,Basic,2024-09-20,,199
S004192,South India,Mobile,Basic,2024-01-09,,199
S004193,South India,Laptop,Basic,2024-04-04,,199
S004194,West India,Smart TV,Basic,2024-01-29,2024-05-15,199
S004195,North India,Smart TV,Premium,2024-06-15,,699
S004196,Karnataka,Mobile,Basic,2024-03-27,,199
S004197,Karnataka,Smart TV,Basic,2024-11-19,,199
S004198,North India,Smart TV,Standard,2024-08-20,,399
S004199,West India,Mobile,Basic,2024-11-28,,199
S004200,Maharashtra,Smart TV,Basic,2024-11-12,,199
S004201,Maharashtra,Mobile,Basic,2024-05-04,,199
S004202,Karnataka,Mobile,Standard,2024-09-14,,399
S004203,Karnataka,Smart TV,Basic,2024-08-07,2024-12-15,199
S004204,East India,Laptop,Basic,2024-11-26,,199
S004205,Maharashtra,Tablet,Standard,2024-06-05,,399
S004206,North India,Mobile,Standard,2024-01-12,,399
S004207,West India,Smart TV,Basic,2024-05-20,,199
S004208,Maharashtra,Smart TV,Standard,2024-10-14,,399
S004209,East India,Mobile,Premium,2024-01-24,,699
S004210,Maharashtra,Laptop,Basic,2024-03-08,2024-07-25,199
S004211,East India,Smart TV,Standard,2024-02-01,,399
S004212,Karnataka,Mobile,Standard,2024-10-22,,399
S004213,East India,Mobile,Standard,2024-02-10,,399
S004214,Maharashtra,Smart TV,Basic,2024-08-16,,199
S004215,Maharashtra,Desktop,Premium,2024-06-07,2024-09-15,699
S004216,Maharashtra,Tablet,Standard,2024-04-09,,399
S004217,North India,Mobile,Basic,2024-12-16,,199
S004218,Maharashtra,Mobile,Basic,2024-01-16,,199
S004219,West India,Laptop,Basic,2024-11-11,,199
S004220,South India,Mobile,Basic,2024-06-04,,199
S004221,West India,Smart TV,Standard,2024-01-13,,399
S004222,South India,Mobile,Basic,2024-09-17,,199
S004223,South India,Smart TV,Premium,2024-10-06,,699
S004224,West India,Laptop,Basic,2024-10-23,,199
S004225,West India,Mobile,Standard,2024-09-08,2024-10-10,399
S004226,Karnataka,Mobile,Basic,2024-11-25,,199
S004227,South India,Mobile,Standard,2024-04-03,,399
S004228,East India,Smart TV,Standard,2024-02-08,,399
S004229,East India,Smart TV,Basic,2024-06-07,,199
S004230,Karnataka,Laptop,Basic,2024-08-29,,199
S004231,East India,Smart TV,Premium,2024-08-20,,699
S004232,Karnataka,Desktop,Basic,2024-03-27,,199
S004233,Maharashtra,Desktop,Basic,2024-02-28,,199
S004234,Maharashtra,Mobile,Standard,2024-06-20,,399
S004235,Karnataka,Laptop,Premium,2024-01-24,,699
S004236,West India,Mobile,Basic,2024-05-08,,199
S004237,Maharashtra,Smart TV,Standard,2024-12-30,,399
S004238,Maharashtra,Mobile,Standard,2024-03-01,,399
S004239,West India,Tablet,Standard,2024-03-19,,399
S004240,East India,Laptop,Basic,2024-10-13,,199
S004241,North India,Smart TV,Basic,2024-09-06,,199
S004242,Karnataka,Mobile,Premium,2024-03-05,,699
S004243,Karnataka,Tablet,Basic,2024-11-30,,199
S004244,West India,Mobile,Standard,2024-08-06,,399
S004245,North India,Laptop,Basic,2024-10-31,,199
S004246,Karnataka,Smart TV,Standard,2024-07-01,,399
S004247,South India,Laptop,Basic,2024-07-19,2024-09-29,199
S004248,East India,Desktop,Basic,2024-03-01,,199
S004249,East India,Tablet,Basic,2024-03-23,,199
S004250,North India,Mobile,Basic,2024-03-28,,199
S004251,Maharashtra,Laptop,Basic,2024-06-25,,199
S004252,Karnataka,Laptop,Basic,2024-03-13,,199
S004253,Karnataka,Laptop,Standard,2024-09-27,,399
S004254,East India,Mobile,Standard,2024-01-30,2024-06-08,399
S004255,North India,Mobile,Basic,2024-09-09,,199
S004256,North India,Laptop,Basic,2024-08-12,,199
S004257,West India,Mobile,Basic,2024-06-21,2024-11-28,199
S004258,East India,Tablet,Premium,2024-04-28,,699
S004259,Karnataka,Mobile,Standard,2024-12-06,2025-03-26,399
S004260,East India,Smart TV,Basic,2024-01-11,,199
S004261,Maharashtra,Tablet,Premium,2024-12-02,,699
S004262,West India,Laptop,Standard,2024-03-25,,399
S004263,North India,Smart TV,Basic,2024-12-04,,199
S004264,West India,Laptop,Basic,2024-08-11,,199
S004265,South India,Laptop,Premium,2024-10-30,,699
S004266,Maharashtra,Laptop,Basic,2024-01-25,,199
S004267,North India,Laptop,Premium,2024-12-05,2025-05-07,699
S004268,Karnataka,Smart TV,Basic,2024-10-30,2025-04-08,199
S004269,Maharashtra,Tablet,Standard,2024-05-14,,399
S004270,East India,Tablet,Basic,2024-12-16,2025-04-06,199
S004271,Maharashtra,Smart TV,Basic,2024-04-26,,199
S004272,South India,Tablet,Basic,2024-06-09,2024-10-14,199
S004273,Maharashtra,Laptop,Basic,2024-11-02,,199
S004274,North India,Mobile,Basic,2024-04-24,,199
S004275,South India,Mobile,Premium,2024-06-26,,699
S004276,West India,Smart TV,Premium,2024-04-29,,699
S004277,North India,Smart TV,Standard,2024-03-15,,399
S004278,West India,Mobile,Standard,2024-01-28,,399
S004279,South India,Laptop,Standard,2024-10-03,,399
S004280,South India,Mobile,Basic,2024-06-04,2024-11-12,199
S004281,Karnataka,Laptop,Basic,2024-11-23,,199
S004282,North India,Tablet,Standard,2024-03-09,2024-05-02,399
S004283,East India,Smart TV,Standard,2024-08-05,,399
S004284,West India,Desktop,Standard,2024-10-01,,399
S004285,Karnataka,Laptop,Basic,2024-05-21,,199
S004286,Maharashtra,Desktop,Premium,2024-08-10,,699
S004287,East India,Smart TV,Premium,2024-11-29,,699
S004288,North India,Smart TV,Basic,2024-07-30,,199
S004289,South India,Mobile,Premium,2024-08-09,,699
S004290,South India,Smart TV,Standard,2024-09-03,,399
S004291,West India,Laptop,Standard,2024-02-12,2024-04-30,399
S004292,West India,Smart TV,Basic,2024-11-24,,199
S004293,North India,Mobile,Standard,2024-10-10,,399
S004294,Maharashtra,Laptop,Basic,2024-07-14,,199
S004295,North India,Mobile,Premium,2024-08-09,2024-10-01,699
S004296,North India,Desktop,Premium,2024-03-01,,699
S004297,South India,Laptop,Premium,2024-09-28,,699
S004298,Maharashtra,Mobile,Basic,2024-04-23,,199
S004299,North India,Tablet,Basic,2024-02-11,,199
S004300,Maharashtra,Laptop,Standard,2024-10-22,,399
S004301,Maharashtra,Smart TV,Basic,2024-06-01,,199
S004302,West India,Laptop,Premium,2024-11-23,,699
S004303,Maharashtra,Laptop,Premium,2024-12-08,,699
S004304,West India,Mobile,Standard,2024-04-14,,399
S004305,East India,Smart TV,Basic,2024-03-18,,199
S004306,Maharashtra,Smart TV,Premium,2024-05-18,,699
S004307,Maharashtra,Smart TV,Basic,2024-08-31,2024-12-16,199
S004308,North India,Mobile,Standard,2024-09-18,,399
S004309,North India,Mobile,Basic,2024-05-10,,199
S004310,Karnataka,Smart TV,Standard,2024-04-24,,399
S004311,Maharashtra,Mobile,Basic,2024-07-27,,199
S004312,North India,Mobile,Basic,2024-12-28,,199
S004313,Karnataka,Laptop,Standard,2024-03-16,,399
S004314,Karnataka,Smart TV,Basic,2024-11-19,,199
S004315,Maharashtra,Mobile,Standard,2024-04-26,,399
S004316,West India,Mobile,Basic,2024-04-14,,199
S004317,West India,Mobile,Standard,2024-12-09,,399
S004318,North India,Smart TV,Standard,2024-04-09,,399
S004319,Karnataka,Mobile,Premium,2024-12-27,,699
S004320,East India,Mobile,Standard,2024-01-30,,399
S004321,Maharashtra,Smart TV,Basic,2024-11-01,,199
S004322,West India,Tablet,Standard,2024-11-14,,399
S004323,East India,Mobile,Basic,2024-06-10,,199
S004324,East India,Smart TV,Basic,2024-07-22,,199
S004325,Karnataka,Laptop,Standard,2024-11-03,,399
S004326,Maharashtra,Laptop,Basic,2024-05-09,2024-08-10,199
S004327,North India,Mobile,Basic,2024-04-05,,199
S004328,Karnataka,Smart TV,Basic,2024-03-13,,199
S004329,West India,Laptop,Premium,2024-07-29,,699
S004330,Karnataka,Mobile,Basic,2024-03-24,,199
S004331,Maharashtra,Tablet,Standard,2024-04-11,,399
S004332,Maharashtra,Smart TV,Basic,2024-06-15,,199
S004333,North India,Tablet,Basic,2024-09-28,,199
S004334,Karnataka,Mobile,Basic,2024-02-21,,199
S004335,North India,Tablet,Standard,2024-02-13,,399
S004336,Maharashtra,Mobile,Standard,2024-01-14,,399
S004337,Maharashtra,Laptop,Basic,2024-09-24,,199
S004338,Karnataka,Smart TV,Premium,2024-09-15,,699
S004339,West India,Laptop,Premium,2024-04-19,,699
S004340,East India,Mobile,Standard,2024-02-01,,399
S004341,East India,Tablet,Basic,2024-04-02,,199
S004342,Maharashtra,Mobile,Basic,2024-02-04,2024-03-24,199
S004343,North India,Smart TV,Premium,2024-08-02,2024-12-02,699
S004344,South India,Desktop,Basic,2024-09-11,,199
S004345,West India,Laptop,Basic,2024-09-05,,199
S004346,East India,Mobile,Standard,2024-08-16,,399
S004347,South India,Tablet,Standard,2024-09-23,,399
S004348,Maharashtra,Tablet,Standard,2024-02-06,,399
S004349,East India,Laptop,Basic,2024-02-01,,199
S004350,North India,Mobile,Basic,2024-09-03,,199
S004351,Karnataka,Mobile,Basic,2024-03-01,,199
S004352,Karnataka,Laptop,Basic,2024-07-29,,199
S004353,North India,Mobile,Basic,2024-01-13,,199
S004354,Karnataka,Smart TV,Standard,2024-12-21,2025-05-13,399
S004355,North India,Tablet,Standard,2024-12-09,2025-03-18,399
S004356,South India,Mobile,Standard,2024-04-15,,399
S004357,South India,Smart TV,Basic,2024-07-24,2024-09-14,199
S004358,West India,Smart TV,Premium,2024-08-01,,699
S004359,Maharashtra,Desktop,Basic,2024-08-03,,199
S004360,North India,Mobile,Premium,2024-11-13,,699
S004361,Karnataka,Smart TV,Premium,2024-09-24,,699
S004362,West India,Laptop,Standard,2024-07-11,,399
S004363,North India,Tablet,Basic,2024-04-02,,199
S004364,West India,Mobile,Premium,2024-12-16,,699
S004365,Karnataka,Smart TV,Basic,2024-04-26,,199
S004366,West India,Laptop,Premium,2024-10-08,,699
S004367,West India,Desktop,Premium,2024-11-11,,699
S004368,North India,Mobile,Basic,2024-12-21,,199
S004369,South India,Mobile,Basic,2024-04-20,,199
S004370,North India,Desktop,Premium,2024-09-13,,699
S004371,East India,Mobile,Basic,2024-10-20,,199
S004372,North India,Desktop,Standard,2024-12-23,,399
S004373,East India,Desktop,Basic,2024-01-26,,199
S004374,Maharashtra,Mobile,Premium,2024-03-10,,699
S004375,South India,Mobile,Basic,2024-05-04,,199
S004376,South India,Smart TV,Standard,2024-08-23,,399
S004377,Karnataka,Mobile,Basic,2024-11-19,,199
S004378,North India,Smart TV,Basic,2024-01-22,,199
S004379,Karnataka,Smart TV,Standard,2024-07-15,,399
S004380,South India,Mobile,Basic,2024-10-10,,199
S004381,Karnataka,Tablet,Standard,2024-02-21,,399
S004382,North India,Laptop,Basic,2024-12-15,,199
S004383,Karnataka,Tablet,Basic,2024-09-12,,199
S004384,West India,Smart TV,Standard,2024-09-22,,399
S004385,East India,Laptop,Basic,2024-03-01,,199
S004386,South India,Mobile,Basic,2024-12-01,,199
S004387,South India,Smart TV,Premium,2024-03-10,,699
S004388,West India,Smart TV,Standard,2024-11-09,,399
S004389,Karnataka,Smart TV,Basic,2024-03-03,,199
S004390,Maharashtra,Laptop,Basic,2024-01-24,,199
S004391,South India,Tablet,Standard,2024-01-08,,399
S004392,West India,Laptop,Premium,2024-09-14,,699
S004393,North India,Laptop,Standard,2024-11-23,2025-05-08,399
S004394,Maharashtra,Desktop,Standard,2024-01-27,,399
S004395,North India,Mobile,Standard,2024-05-30,2024-10-16,399
S004396,South India,Smart TV,Basic,2024-02-19,,199
S004397,East India,Laptop,Basic,2024-12-27,,199
S004398,East India,Smart TV,Basic,2024-06-03,,199
S004399,South India,Smart TV,Standard,2024-10-20,,399
S004400,North India,Mobile,Standard,2024-04-28,,399
S004401,Maharashtra,Smart TV,Premium,2024-08-14,,699
S004402,South India,Mobile,Basic,2024-10-17,,199
S004403,South India,Tablet,Basic,2024-11-27,,199
S004404,East India,Mobile,Basic,2024-08-11,,199
S004405,Maharashtra,Laptop,Basic,2024-05-24,,199
S004406,West India,Tablet,Standard,2024-05-07,2024-10-11,399
S004407,South India,Tablet,Basic,2024-12-10,,199
S004408,Maharashtra,Tablet,Basic,2024-01-16,,199
S004409,Maharashtra,Smart TV,Standard,2024-04-17,,399
S004410,East India,Smart TV,Basic,2024-06-17,,199
S004411,East India,Mobile,Basic,2024-06-06,,199
S004412,North India,Mobile,Basic,2024-08-17,,199
S004413,Karnataka,Laptop,Basic,2024-10-27,,199
S004414,West India,Tablet,Basic,2024-01-05,2024-02-09,199
S004415,East India,Tablet,Basic,2024-03-20,,199
S004416,West India,Smart TV,Basic,2024-01-17,,199
S004417,Karnataka,Smart TV,Basic,2024-11-12,,199
S004418,Karnataka,Laptop,Basic,2024-02-16,,199
S004419,West India,Mobile,Standard,2024-01-21,,399
S004420,South India,Smart TV,Standard,2024-01-01,,399
S004421,Karnataka,Tablet,Standard,2024-02-27,,399
S004422,Maharashtra,Mobile,Standard,2024-08-10,,399
S004423,North India,Smart TV,Premium,2024-11-16,,699
S004424,Maharashtra,Mobile,Basic,2024-12-08,,199
S004425,West India,Mobile,Basic,2024-11-20,,199
S004426,North India,Laptop,Basic,2024-06-02,,199
S004427,South India,Tablet,Premium,2024-11-03,,699
S004428,West India,Tablet,Standard,2024-03-28,,399
S004429,West India,Laptop,Standard,2024-10-28,,399
S004430,Karnataka,Tablet,Basic,2024-08-25,,199
S004431,West India,Laptop,Basic,2024-10-17,,199
S004432,West India,Mobile,Premium,2024-03-17,,699
S004433,East India,Laptop,Premium,2024-09-23,2024-11-10,699
S004434,Karnataka,Laptop,Standard,2024-01-18,,399
S004435,East India,Mobile,Basic,2024-03-10,2024-08-13,199
S004436,North India,Smart TV,Premium,2024-04-22,,699
S004437,East India,Mobile,Basic,2024-10-03,,199
S004438,East India,Mobile,Standard,2024-06-21,,399
S004439,South India,Smart TV,Basic,2024-08-12,,199
S004440,West India,Laptop,Basic,2024-02-06,,199
S004441,Maharashtra,Smart TV,Premium,2024-06-14,,699
S004442,West India,Smart TV,Standard,2024-10-20,,399
S004443,Maharashtra,Smart TV,Standard,2024-05-31,,399
S004444,Karnataka,Mobile,Basic,2024-03-31,,199
S004445,Maharashtra,Mobile,Premium,2024-07-13,,699
S004446,Karnataka,Smart TV,Premium,2024-12-06,,699
S004447,South India,Desktop,Basic,2024-11-25,,199
S004448,East India,Mobile,Basic,2024-12-08,,199
S004449,South India,Tablet,Premium,2024-12-07,,699
S004450,Maharashtra,Mobile,Basic,2024-11-29,,199
S004451,West India,Smart TV,Basic,2024-04-06,,199
S004452,Maharashtra,Mobile,Basic,2024-09-10,,199
S004453,West India,Mobile,Standard,2024-11-22,,399
S004454,West India,Tablet,Basic,2024-10-29,,199
S004455,South India,Mobile,Basic,2024-08-12,,199
S004456,North India,Smart TV,Basic,2024-10-25,,199
S004457,East India,Laptop,Basic,2024-12-06,2025-04-15,199
S004458,Karnataka,Smart TV,Standard,2024-11-04,,399
S004459,East India,Smart TV,Premium,2024-11-05,,699
S004460,North India,Desktop,Standard,2024-06-08,2024-08-04,399
S004461,Karnataka,Tablet,Standard,2024-08-08,2024-11-27,399
S004462,South India,Mobile,Standard,2024-06-18,,399
S004463,North India,Desktop,Basic,2024-06-16,,199
S004464,North India,Smart TV,Basic,2024-08-07,,199
S004465,East India,Mobile,Basic,2024-07-11,,199
S004466,South India,Laptop,Basic,2024-12-22,,199
S004467,Karnataka,Tablet,Basic,2024-08-02,,199
S004468,East India,Tablet,Standard,2024-01-04,,399
S004469,North India,Laptop,Standard,2024-03-13,,399
S004470,East India,Mobile,Premium,2024-05-12,2024-07-01,699
S004471,East India,Tablet,Standard,2024-08-24,,399
S004472,West India,Laptop,Standard,2024-02-20,,399
S004473,Maharashtra,Smart TV,Premium,2024-12-16,,699
S004474,North India,Smart TV,Basic,2024-08-03,2024-10-30,199
S004475,East India,Tablet,Premium,2024-10-28,,699
S004476,South India,Laptop,Standard,2024-04-26,,399
S004477,Maharashtra,Smart TV,Premium,2024-01-05,,699
S004478,North India,Mobile,Basic,2024-06-20,,199
S004479,North India,Laptop,Premium,2024-11-15,,699
S004480,South India,Mobile,Standard,2024-03-30,,399
S004481,Karnataka,Laptop,Basic,2024-10-14,,199
S004482,South India,Laptop,Basic,2024-08-07,,199
S004483,Karnataka,Mobile,Standard,2024-03-27,2024-09-13,399
S004484,West India,Smart TV,Basic,2024-12-18,,199
S004485,South India,Smart TV,Premium,2024-01-30,,699
S004486,East India,Tablet,Standard,2024-12-09,,399
S004487,Karnataka,Tablet,Basic,2024-04-20,,199
S004488,West India,Smart TV,Premium,2024-08-31,,699
S004489,Karnataka,Laptop,Basic,2024-04-23,,199
S004490,West India,Smart TV,Premium,2024-01-03,2024-02-21,699
S004491,Maharashtra,Laptop,Premium,2024-12-23,,699
S004492,Karnataka,Mobile,Standard,2024-05-28,,399
S004493,West India,Smart TV,Basic,2024-07-23,,199
S004494,South India,Tablet,Standard,2024-11-11,,399
S004495,East India,Mobile,Premium,2024-03-07,,699
S004496,North India,Laptop,Standard,2024-10-26,,399
S004497,Karnataka,Laptop,Basic,2024-11-26,,199
S004498,East India,Smart TV,Standard,2024-11-01,,399
S004499,South India,Mobile,Basic,2024-04-15,2024-10-07,199
S004500,West India,Laptop,Basic,2024-03-30,,199
S004501,Maharashtra,Desktop,Standard,2024-06-12,,399
S004502,West India,Laptop,Standard,2024-02-05,,399
S004503,West India,Mobile,Standard,2024-02-06,,399
S004504,West India,Laptop,Premium,2024-09-04,,699
S004505,Karnataka,Mobile,Basic,2024-02-09,2024-06-13,199
S004506,North India,Mobile,Standard,2024-01-05,,399
S004507,North India,Smart TV,Basic,2024-04-15,,199
S004508,Karnataka,Desktop,Standard,2024-01-11,,399
S004509,East India,Smart TV,Basic,2024-04-15,2024-07-02,199
S004510,Maharashtra,Desktop,Basic,2024-02-20,,199
S004511,Karnataka,Desktop,Basic,2024-10-24,,199
S004512,East India,Mobile,Premium,2024-02-23,,699
S004513,Maharashtra,Mobile,Premium,2024-10-31,,699
S004514,West India,Mobile,Basic,2024-07-30,,199
S004515,South India,Mobile,Standard,2024-03-04,,399
S004516,South India,Laptop,Premium,2024-06-29,,699
S004517,Karnataka,Smart TV,Standard,2024-06-15,,399
S004518,East India,Smart TV,Standard,2024-05-12,,399
S004519,Maharashtra,Tablet,Standard,2024-07-03,,399
S004520,East India,Laptop,Standard,2024-06-15,,399
S004521,South India,Tablet,Standard,2024-11-09,,399
S004522,South India,Tablet,Standard,2024-01-16,,399
S004523,North India,Laptop,Basic,2024-08-20,2024-12-24,199
S004524,Karnataka,Smart TV,Premium,2024-08-19,,699
S004525,Karnataka,Smart TV,Basic,2024-03-08,,199
S004526,North India,Mobile,Standard,2024-08-01,2025-01-20,399
S004527,Karnataka,Smart TV,Basic,2024-02-23,,199
S004528,South India,Mobile,Standard,2024-10-18,2025-04-07,399
S004529,East India,Smart TV,Basic,2024-06-21,2024-11-07,199
S004530,Maharashtra,Smart TV,Standard,2024-10-04,,399
S004531,Maharashtra,Laptop,Standard,2024-02-09,,399
S004532,North India,Smart TV,Premium,2024-04-29,2024-10-05,699
S004533,North India,Mobile,Basic,2024-11-14,,199
S004534,West India,Laptop,Premium,2024-02-04,,699
S004535,South India,Laptop,Standard,2024-02-01,,399
S004536,East India,Tablet,Premium,2024-06-08,,699
S004537,Maharashtra,Smart TV,Premium,2024-02-25,,699
S004538,East India,Smart TV,Basic,2024-02-01,,199
S004539,Karnataka,Laptop,Basic,2024-08-03,2024-09-28,199
S004540,West India,Smart TV,Basic,2024-01-29,,199
S004541,Karnataka,Mobile,Basic,2024-01-10,,199
S004542,West India,Desktop,Basic,2024-08-19,,199
S004543,South India,Laptop,Standard,2024-11-16,,399
S004544,East India,Smart TV,Basic,2024-03-10,,199
S004545,East India,Laptop,Basic,2024-08-07,2024-10-07,199
S004546,East India,Smart TV,Basic,2024-11-11,,199
S004547,West India,Smart TV,Premium,2024-04-13,,699
S004548,East India,Smart TV,Basic,2024-06-03,2024-09-15,199
S004549,North India,Mobile,Basic,2024-05-04,,199
S004550,North India,Laptop,Premium,2024-12-18,,699
S004551,Maharashtra,Mobile,Standard,2024-07-25,,399
S004552,West India,Laptop,Premium,2024-04-28,,699
S004553,North India,Smart TV,Basic,2024-06-27,,199
S004554,East India,Laptop,Premium,2024-02-23,,699
S004555,Karnataka,Laptop,Basic,2024-04-14,,199
S004556,Maharashtra,Mobile,Basic,2024-10-30,,199
S004557,East India,Smart TV,Basic,2024-03-01,,199
S004558,West India,Mobile,Basic,2024-05-18,,199
S004559,Karnataka,Laptop,Standard,2024-01-23,,399
S004560,West India,Smart TV,Basic,2024-02-18,,199
S004561,North India,Laptop,Basic,2024-07-07,,199
S004562,South India,Mobile,Standard,2024-01-16,,399
S004563,Karnataka,Smart TV,Basic,2024-01-13,,199
S004564,Maharashtra,Laptop,Basic,2024-04-02,,199
S004565,Maharashtra,Laptop,Basic,2024-11-25,,199
S004566,South India,Smart TV,Basic,2024-02-01,2024-04-24,199
S004567,North India,Desktop,Basic,2024-12-24,,199
S004568,West India,Tablet,Basic,2024-02-26,,199
S004569,Maharashtra,Mobile,Standard,2024-06-06,,399
S004570,West India,Mobile,Standard,2024-05-13,,399
S004571,East India,Mobile,Basic,2024-11-01,,199
S004572,Maharashtra,Smart TV,Basic,2024-06-07,,199
S004573,Maharashtra,Smart TV,Standard,2024-05-19,,399
S004574,South India,Laptop,Basic,2024-06-03,,199
S004575,West India,Smart TV,Basic,2024-01-10,,199
S004576,Karnataka,Mobile,Basic,2024-01-11,,199
S004577,North India,Mobile,Premium,2024-02-22,,699
S004578,South India,Tablet,Premium,2024-06-20,,699
S004579,East India,Desktop,Basic,2024-08-30,,199
S004580,South India,Laptop,Standard,2024-10-11,,399
S004581,Maharashtra,Smart TV,Standard,2024-08-09,,399
S004582,West India,Laptop,Premium,2024-09-18,,699
S004583,South India,Laptop,Premium,2024-09-01,,699
S004584,Karnataka,Mobile,Standard,2024-01-04,,399
S004585,Karnataka,Smart TV,Basic,2024-12-20,,199
S004586,South India,Tablet,Standard,2024-07-27,,399
S004587,West India,Mobile,Basic,2024-07-20,,199
S004588,East India,Smart TV,Premium,2024-08-12,2024-10-28,699
S004589,West India,Smart TV,Basic,2024-03-16,,199
S004590,South India,Laptop,Premium,2024-07-22,,699
S004591,North India,Smart TV,Standard,2024-11-08,,399
S004592,East India,Mobile,Standard,2024-06-21,,399
S004593,Karnataka,Mobile,Standard,2024-12-28,,399
S004594,South India,Mobile,Standard,2024-05-06,,399
S004595,Maharashtra,Mobile,Basic,2024-06-16,,199
S004596,North India,Mobile,Basic,2024-04-08,,199
S004597,Maharashtra,Tablet,Basic,2024-01-04,,199
S004598,North India,Laptop,Premium,2024-11-14,,699
S004599,Maharashtra,Smart TV,Standard,2024-12-23,,399
S004600,Karnataka,Mobile,Basic,2024-03-05,,199
S004601,South India,Laptop,Standard,2024-06-16,2024-08-03,399
S004602,West India,Smart TV,Premium,2024-12-29,,699
S004603,Maharashtra,Mobile,Basic,2024-09-21,,199
S004604,East India,Tablet,Standard,2024-01-30,2024-05-29,399
S004605,North India,Laptop,Basic,2024-05-13,,199
S004606,Karnataka,Laptop,Premium,2024-06-09,,699
S004607,West India,Mobile,Standard,2024-08-07,,399
S004608,South India,Tablet,Standard,2024-02-07,,399
S004609,West India,Smart TV,Basic,2024-09-14,,199
S004610,East India,Smart TV,Premium,2024-08-31,,699
S004611,East India,Laptop,Standard,2024-04-10,,399
S004612,West India,Mobile,Premium,2024-08-26,,699
S004613,West India,Laptop,Premium,2024-11-11,,699
S004614,Maharashtra,Laptop,Basic,2024-07-16,,199
S004615,Maharashtra,Smart TV,Basic,2024-01-09,,199
S004616,Karnataka,Mobile,Standard,2024-03-30,,399
S004617,West India,Smart TV,Basic,2024-08-14,2024-11-03,199
S004618,West India,Desktop,Premium,2024-01-12,2024-03-18,699
S004619,Maharashtra,Smart TV,Standard,2024-11-06,,399
S004620,West India,Smart TV,Premium,2024-04-23,,699
S004621,North India,Mobile,Basic,2024-11-17,,199
S004622,West India,Smart TV,Basic,2024-06-07,,199
S004623,West India,Mobile,Standard,2024-02-11,,399
S004624,West India,Laptop,Standard,2024-12-27,,399
S004625,East India,Smart TV,Basic,2024-12-30,,199
S004626,North India,Laptop,Premium,2024-02-15,,699
S004627,East India,Laptop,Basic,2024-05-18,,199
S004628,Maharashtra,Laptop,Basic,2024-09-07,,199
S004629,Maharashtra,Mobile,Basic,2024-09-24,,199
S004630,North India,Laptop,Basic,2024-03-14,,199
S004631,Maharashtra,Mobile,Basic,2024-02-12,,199
S004632,North India,Tablet,Standard,2024-06-10,,399
S004633,West India,Mobile,Basic,2024-06-01,,199
S004634,Karnataka,Laptop,Standard,2024-07-13,2024-09-06,399
S004635,Maharashtra,Mobile,Standard,2024-04-23,,399
S004636,North India,Mobile,Basic,2024-11-26,,199
S004637,Maharashtra,Laptop,Basic,2024-08-02,,199
S004638,South India,Mobile,Basic,2024-05-10,,199
S004639,Maharashtra,Smart TV,Basic,2024-01-21,,199
S004640,North India,Smart TV,Basic,2024-12-29,,199
S004641,South India,Laptop,Basic,2024-10-15,,199
S004642,East India,Smart TV,Basic,2024-08-13,,199
S004643,North India,Smart TV,Standard,2024-11-27,,399
S004644,North India,Mobile,Premium,2024-08-31,,699
S004645,North India,Desktop,Basic,2024-10-08,,199
S004646,Maharashtra,Mobile,Basic,2024-10-21,,199
S004647,East India,Laptop,Premium,2024-11-13,,699
S004648,South India,Smart TV,Premium,2024-04-15,2024-06-25,699
S004649,North India,Laptop,Premium,2024-05-26,,699
S004650,South India,Tablet,Standard,2024-03-07,,399
S004651,North India,Mobile,Basic,2024-05-03,2024-10-22,199
S004652,North India,Desktop,Standard,2024-12-18,,399
S004653,West India,Smart TV,Premium,2024-11-29,,699
S004654,East India,Smart TV,Standard,2024-04-25,,399
S004655,East India,Tablet,Basic,2024-08-31,,199
S004656,South India,Mobile,Basic,2024-11-09,2025-01-25,199
S004657,East India,Laptop,Standard,2024-10-16,,399
S004658,North India,Tablet,Basic,2024-12-03,,199
S004659,North India,Laptop,Standard,2024-08-14,2024-10-21,399
S004660,Karnataka,Smart TV,Standard,2024-11-21,,399
S004661,South India,Mobile,Basic,2024-06-12,,199
S004662,North India,Laptop,Standard,2024-01-21,,399
S004663,North India,Laptop,Standard,2024-08-22,2024-09-29,399
S004664,West India,Laptop,Basic,2024-09-01,,199
S004665,South India,Smart TV,Basic,2024-08-05,,199
S004666,West India,Laptop,Basic,2024-10-06,,199
S004667,Maharashtra,Smart TV,Standard,2024-08-07,,399
S004668,South India,Mobile,Premium,2024-06-18,,699
S004669,Maharashtra,Mobile,Basic,2024-10-30,,199
S004670,East India,Laptop,Premium,2024-04-14,,699
S004671,North India,Mobile,Basic,2024-11-04,,199
S004672,Karnataka,Mobile,Basic,2024-12-28,,199
S004673,East India,Mobile,Premium,2024-02-03,,699
S004674,Karnataka,Smart TV,Standard,2024-08-28,,399
S004675,West India,Desktop,Basic,2024-10-06,,199
S004676,Karnataka,Desktop,Standard,2024-09-22,,399
S004677,West India,Mobile,Basic,2024-05-17,,199
S004678,Karnataka,Mobile,Standard,2024-03-14,,399
S004679,Karnataka,Smart TV,Standard,2024-04-13,,399
S004680,West India,Smart TV,Basic,2024-06-22,2024-11-30,199
S004681,South India,Desktop,Premium,2024-09-25,,699
S004682,East India,Mobile,Standard,2024-06-08,,399
S004683,East India,Smart TV,Standard,2024-05-10,,399
S004684,South India,Laptop,Basic,2024-11-10,,199
S004685,South India,Mobile,Premium,2024-01-09,,699
S004686,Karnataka,Laptop,Basic,2024-06-16,,199
S004687,Karnataka,Mobile,Basic,2024-03-27,,199
S004688,North India,Tablet,Basic,2024-04-19,,199
S004689,East India,Mobile,Standard,2024-02-02,,399
S004690,Maharashtra,Mobile,Premium,2024-12-08,,699
S004691,South India,Laptop,Premium,2024-12-20,,699
S004692,South India,Mobile,Basic,2024-03-02,,199
S004693,West India,Mobile,Standard,2024-08-21,,399
S004694,North India,Smart TV,Basic,2024-02-17,2024-05-03,199
S004695,South India,Smart TV,Premium,2024-09-20,,699
S004696,South India,Mobile,Premium,2024-11-16,,699
S004697,South India,Smart TV,Basic,2024-05-26,,199
S004698,East India,Smart TV,Standard,2024-01-13,,399
S004699,Karnataka,Smart TV,Basic,2024-12-02,,199
S004700,West India,Smart TV,Basic,2024-10-31,,199
S004701,South India,Laptop,Basic,2024-07-10,,199
S004702,West India,Laptop,Basic,2024-03-19,,199
S004703,South India,Laptop,Basic,2024-09-10,,199
S004704,North India,Mobile,Standard,2024-04-11,2024-06-04,399
S004705,Karnataka,Desktop,Premium,2024-03-09,,699
S004706,West India,Smart TV,Standard,2024-05-04,,399
S004707,South India,Smart TV,Standard,2024-10-13,2024-11-27,399
S004708,Maharashtra,Tablet,Basic,2024-10-12,,199
S004709,North India,Mobile,Basic,2024-06-14,,199
S004710,North India,Laptop,Standard,2024-02-13,,399
S004711,North India,Tablet,Basic,2024-08-26,,199
S004712,East India,Laptop,Basic,2024-09-07,,199
S004713,Karnataka,Mobile,Basic,2024-12-20,,199
S004714,West India,Laptop,Basic,2024-03-28,,199
S004715,Karnataka,Smart TV,Standard,2024-10-15,,399
S004716,West India,Tablet,Premium,2024-05-04,,699
S004717,East India,Mobile,Basic,2024-06-29,,199
S004718,Maharashtra,Smart TV,Standard,2024-04-05,,399
S004719,Karnataka,Mobile,Standard,2024-09-07,,399
S004720,Maharashtra,Laptop,Premium,2024-11-23,2025-04-15,699
S004721,Karnataka,Smart TV,Basic,2024-12-17,,199
S004722,Maharashtra,Smart TV,Premium,2024-10-29,,699
S004723,North India,Mobile,Basic,2024-09-15,2024-10-18,199
S004724,North India,Mobile,Basic,2024-04-14,,199
S004725,Karnataka,Laptop,Basic,2024-04-06,2024-07-03,199
S004726,East India,Mobile,Basic,2024-03-03,,199
S004727,Maharashtra,Mobile,Basic,2024-12-08,,199
S004728,North India,Tablet,Basic,2024-04-03,,199
S004729,North India,Laptop,Basic,2024-10-05,,199
S004730,East India,Smart TV,Standard,2024-08-13,,399
S004731,East India,Smart TV,Standard,2024-01-07,,399
S004732,Karnataka,Laptop,Premium,2024-09-03,2024-11-07,699
S004733,Maharashtra,Mobile,Premium,2024-12-13,2025-06-01,699
S004734,East India,Smart TV,Basic,2024-10-14,2025-01-13,199
S004735,East India,Smart TV,Basic,2024-11-28,,199
S004736,North India,Mobile,Standard,2024-04-24,,399
S004737,West India,Tablet,Basic,2024-12-02,,199
S004738,Karnataka,Tablet,Basic,2024-08-04,,199
S004739,South India,Smart TV,Standard,2024-08-17,2025-01-24,399
S004740,Karnataka,Laptop,Standard,2024-01-28,,399
S004741,Karnataka,Desktop,Standard,2024-05-11,,399
S004742,South India,Mobile,Premium,2024-05-04,,699
S004743,South India,Laptop,Basic,2024-11-11,,199
S004744,Maharashtra,Laptop,Basic,2024-10-26,,199
S004745,North India,Mobile,Basic,2024-10-14,2025-03-14,199
S004746,Maharashtra,Laptop,Premium,2024-08-24,,699
S004747,East India,Mobile,Standard,2024-07-03,,399
S004748,East India,Tablet,Basic,2024-01-05,,199
S004749,Karnataka,Mobile,Premium,2024-02-11,,699
S004750,Maharashtra,Tablet,Standard,2024-10-26,,399
S004751,Maharashtra,Laptop,Basic,2024-04-25,2024-07-31,199
S004752,West India,Smart TV,Basic,2024-01-07,,199
S004753,Maharashtra,Laptop,Standard,2024-01-23,,399
S004754,Maharashtra,Mobile,Premium,2024-02-17,,699
S004755,Maharashtra,Mobile,Basic,2024-02-25,,199
S004756,West India,Laptop,Premium,2024-10-04,,699
S004757,Maharashtra,Smart TV,Basic,2024-01-23,,199
S004758,South India,Mobile,Standard,2024-06-27,2024-08-07,399
S004759,South India,Tablet,Premium,2024-07-08,,699
S004760,East India,Mobile,Basic,2024-07-03,,199
S004761,Karnataka,Mobile,Basic,2024-01-31,,199
S004762,East India,Smart TV,Standard,2024-05-01,,399
S004763,South India,Laptop,Standard,2024-10-26,,399
S004764,East India,Smart TV,Basic,2024-08-04,,199
S004765,East India,Mobile,Basic,2024-06-11,,199
S004766,West India,Desktop,Basic,2024-11-04,,199
S004767,North India,Tablet,Standard,2024-12-16,,399
S004768,North India,Laptop,Basic,2024-03-08,,199
S004769,West India,Laptop,Basic,2024-05-21,,199
S004770,East India,Laptop,Basic,2024-05-19,,199
S004771,North India,Smart TV,Basic,2024-09-14,2025-01-16,199
S004772,East India,Smart TV,Basic,2024-06-15,,199
S004773,West India,Mobile,Standard,2024-07-21,,399
S004774,East India,Laptop,Basic,2024-10-14,2024-12-25,199
S004775,East India,Laptop,Basic,2024-11-06,,199
S004776,West India,Laptop,Basic,2024-08-06,,199
S004777,East India,Mobile,Premium,2024-11-03,,699
S004778,South India,Mobile,Standard,2024-01-06,,399
S004779,South India,Smart TV,Basic,2024-12-17,,199
S004780,Karnataka,Mobile,Standard,2024-05-22,,399
S004781,North India,Mobile,Standard,2024-01-03,,399
S004782,North India,Mobile,Standard,2024-08-18,2024-09-20,399
S004783,West India,Laptop,Basic,2024-12-17,2025-04-20,199
S004784,South India,Smart TV,Standard,2024-01-23,,399
S004785,West India,Mobile,Basic,2024-03-03,,199
S004786,South India,Mobile,Basic,2024-07-07,,199
S004787,South India,Smart TV,Basic,2024-01-21,,199
S004788,North India,Smart TV,Premium,2024-07-12,,699
S004789,Karnataka,Desktop,Standard,2024-12-11,,399
S004790,Maharashtra,Mobile,Standard,2024-01-31,2024-04-05,399
S004791,Karnataka,Laptop,Basic,2024-11-29,,199
S004792,East India,Mobile,Basic,2024-02-14,,199
S004793,Karnataka,Smart TV,Basic,2024-02-23,,199
S004794,Maharashtra,Mobile,Standard,2024-08-01,,399
S004795,South India,Smart TV,Basic,2024-02-09,,199
S004796,South India,Laptop,Standard,2024-07-12,,399
S004797,Karnataka,Mobile,Basic,2024-04-12,,199
S004798,Karnataka,Mobile,Basic,2024-08-08,,199
S004799,East India,Laptop,Basic,2024-12-01,,199
S004800,Karnataka,Laptop,Premium,2024-05-10,,699
S004801,East India,Laptop,Standard,2024-01-28,,399
S004802,Karnataka,Smart TV,Basic,2024-12-03,,199
S004803,North India,Smart TV,Standard,2024-10-05,,399
S004804,Karnataka,Tablet,Standard,2024-08-16,,399
S004805,West India,Mobile,Basic,2024-11-09,,199
S004806,North India,Laptop,Premium,2024-04-13,,699
S004807,East India,Mobile,Basic,2024-10-09,2025-02-03,199
S004808,North India,Mobile,Premium,2024-11-03,,699
S004809,West India,Smart TV,Basic,2024-08-12,,199
S004810,Maharashtra,Smart TV,Standard,2024-12-17,,399
S004811,East India,Laptop,Basic,2024-05-21,,199
S004812,West India,Smart TV,Standard,2024-03-11,2024-08-17,399
S004813,South India,Smart TV,Basic,2024-10-27,,199
S004814,North India,Laptop,Standard,2024-11-23,,399
S004815,Maharashtra,Mobile,Standard,2024-12-15,2025-04-10,399
S004816,Karnataka,Smart TV,Basic,2024-02-02,,199
S004817,Karnataka,Smart TV,Basic,2024-03-22,,199
S004818,West India,Smart TV,Standard,2024-08-04,,399
S004819,Maharashtra,Laptop,Basic,2024-06-27,,199
S004820,North India,Mobile,Basic,2024-01-03,,199
S004821,South India,Smart TV,Basic,2024-11-24,,199
S004822,Karnataka,Smart TV,Premium,2024-02-04,,699
S004823,South India,Mobile,Basic,2024-07-20,,199
S004824,Maharashtra,Mobile,Basic,2024-08-30,,199
S004825,North India,Smart TV,Basic,2024-04-22,,199
S004826,West India,Smart TV,Basic,2024-01-08,,199
S004827,South India,Laptop,Premium,2024-08-22,,699
S004828,South India,Laptop,Standard,2024-09-23,,399
S004829,East India,Mobile,Basic,2024-11-03,,199
S004830,Karnataka,Mobile,Basic,2024-01-25,,199
S004831,North India,Smart TV,Premium,2024-07-21,,699
S004832,South India,Mobile,Premium,2024-03-17,,699
S004833,West India,Laptop,Basic,2024-03-18,,199
S004834,North India,Smart TV,Basic,2024-11-10,,199
S004835,Maharashtra,Mobile,Standard,2024-11-22,,399
S004836,South India,Laptop,Standard,2024-03-31,,399
S004837,East India,Tablet,Standard,2024-02-20,,399
S004838,North India,Smart TV,Basic,2024-02-21,,199
S004839,South India,Mobile,Premium,2024-01-05,,699
S004840,Maharashtra,Mobile,Basic,2024-11-20,,199
S004841,Maharashtra,Desktop,Standard,2024-11-09,2025-04-14,399
S004842,West India,Mobile,Basic,2024-04-19,2024-09-26,199
S004843,North India,Laptop,Basic,2024-11-03,,199
S004844,South India,Mobile,Basic,2024-04-30,,199
S004845,East India,Mobile,Basic,2024-09-09,,199
S004846,East India,Mobile,Basic,2024-02-24,,199
S004847,East India,Smart TV,Standard,2024-09-04,,399
S004848,North India,Laptop,Basic,2024-11-16,,199
S004849,East India,Mobile,Basic,2024-06-22,2024-09-04,199
S004850,North India,Laptop,Premium,2024-12-05,,699
S004851,South India,Desktop,Basic,2024-09-05,,199
S004852,West India,Smart TV,Basic,2024-08-27,,199
S004853,North India,Mobile,Basic,2024-08-27,,199
S004854,North India,Desktop,Standard,2024-08-18,2024-11-14,399
S004855,North India,Mobile,Basic,2024-12-22,,199
S004856,South India,Mobile,Basic,2024-10-14,2025-01-20,199
S004857,Maharashtra,Mobile,Standard,2024-08-21,2024-11-09,399
S004858,West India,Desktop,Premium,2024-03-08,,699
S004859,East India,Smart TV,Standard,2024-02-25,,399
S004860,North India,Mobile,Basic,2024-12-06,,199
S004861,South India,Mobile,Basic,2024-10-24,,199
S004862,Karnataka,Tablet,Standard,2024-09-25,,399
S004863,North India,Laptop,Basic,2024-03-31,,199
S004864,North India,Mobile,Basic,2024-10-08,,199
S004865,Maharashtra,Mobile,Basic,2024-10-30,,199
S004866,Karnataka,Smart TV,Basic,2024-11-02,,199
S004867,East India,Smart TV,Basic,2024-06-27,,199
S004868,North India,Laptop,Standard,2024-05-25,,399
S004869,West India,Mobile,Standard,2024-01-26,,399
S004870,West India,Tablet,Basic,2024-02-11,,199
S004871,West India,Smart TV,Standard,2024-01-01,,399
S004872,Karnataka,Laptop,Standard,2024-07-23,,399
S004873,Maharashtra,Mobile,Standard,2024-06-21,,399
S004874,Karnataka,Laptop,Basic,2024-07-27,2025-01-11,199
S004875,East India,Smart TV,Basic,2024-05-24,,199
S004876,West India,Mobile,Basic,2024-07-10,,199
S004877,North India,Laptop,Basic,2024-09-05,2024-12-24,199
S004878,South India,Smart TV,Basic,2024-03-04,,199
S004879,Maharashtra,Smart TV,Standard,2024-05-21,,399
S004880,Maharashtra,Desktop,Basic,2024-03-19,,199
S004881,Karnataka,Desktop,Standard,2024-06-05,2024-10-24,399
S004882,South India,Tablet,Basic,2024-02-18,,199
S004883,West India,Mobile,Basic,2024-09-10,,199
S004884,Karnataka,Laptop,Premium,2024-12-08,2025-04-10,699
S004885,South India,Mobile,Standard,2024-01-09,,399
S004886,Karnataka,Mobile,Basic,2024-11-06,,199
S004887,West India,Smart TV,Basic,2024-09-17,,199
S004888,South India,Mobile,Standard,2024-07-18,2024-12-30,399
S004889,Maharashtra,Mobile,Standard,2024-06-03,,399
S004890,Karnataka,Laptop,Basic,2024-01-04,2024-06-24,199
S004891,Karnataka,Tablet,Standard,2024-02-15,,399
S004892,South India,Desktop,Basic,2024-10-01,,199
S004893,Karnataka,Smart TV,Standard,2024-10-08,,399
S004894,South India,Laptop,Basic,2024-12-08,,199
S004895,Maharashtra,Laptop,Basic,2024-07-16,,199
S004896,South India,Smart TV,Basic,2024-12-07,,199
S004897,West India,Laptop,Premium,2024-02-22,,699
S004898,South India,Smart TV,Premium,2024-08-02,,699
S004899,North India,Mobile,Standard,2024-11-09,,399
S004900,North India,Mobile,Basic,2024-08-15,,199
S004901,Karnataka,Mobile,Basic,2024-06-18,,199
S004902,North India,Smart TV,Basic,2024-06-05,,199
S004903,East India,Smart TV,Basic,2024-02-16,,199
S004904,East India,Smart TV,Basic,2024-12-26,,199
S004905,East India,Mobile,Basic,2024-08-03,,199
S004906,North India,Smart TV,Standard,2024-03-15,,399
S004907,South India,Laptop,Premium,2024-11-06,2025-03-15,699
S004908,North India,Mobile,Basic,2024-10-07,,199
S004909,West India,Tablet,Basic,2024-01-01,,199
S004910,South India,Laptop,Basic,2024-12-15,,199
S004911,East India,Smart TV,Premium,2024-02-22,2024-07-02,699
S004912,Karnataka,Laptop,Premium,2024-07-31,2024-10-02,699
S004913,South India,Laptop,Standard,2024-06-16,,399
S004914,Maharashtra,Smart TV,Standard,2024-08-20,,399
S004915,South India,Mobile,Premium,2024-06-24,,699
S004916,Karnataka,Mobile,Premium,2024-08-18,,699
S004917,North India,Mobile,Standard,2024-01-24,,399
S004918,West India,Laptop,Basic,2024-07-28,,199
S004919,South India,Mobile,Basic,2024-03-28,,199
S004920,North India,Smart TV,Basic,2024-02-01,,199
S004921,South India,Tablet,Standard,2024-04-24,,399
S004922,North India,Smart TV,Premium,2024-04-29,,699
S004923,South India,Smart TV,Premium,2024-10-19,,699
S004924,North India,Smart TV,Basic,2024-10-31,,199
S004925,South India,Desktop,Standard,2024-07-13,,399
S004926,South India,Tablet,Standard,2024-07-28,,399
S004927,Karnataka,Mobile,Standard,2024-03-04,,399
S004928,Karnataka,Mobile,Basic,2024-07-23,,199
S004929,East India,Smart TV,Standard,2024-12-05,,399
S004930,North India,Laptop,Premium,2024-12-15,,699
S004931,East India,Tablet,Standard,2024-08-12,,399
S004932,West India,Smart TV,Basic,2024-11-29,,199
S004933,Maharashtra,Smart TV,Basic,2024-09-14,,199
S004934,South India,Smart TV,Standard,2024-10-15,,399
S004935,West India,Laptop,Premium,2024-11-22,,699
S004936,East India,Mobile,Basic,2024-11-30,,199
S004937,Karnataka,Smart TV,Standard,2024-07-16,,399
S004938,East India,Laptop,Standard,2024-01-28,,399
S004939,Karnataka,Smart TV,Premium,2024-08-03,,699
S004940,South India,Smart TV,Premium,2024-03-20,2024-08-11,699
S004941,Maharashtra,Smart TV,Basic,2024-09-30,,199
S004942,West India,Tablet,Basic,2024-05-28,2024-07-25,199
S004943,South India,Mobile,Basic,2024-01-23,,199
S004944,East India,Smart TV,Standard,2024-12-07,,399
S004945,Karnataka,Smart TV,Premium,2024-02-17,,699
S004946,East India,Smart TV,Standard,2024-02-17,,399
S004947,Maharashtra,Tablet,Basic,2024-08-06,,199
S004948,Karnataka,Smart TV,Basic,2024-09-09,,199
S004949,South India,Mobile,Premium,2024-07-14,,699
S004950,Maharashtra,Mobile,Basic,2024-06-03,,199
S004951,North India,Mobile,Basic,2024-08-08,2024-09-22,199
S004952,West India,Mobile,Premium,2024-01-19,,699
S004953,Maharashtra,Tablet,Premium,2024-03-10,,699
S004954,North India,Mobile,Basic,2024-05-26,2024-07-29,199
S004955,North India,Mobile,Basic,2024-05-01,,199
S004956,Karnataka,Mobile,Basic,2024-01-15,,199
S004957,North India,Mobile,Standard,2024-04-28,,399
S004958,Karnataka,Smart TV,Basic,2024-01-25,,199
S004959,Maharashtra,Laptop,Standard,2024-03-30,,399
S004960,South India,Smart TV,Standard,2024-09-12,,399
S004961,Maharashtra,Smart TV,Premium,2024-08-04,,699
S004962,Karnataka,Smart TV,Standard,2024-05-07,,399
S004963,South India,Smart TV,Standard,2024-08-22,,399
S004964,South India,Smart TV,Basic,2024-09-26,,199
S004965,Karnataka,Desktop,Basic,2024-11-02,,199
S004966,South India,Smart TV,Standard,2024-12-11,,399
S004967,Maharashtra,Mobile,Standard,2024-11-16,,399
S004968,East India,Smart TV,Standard,2024-07-12,,399
S004969,East India,Desktop,Premium,2024-09-06,,699
S004970,North India,Laptop,Premium,2024-04-13,,699
S004971,Maharashtra,Mobile,Standard,2024-03-10,,399
S004972,North India,Laptop,Standard,2024-05-28,,399
S004973,East India,Smart TV,Basic,2024-11-17,,199
S004974,Karnataka,Tablet,Basic,2024-04-15,,199
S004975,West India,Smart TV,Basic,2024-04-03,,199
S004976,South India,Laptop,Standard,2024-09-27,2025-03-03,399
S004977,Maharashtra,Mobile,Basic,2024-06-04,,199
S004978,West India,Laptop,Standard,2024-01-10,,399
S004979,Maharashtra,Smart TV,Standard,2024-08-28,,399
S004980,South India,Smart TV,Premium,2024-08-18,,699
S004981,North India,Mobile,Basic,2024-12-21,2025-06-01,199
S004982,West India,Smart TV,Premium,2024-08-02,,699
S004983,Karnataka,Tablet,Standard,2024-11-28,,399
S004984,Maharashtra,Desktop,Basic,2024-02-22,,199
S004985,South India,Laptop,Basic,2024-11-17,,199
S004986,Karnataka,Laptop,Premium,2024-02-27,,699
S004987,Karnataka,Smart TV,Standard,2024-10-19,,399
S004988,West India,Laptop,Basic,2024-04-04,,199
S004989,East India,Mobile,Basic,2024-01-20,,199
S004990,Maharashtra,Tablet,Standard,2024-12-15,,399
S004991,East India,Smart TV,Basic,2024-05-04,,199
S004992,Maharashtra,Laptop,Premium,2024-01-10,,699
S004993,North India,Smart TV,Standard,2024-01-16,,399
S004994,East India,Tablet,Basic,2024-02-20,,199
S004995,Maharashtra,Smart TV,Standard,2024-11-11,,399
S004996,North India,Laptop,Standard,2024-04-09,,399
S004997,North India,Mobile,Premium,2024-08-09,,699
S004998,Maharashtra,Smart TV,Basic,2024-07-15,,199
S004999,Maharashtra,Mobile,Premium,2024-04-03,,699
S005000,North India,Mobile,Standard,2024-04-21,,399
S005001,North India,Tablet,Basic,2024-03-14,,199
S005002,Maharashtra,Smart TV,Standard,2024-03-13,,399
S005003,Karnataka,Laptop,Standard,2024-08-27,,399
S005004,North India,Laptop,Standard,2024-01-26,,399
S005005,North India,Mobile,Basic,2024-12-04,,199
S005006,Karnataka,Mobile,Premium,2024-02-08,,699
S005007,Karnataka,Laptop,Basic,2024-01-22,,199
S005008,West India,Mobile,Standard,2024-01-11,,399
S005009,Maharashtra,Mobile,Standard,2024-08-12,,399
S005010,North India,Mobile,Standard,2024-04-28,2024-08-09,399
S005011,West India,Desktop,Premium,2024-04-30,,699
S005012,West India,Mobile,Standard,2024-01-03,,399
S005013,East India,Smart TV,Premium,2024-01-16,,699
S005014,North India,Mobile,Basic,2024-05-04,2024-10-26,199
S005015,North India,Laptop,Basic,2024-12-05,,199
S005016,South India,Tablet,Basic,2024-06-06,,199
S005017,Maharashtra,Laptop,Standard,2024-07-02,,399
S005018,West India,Mobile,Basic,2024-01-06,,199
S005019,Maharashtra,Smart TV,Basic,2024-08-21,,199
S005020,West India,Mobile,Basic,2024-02-25,,199
S005021,North India,Smart TV,Standard,2024-05-28,,399
S005022,Karnataka,Mobile,Basic,2024-01-30,,199
S005023,South India,Smart TV,Premium,2024-08-15,,699
S005024,Maharashtra,Tablet,Basic,2024-04-04,,199
S005025,West India,Mobile,Basic,2024-09-23,2025-02-08,199
S005026,East India,Smart TV,Basic,2024-02-02,,199
S005027,East India,Laptop,Standard,2024-05-05,,399
S005028,Maharashtra,Laptop,Premium,2024-06-07,,699
S005029,West India,Mobile,Basic,2024-11-10,,199
S005030,Maharashtra,Mobile,Basic,2024-05-08,,199
S005031,West India,Smart TV,Premium,2024-03-27,2024-08-18,699
S005032,Karnataka,Smart TV,Standard,2024-07-09,,399
S005033,Maharashtra,Laptop,Basic,2024-02-07,,199
S005034,North India,Tablet,Basic,2024-11-28,,199
S005035,West India,Laptop,Basic,2024-08-27,,199
S005036,East India,Mobile,Premium,2024-09-04,,699
S005037,West India,Smart TV,Basic,2024-08-10,,199
S005038,North India,Mobile,Basic,2024-10-19,,199
S005039,South India,Laptop,Basic,2024-03-29,,199
S005040,Karnataka,Smart TV,Basic,2024-08-28,2025-02-14,199
S005041,Maharashtra,Laptop,Premium,2024-02-09,2024-05-08,699
S005042,Maharashtra,Mobile,Basic,2024-02-11,,199
S005043,West India,Mobile,Basic,2024-07-31,,199
S005044,East India,Smart TV,Standard,2024-07-12,,399
S005045,Karnataka,Laptop,Basic,2024-04-04,,199
S005046,Karnataka,Laptop,Premium,2024-11-13,,699
S005047,West India,Smart TV,Basic,2024-01-04,2024-04-02,199
S005048,Maharashtra,Mobile,Standard,2024-02-04,,399
S005049,Karnataka,Smart TV,Premium,2024-10-29,2025-01-10,699
S005050,South India,Mobile,Basic,2024-04-06,,199
S005051,South India,Tablet,Standard,2024-09-04,,399
S005052,Maharashtra,Tablet,Premium,2024-03-14,,699
S005053,West India,Desktop,Premium,2024-04-05,,699
S005054,East India,Desktop,Basic,2024-03-23,,199
S005055,North India,Mobile,Premium,2024-03-11,,699
S005056,East India,Smart TV,Standard,2024-09-23,,399
S005057,Maharashtra,Desktop,Basic,2024-06-26,,199
S005058,West India,Laptop,Premium,2024-06-21,,699
S005059,West India,Smart TV,Basic,2024-04-03,,199
S005060,Karnataka,Smart TV,Basic,2024-08-03,,199
S005061,South India,Mobile,Premium,2024-05-01,,699
S005062,Karnataka,Mobile,Standard,2024-05-06,,399
S005063,South India,Smart TV,Basic,2024-08-31,,199
S005064,Maharashtra,Tablet,Standard,2024-12-14,,399
S005065,South India,Mobile,Standard,2024-02-27,,399
S005066,North India,Smart TV,Standard,2024-03-18,,399
S005067,South India,Mobile,Standard,2024-02-28,,399
S005068,Karnataka,Mobile,Premium,2024-07-05,2024-09-02,699
S005069,East India,Mobile,Standard,2024-06-27,,399
S005070,Karnataka,Mobile,Basic,2024-06-13,,199
S005071,West India,Laptop,Basic,2024-06-04,,199
S005072,North India,Laptop,Basic,2024-07-19,,199
S005073,Karnataka,Desktop,Basic,2024-03-05,,199
S005074,Maharashtra,Mobile,Basic,2024-03-27,2024-05-20,199
S005075,Karnataka,Tablet,Basic,2024-06-30,,199
S005076,South India,Laptop,Premium,2024-08-14,,699
S005077,Maharashtra,Smart TV,Basic,2024-06-28,,199
S005078,North India,Mobile,Standard,2024-12-12,2025-02-20,399
S005079,Karnataka,Tablet,Basic,2024-08-12,,199
S005080,East India,Smart TV,Basic,2024-01-16,,199
S005081,Maharashtra,Mobile,Premium,2024-05-04,,699
S005082,Karnataka,Mobile,Basic,2024-01-01,2024-04-26,199
S005083,South India,Mobile,Standard,2024-09-17,,399
S005084,South India,Smart TV,Basic,2024-02-07,2024-04-22,199
S005085,South India,Tablet,Standard,2024-08-18,,399
S005086,Karnataka,Mobile,Premium,2024-04-14,,699
S005087,North India,Smart TV,Basic,2024-04-11,,199
S005088,East India,Smart TV,Standard,2024-01-29,,399
S005089,South India,Laptop,Premium,2024-04-24,,699
S005090,East India,Laptop,Basic,2024-12-15,,199
S005091,North India,Smart TV,Basic,2024-09-25,2024-12-07,199
S005092,West India,Desktop,Standard,2024-05-03,2024-10-25,399
S005093,North India,Tablet,Basic,2024-06-13,,199
S005094,West India,Smart TV,Standard,2024-09-12,,399
S005095,Karnataka,Mobile,Standard,2024-04-09,,399
S005096,Maharashtra,Tablet,Standard,2024-06-09,,399
S005097,West India,Mobile,Premium,2024-10-09,,699
S005098,Karnataka,Laptop,Premium,2024-10-30,,699
S005099,Karnataka,Mobile,Basic,2024-05-29,,199
S005100,North India,Laptop,Basic,2024-01-01,,199
S005101,East India,Mobile,Standard,2024-01-12,,399
S005102,West India,Tablet,Basic,2024-02-02,,199
S005103,West India,Laptop,Standard,2024-11-23,,399
S005104,North India,Mobile,Standard,2024-08-12,,399
S005105,Maharashtra,Mobile,Basic,2024-02-25,,199
S005106,East India,Tablet,Basic,2024-06-24,,199
S005107,East India,Mobile,Standard,2024-10-05,,399
S005108,North India,Mobile,Basic,2024-11-07,,199
S005109,West India,Mobile,Basic,2024-02-13,2024-05-08,199
S005110,Maharashtra,Mobile,Basic,2024-11-09,2025-01-15,199
S005111,Maharashtra,Smart TV,Standard,2024-10-26,,399
S005112,West India,Tablet,Standard,2024-04-24,,399
S005113,East India,Laptop,Basic,2024-05-18,,199
S005114,Karnataka,Mobile,Basic,2024-09-15,,199
S005115,Karnataka,Mobile,Basic,2024-08-12,,199
S005116,Karnataka,Smart TV,Standard,2024-07-09,2024-11-03,399
S005117,North India,Laptop,Basic,2024-02-23,,199
S005118,East India,Laptop,Basic,2024-08-03,,199
S005119,Karnataka,Mobile,Standard,2024-11-17,,399
S005120,Karnataka,Mobile,Premium,2024-11-07,,699
S005121,West India,Laptop,Premium,2024-07-14,,699
S005122,East India,Tablet,Basic,2024-09-10,2024-10-14,199
S005123,Maharashtra,Smart TV,Basic,2024-11-01,,199
S005124,East India,Mobile,Standard,2024-05-09,,399
S005125,East India,Laptop,Basic,2024-05-01,2024-09-10,199
S005126,West India,Smart TV,Basic,2024-02-29,,199
S005127,South India,Laptop,Standard,2024-12-02,,399
S005128,West India,Smart TV,Basic,2024-10-23,,199
S005129,South India,Laptop,Standard,2024-04-23,2024-09-29,399
S005130,West India,Tablet,Basic,2024-01-20,,199
S005131,East India,Tablet,Standard,2024-08-24,,399
S005132,North India,Mobile,Premium,2024-02-07,,699
S005133,East India,Smart TV,Basic,2024-03-23,,199
S005134,Maharashtra,Laptop,Basic,2024-01-28,,199
S005135,West India,Smart TV,Basic,2024-11-20,,199
S005136,Karnataka,Tablet,Basic,2024-09-04,2025-02-22,199
S005137,East India,Desktop,Basic,2024-07-04,,199
S005138,East India,Smart TV,Standard,2024-01-31,,399
S005139,East India,Laptop,Basic,2024-08-06,2024-11-29,199
S005140,Maharashtra,Laptop,Premium,2024-04-27,,699
S005141,North India,Laptop,Premium,2024-07-04,,699
S005142,East India,Tablet,Standard,2024-11-30,,399
S005143,West India,Mobile,Basic,2024-01-19,,199
S005144,West India,Mobile,Premium,2024-11-19,2025-05-08,699
S005145,North India,Smart TV,Basic,2024-03-29,,199
S005146,North India,Mobile,Basic,2024-04-22,,199
S005147,North India,Mobile,Premium,2024-12-15,,699
S005148,East India,Mobile,Standard,2024-05-02,,399
S005149,West India,Mobile,Basic,2024-04-18,,199
S005150,East India,Mobile,Standard,2024-03-03,,399
S005151,South India,Laptop,Premium,2024-06-22,,699
S005152,East India,Smart TV,Basic,2024-07-11,,199
S005153,Karnataka,Mobile,Basic,2024-02-07,,199
S005154,North India,Tablet,Basic,2024-05-15,,199
S005155,East India,Smart TV,Basic,2024-07-05,,199
S005156,South India,Smart TV,Basic,2024-12-16,2025-01-22,199
S005157,North India,Smart TV,Basic,2024-10-22,,199
S005158,Maharashtra,Smart TV,Standard,2024-05-25,2024-10-08,399
S005159,Karnataka,Smart TV,Basic,2024-03-30,2024-04-30,199
S005160,South India,Smart TV,Basic,2024-02-03,,199
S005161,Karnataka,Laptop,Basic,2024-06-23,,199
S005162,Karnataka,Mobile,Standard,2024-09-14,2024-12-11,399
S005163,Karnataka,Smart TV,Premium,2024-03-10,,699
S005164,North India,Smart TV,Premium,2024-05-25,,699
S005165,West India,Laptop,Premium,2024-03-25,2024-07-12,699
S005166,West India,Desktop,Premium,2024-08-13,,699
S005167,Karnataka,Mobile,Basic,2024-08-23,,199
S005168,Karnataka,Smart TV,Basic,2024-09-13,,199
S005169,East India,Laptop,Premium,2024-07-07,,699
S005170,Maharashtra,Mobile,Basic,2024-03-01,2024-05-14,199
S005171,Maharashtra,Tablet,Basic,2024-12-12,2025-03-13,199
S005172,South India,Smart TV,Basic,2024-07-25,,199
S005173,East India,Mobile,Standard,2024-08-02,,399
S005174,Maharashtra,Smart TV,Basic,2024-12-06,,199
S005175,Karnataka,Laptop,Basic,2024-09-08,,199
S005176,South India,Laptop,Basic,2024-05-29,,199
S005177,North India,Laptop,Basic,2024-05-23,,199
S005178,Maharashtra,Mobile,Basic,2024-11-21,,199
S005179,Karnataka,Mobile,Premium,2024-02-21,,699
S005180,West India,Smart TV,Standard,2024-03-01,,399
S005181,East India,Tablet,Standard,2024-03-23,,399
S005182,West India,Smart TV,Basic,2024-03-10,,199
S005183,Maharashtra,Laptop,Standard,2024-04-08,,399
S005184,West India,Mobile,Premium,2024-10-20,2024-11-26,699
S005185,South India,Tablet,Standard,2024-05-13,2024-07-15,399
S005186,East India,Smart TV,Standard,2024-04-25,,399
S005187,East India,Mobile,Standard,2024-08-08,2024-10-26,399
S005188,Maharashtra,Tablet,Standard,2024-01-20,,399
S005189,Maharashtra,Mobile,Basic,2024-07-19,,199
S005190,East India,Laptop,Basic,2024-10-29,,199
S005191,South India,Tablet,Basic,2024-02-27,,199
S005192,East India,Mobile,Basic,2024-11-12,,199
S005193,Karnataka,Laptop,Standard,2024-07-01,,399
S005194,East India,Smart TV,Standard,2024-12-25,,399
S005195,Maharashtra,Mobile,Basic,2024-04-15,,199
S005196,South India,Tablet,Premium,2024-08-04,,699
S005197,Maharashtra,Laptop,Standard,2024-02-29,2024-07-30,399
S005198,East India,Mobile,Standard,2024-06-20,2024-07-23,399
S005199,East India,Mobile,Basic,2024-06-24,2024-09-06,199
S005200,East India,Mobile,Basic,2024-06-23,,199
S005201,West India,Mobile,Standard,2024-11-19,,399
S005202,Maharashtra,Laptop,Basic,2024-11-05,,199
S005203,West India,Mobile,Basic,2024-08-13,,199
S005204,West India,Mobile,Standard,2024-12-29,,399
S005205,Karnataka,Mobile,Basic,2024-08-11,,199
S005206,Karnataka,Mobile,Premium,2024-06-16,,699
S005207,Karnataka,Laptop,Premium,2024-06-07,,699
S005208,South India,Smart TV,Basic,2024-07-24,,199
S005209,South India,Laptop,Basic,2024-05-24,,199
S005210,Karnataka,Laptop,Premium,2024-12-02,2025-02-11,699
S005211,North India,Mobile,Basic,2024-05-03,,199
S005212,Karnataka,Smart TV,Premium,2024-06-25,,699
S005213,North India,Smart TV,Premium,2024-12-15,,699
S005214,Karnataka,Laptop,Basic,2024-10-24,,199
S005215,Karnataka,Laptop,Basic,2024-01-05,,199
S005216,Karnataka,Smart TV,Basic,2024-10-12,,199
S005217,Maharashtra,Tablet,Standard,2024-12-05,2025-03-15,399
S005218,South India,Mobile,Standard,2024-04-06,,399
S005219,Maharashtra,Mobile,Premium,2024-11-28,,699
S005220,West India,Smart TV,Standard,2024-04-08,,399
S005221,Karnataka,Smart TV,Standard,2024-07-12,,399
S005222,North India,Mobile,Basic,2024-01-22,,199
S005223,South India,Mobile,Basic,2024-10-18,,199
S005224,South India,Laptop,Basic,2024-07-20,,199
S005225,Maharashtra,Tablet,Basic,2024-06-26,,199
S005226,South India,Smart TV,Basic,2024-11-22,,199
S005227,Maharashtra,Tablet,Basic,2024-01-25,,199
S005228,South India,Mobile,Basic,2024-07-04,,199
S005229,East India,Laptop,Basic,2024-06-20,,199
S005230,South India,Mobile,Premium,2024-11-01,2025-04-10,699
S005231,Karnataka,Smart TV,Basic,2024-06-22,,199
S005232,North India,Laptop,Standard,2024-11-26,,399
S005233,West India,Smart TV,Basic,2024-06-07,,199
S005234,Karnataka,Smart TV,Standard,2024-05-26,,399
S005235,Karnataka,Mobile,Basic,2024-02-22,,199
S005236,North India,Mobile,Basic,2024-01-15,,199
S005237,Karnataka,Tablet,Standard,2024-07-06,2024-11-17,399
S005238,Karnataka,Mobile,Basic,2024-07-25,,199
S005239,Maharashtra,Laptop,Premium,2024-11-02,,699
S005240,East India,Laptop,Standard,2024-10-12,,399
S005241,East India,Mobile,Basic,2024-09-04,,199
S005242,East India,Tablet,Standard,2024-02-21,,399
S005243,South India,Mobile,Basic,2024-05-15,,199
S005244,Maharashtra,Mobile,Premium,2024-08-11,,699
S005245,North India,Laptop,Premium,2024-01-12,2024-05-05,699
S005246,East India,Smart TV,Basic,2024-03-16,,199
S005247,West India,Smart TV,Basic,2024-07-17,,199
S005248,East India,Smart TV,Premium,2024-12-04,,699
S005249,West India,Smart TV,Basic,2024-02-29,,199
S005250,West India,Mobile,Standard,2024-08-26,,399
S005251,West India,Smart TV,Standard,2024-03-15,,399
S005252,West India,Smart TV,Basic,2024-09-25,,199
S005253,East India,Tablet,Basic,2024-06-28,2024-11-30,199
S005254,North India,Smart TV,Premium,2024-01-16,,699
S005255,West India,Smart TV,Premium,2024-03-09,2024-06-11,699
S005256,South India,Desktop,Basic,2024-08-09,,199
S005257,Karnataka,Mobile,Premium,2024-06-21,,699
S005258,East India,Smart TV,Premium,2024-10-19,,699
S005259,West India,Smart TV,Basic,2024-06-20,,199
S005260,Maharashtra,Smart TV,Basic,2024-10-24,,199
S005261,West India,Laptop,Premium,2024-06-26,,699
S005262,West India,Mobile,Basic,2024-11-09,2024-12-11,199
S005263,North India,Mobile,Basic,2024-06-06,,199
S005264,Karnataka,Tablet,Basic,2024-08-04,,199
S005265,South India,Smart TV,Standard,2024-08-16,,399
S005266,Maharashtra,Mobile,Basic,2024-04-29,,199
S005267,South India,Tablet,Basic,2024-12-21,,199
S005268,Maharashtra,Smart TV,Basic,2024-09-15,,199
S005269,North India,Mobile,Premium,2024-11-30,,699
S005270,South India,Mobile,Basic,2024-10-22,,199
S005271,West India,Smart TV,Standard,2024-01-18,,399
S005272,North India,Smart TV,Basic,2024-01-25,,199
S005273,South India,Laptop,Standard,2024-04-11,,399
S005274,Karnataka,Smart TV,Basic,2024-04-10,,199
S005275,East India,Tablet,Standard,2024-08-03,,399
S005276,West India,Tablet,Standard,2024-07-04,,399
S005277,North India,Smart TV,Standard,2024-05-06,,399
S005278,North India,Mobile,Premium,2024-08-06,,699
S005279,East India,Mobile,Standard,2024-06-02,,399
S005280,East India,Mobile,Basic,2024-12-25,,199
S005281,South India,Smart TV,Premium,2024-06-07,,699
S005282,Maharashtra,Laptop,Standard,2024-08-08,,399
S005283,East India,Smart TV,Standard,2024-07-28,2024-10-21,399
S005284,Karnataka,Smart TV,Basic,2024-02-07,,199
S005285,East India,Tablet,Standard,2024-06-26,,399
S005286,West India,Mobile,Basic,2024-08-29,2025-02-09,199
S005287,West India,Mobile,Standard,2024-03-17,,399
S005288,Maharashtra,Tablet,Basic,2024-09-08,,199
S005289,West India,Mobile,Standard,2024-10-19,,399
S005290,North India,Mobile,Basic,2024-12-26,,199
S005291,Maharashtra,Mobile,Basic,2024-03-11,,199
S005292,North India,Laptop,Standard,2024-08-06,,399
S005293,Maharashtra,Mobile,Standard,2024-04-11,2024-09-22,399
S005294,West India,Mobile,Standard,2024-05-15,,399
S005295,Karnataka,Mobile,Standard,2024-08-31,,399
S005296,East India,Smart TV,Premium,2024-04-13,,699
S005297,South India,Mobile,Standard,2024-07-23,,399
S005298,North India,Mobile,Premium,2024-05-12,,699
S005299,Karnataka,Smart TV,Basic,2024-06-02,,199
S005300,West India,Smart TV,Standard,2024-08-09,,399
S005301,Maharashtra,Laptop,Standard,2024-05-29,,399
S005302,West India,Laptop,Basic,2024-04-02,,199
S005303,West India,Mobile,Basic,2024-12-26,,199
S005304,East India,Tablet,Premium,2024-11-29,,699
S005305,East India,Laptop,Basic,2024-10-26,,199
S005306,North India,Laptop,Basic,2024-07-22,,199
S005307,West India,Laptop,Basic,2024-06-18,,199
S005308,South India,Smart TV,Basic,2024-02-20,,199
S005309,Karnataka,Laptop,Standard,2024-05-03,,399
S005310,East India,Tablet,Standard,2024-02-03,,399
S005311,Karnataka,Smart TV,Standard,2024-03-21,,399
S005312,Maharashtra,Smart TV,Standard,2024-07-05,,399
S005313,North India,Tablet,Basic,2024-06-11,,199
S005314,East India,Mobile,Basic,2024-03-07,,199
S005315,North India,Smart TV,Premium,2024-03-20,,699
S005316,East India,Mobile,Basic,2024-02-03,2024-05-25,199
S005317,Maharashtra,Mobile,Premium,2024-05-04,,699
S005318,Maharashtra,Tablet,Standard,2024-01-23,,399
S005319,Karnataka,Laptop,Basic,2024-04-15,,199
S005320,West India,Mobile,Standard,2024-04-26,,399
S005321,East India,Smart TV,Standard,2024-07-30,,399
S005322,North India,Laptop,Basic,2024-07-15,,199
S005323,North India,Laptop,Basic,2024-06-12,,199
S005324,Maharashtra,Smart TV,Standard,2024-05-18,,399
S005325,North India,Mobile,Basic,2024-08-20,,199
S005326,South India,Smart TV,Standard,2024-03-12,,399
S005327,Maharashtra,Mobile,Standard,2024-07-31,,399
S005328,East India,Mobile,Basic,2024-06-28,,199
S005329,Karnataka,Mobile,Basic,2024-11-03,,199
S005330,Maharashtra,Laptop,Standard,2024-04-17,,399
S005331,Karnataka,Laptop,Premium,2024-10-11,,699
S005332,East India,Mobile,Basic,2024-06-17,,199
S005333,Maharashtra,Smart TV,Premium,2024-04-02,,699
S005334,North India,Smart TV,Basic,2024-07-03,,199
S005335,Maharashtra,Mobile,Basic,2024-09-30,,199
S005336,West India,Laptop,Standard,2024-12-27,,399
S005337,North India,Mobile,Standard,2024-09-01,,399
S005338,North India,Smart TV,Premium,2024-10-18,,699
S005339,South India,Mobile,Basic,2024-09-07,,199
S005340,Karnataka,Mobile,Basic,2024-07-15,,199
S005341,East India,Smart TV,Basic,2024-09-16,,199
S005342,North India,Mobile,Basic,2024-06-08,,199
S005343,East India,Mobile,Standard,2024-06-02,,399
S005344,South India,Mobile,Basic,2024-02-12,,199
S005345,East India,Laptop,Basic,2024-03-16,,199
S005346,South India,Mobile,Basic,2024-11-02,,199
S005347,East India,Mobile,Basic,2024-08-09,,199
S005348,South India,Smart TV,Standard,2024-07-25,,399
S005349,East India,Smart TV,Standard,2024-09-29,,399
S005350,East India,Tablet,Basic,2024-11-07,2025-03-14,199
S005351,East India,Desktop,Standard,2024-06-03,2024-10-23,399
S005352,Karnataka,Mobile,Standard,2024-02-13,2024-06-30,399
S005353,South India,Mobile,Basic,2024-09-21,,199
S005354,Maharashtra,Smart TV,Basic,2024-02-24,,199
S005355,Maharashtra,Smart TV,Basic,2024-04-13,,199
S005356,Karnataka,Mobile,Premium,2024-10-06,,699
S005357,East India,Smart TV,Premium,2024-07-13,,699
S005358,West India,Mobile,Standard,2024-08-19,,399
S005359,South India,Laptop,Basic,2024-04-10,,199
S005360,North India,Smart TV,Basic,2024-10-11,,199
S005361,South India,Smart TV,Basic,2024-03-31,,199
S005362,North India,Smart TV,Basic,2024-01-05,2024-05-14,199
S005363,Maharashtra,Mobile,Basic,2024-09-03,,199
S005364,East India,Mobile,Basic,2024-05-21,,199
S005365,West India,Tablet,Basic,2024-12-15,,199
S005366,West India,Laptop,Standard,2024-01-01,,399
S005367,South India,Smart TV,Basic,2024-11-19,,199
S005368,East India,Smart TV,Basic,2024-12-10,,199
S005369,North India,Tablet,Basic,2024-12-25,,199
S005370,East India,Tablet,Premium,2024-03-02,,699
S005371,Karnataka,Laptop,Standard,2024-02-24,,399
S005372,West India,Smart TV,Standard,2024-10-27,,399
S005373,North India,Smart TV,Basic,2024-01-05,2024-06-27,199
S005374,South India,Laptop,Premium,2024-06-12,2024-07-15,699
S005375,South India,Mobile,Basic,2024-06-18,,199
S005376,East India,Smart TV,Basic,2024-10-04,2025-01-27,199
S005377,East India,Laptop,Basic,2024-09-05,,199
S005378,South India,Mobile,Standard,2024-02-04,,399
S005379,North India,Smart TV,Premium,2024-01-19,,699
S005380,Maharashtra,Laptop,Premium,2024-12-18,,699
S005381,South India,Smart TV,Standard,2024-07-17,,399
S005382,Maharashtra,Laptop,Basic,2024-05-12,,199
S005383,West India,Desktop,Basic,2024-09-27,2025-01-17,199
S005384,South India,Tablet,Basic,2024-12-13,,199
S005385,East India,Tablet,Standard,2024-05-28,,399
S005386,South India,Mobile,Basic,2024-11-16,,199
S005387,North India,Laptop,Premium,2024-02-25,,699
S005388,Karnataka,Tablet,Basic,2024-05-31,,199
S005389,Maharashtra,Smart TV,Basic,2024-05-27,,199
S005390,Maharashtra,Laptop,Standard,2024-10-16,,399
S005391,West India,Laptop,Standard,2024-07-12,,399
S005392,East India,Laptop,Standard,2024-02-16,2024-06-25,399
S005393,West India,Smart TV,Standard,2024-10-14,,399
S005394,West India,Smart TV,Basic,2024-04-01,,199
S005395,Maharashtra,Mobile,Premium,2024-09-04,,699
S005396,West India,Mobile,Standard,2024-07-30,2024-11-20,399
S005397,East India,Laptop,Basic,2024-02-07,,199
S005398,East India,Mobile,Standard,2024-05-31,,399
S005399,Karnataka,Mobile,Standard,2024-02-01,,399
S005400,South India,Mobile,Standard,2024-01-10,,399
S005401,South India,Mobile,Basic,2024-09-01,,199
S005402,West India,Smart TV,Premium,2024-10-15,,699
S005403,North India,Mobile,Standard,2024-03-27,,399
S005404,South India,Desktop,Standard,2024-03-24,,399
S005405,Maharashtra,Smart TV,Premium,2024-04-21,,699
S005406,West India,Laptop,Premium,2024-03-22,,699
S005407,West India,Laptop,Basic,2024-12-20,,199
S005408,West India,Laptop,Premium,2024-04-02,,699
S005409,South India,Smart TV,Basic,2024-02-12,,199
S005410,Maharashtra,Mobile,Basic,2024-03-06,,199
S005411,West India,Tablet,Premium,2024-09-27,2025-02-09,699
S005412,North India,Laptop,Basic,2024-11-25,,199
S005413,West India,Laptop,Basic,2024-10-02,,199
S005414,Karnataka,Laptop,Standard,2024-08-31,,399
S005415,South India,Mobile,Basic,2024-01-23,2024-06-21,199
S005416,Karnataka,Laptop,Basic,2024-10-10,2025-02-18,199
S005417,North India,Mobile,Standard,2024-02-13,2024-04-26,399
S005418,West India,Mobile,Basic,2024-09-17,,199
S005419,East India,Tablet,Basic,2024-12-20,,199
S005420,Karnataka,Laptop,Standard,2024-01-08,,399
S005421,East India,Tablet,Standard,2024-06-05,,399
S005422,Karnataka,Mobile,Standard,2024-11-25,,399
S005423,Karnataka,Smart TV,Basic,2024-05-15,,199
S005424,East India,Smart TV,Basic,2024-03-01,2024-05-15,199
S005425,East India,Laptop,Premium,2024-05-27,,699
S005426,South India,Laptop,Standard,2024-07-30,,399
S005427,South India,Desktop,Basic,2024-02-26,,199
S005428,South India,Mobile,Basic,2024-08-21,,199
S005429,Maharashtra,Laptop,Basic,2024-11-29,2025-04-02,199
S005430,Karnataka,Smart TV,Basic,2024-12-04,2025-05-01,199
S005431,East India,Desktop,Basic,2024-02-22,,199
S005432,North India,Laptop,Basic,2024-10-17,,199
S005433,East India,Tablet,Basic,2024-06-02,,199
S005434,Maharashtra,Smart TV,Basic,2024-03-27,,199
S005435,West India,Mobile,Standard,2024-09-01,2024-12-12,399
S005436,West India,Smart TV,Basic,2024-10-21,,199
S005437,Maharashtra,Mobile,Basic,2024-12-05,,199
S005438,Karnataka,Smart TV,Basic,2024-09-21,,199
S005439,North India,Desktop,Standard,2024-02-12,,399
S005440,South India,Smart TV,Basic,2024-05-07,,199
S005441,East India,Laptop,Basic,2024-08-25,,199
S005442,South India,Mobile,Basic,2024-08-09,,199
S005443,East India,Mobile,Standard,2024-12-24,,399
S005444,Karnataka,Desktop,Basic,2024-06-26,2024-11-21,199
S005445,North India,Smart TV,Basic,2024-11-13,,199
S005446,Karnataka,Mobile,Standard,2024-02-02,,399
S005447,East India,Mobile,Basic,2024-10-04,,199
S005448,North India,Mobile,Standard,2024-02-14,2024-04-03,399
S005449,South India,Laptop,Basic,2024-01-23,,199
S005450,East India,Mobile,Premium,2024-06-02,,699
S005451,South India,Mobile,Basic,2024-11-21,,199
S005452,North India,Mobile,Basic,2024-09-10,2025-01-18,199
S005453,South India,Smart TV,Standard,2024-10-02,,399
S005454,North India,Mobile,Standard,2024-08-04,2024-09-29,399
S005455,Maharashtra,Mobile,Standard,2024-05-21,,399
S005456,South India,Tablet,Basic,2024-03-29,,199
S005457,West India,Smart TV,Basic,2024-11-19,,199
S005458,South India,Laptop,Basic,2024-06-15,,199
S005459,Maharashtra,Tablet,Premium,2024-03-22,2024-06-24,699
S005460,Maharashtra,Laptop,Basic,2024-03-06,,199
S005461,North India,Smart TV,Basic,2024-03-08,,199
S005462,East India,Mobile,Standard,2024-08-25,,399
S005463,Maharashtra,Laptop,Basic,2024-11-19,,199
S005464,Karnataka,Laptop,Standard,2024-04-24,,399
S005465,East India,Mobile,Basic,2024-09-14,,199
S005466,North India,Smart TV,Basic,2024-08-31,,199
S005467,Karnataka,Mobile,Basic,2024-10-16,,199
S005468,North India,Laptop,Standard,2024-04-08,,399
S005469,North India,Mobile,Standard,2024-11-11,,399
S005470,East India,Laptop,Basic,2024-07-30,,199
S005471,Maharashtra,Mobile,Standard,2024-02-13,2024-04-13,399
S005472,West India,Laptop,Standard,2024-07-01,,399
S005473,Karnataka,Mobile,Standard,2024-02-10,,399
S005474,West India,Smart TV,Basic,2024-07-03,,199
S005475,North India,Smart TV,Premium,2024-08-26,,699
S005476,Maharashtra,Tablet,Basic,2024-06-27,,199
S005477,West India,Laptop,Basic,2024-10-17,,199
S005478,Karnataka,Tablet,Standard,2024-11-20,,399
S005479,Maharashtra,Laptop,Basic,2024-11-30,,199
S005480,West India,Mobile,Basic,2024-06-26,,199
S005481,East India,Tablet,Standard,2024-05-11,2024-08-31,399
S005482,Karnataka,Smart TV,Standard,2024-12-25,,399
S005483,South India,Tablet,Premium,2024-02-04,,699
S005484,West India,Mobile,Basic,2024-03-31,,199
S005485,Karnataka,Mobile,Standard,2024-09-15,,399
S005486,Karnataka,Smart TV,Premium,2024-08-16,,699
S005487,West India,Desktop,Standard,2024-07-18,,399
S005488,North India,Laptop,Basic,2024-09-15,,199
S005489,Karnataka,Smart TV,Basic,2024-12-12,,199
S005490,East India,Tablet,Basic,2024-04-21,,199
S005491,Karnataka,Mobile,Basic,2024-05-10,,199
S005492,North India,Mobile,Basic,2024-03-28,,199
S005493,Maharashtra,Laptop,Premium,2024-09-09,,699
S005494,Maharashtra,Mobile,Premium,2024-11-08,,699
S005495,Karnataka,Smart TV,Basic,2024-08-07,,199
S005496,North India,Mobile,Basic,2024-04-01,,199
S005497,North India,Mobile,Basic,2024-10-12,,199
S005498,East India,Tablet,Standard,2024-12-17,,399
S005499,South India,Laptop,Standard,2024-03-07,,399
S005500,North India,Mobile,Basic,2024-10-11,,199
S005501,West India,Mobile,Basic,2024-05-25,2024-10-25,199
S005502,West India,Smart TV,Premium,2024-03-24,,699
S005503,West India,Mobile,Basic,2024-08-08,,199
S005504,East India,Laptop,Basic,2024-09-02,,199
S005505,Karnataka,Tablet,Premium,2024-06-06,2024-08-08,699
S005506,South India,Tablet,Premium,2024-09-13,2024-11-01,699
S005507,East India,Laptop,Basic,2024-03-12,,199
S005508,East India,Mobile,Standard,2024-01-08,,399
S005509,Karnataka,Tablet,Premium,2024-02-22,,699
S005510,East India,Mobile,Premium,2024-05-23,,699
S005511,Karnataka,Tablet,Basic,2024-05-05,,199
S005512,Maharashtra,Smart TV,Standard,2024-11-29,,399
S005513,Maharashtra,Mobile,Premium,2024-05-24,,699
S005514,Maharashtra,Mobile,Basic,2024-12-15,,199
S005515,Karnataka,Laptop,Basic,2024-07-07,,199
S005516,North India,Mobile,Standard,2024-10-12,2024-11-17,399
S005517,North India,Laptop,Basic,2024-05-27,2024-09-14,199
S005518,Maharashtra,Desktop,Basic,2024-10-09,,199
S005519,Karnataka,Laptop,Basic,2024-05-07,,199
S005520,Maharashtra,Smart TV,Standard,2024-04-17,,399
S005521,West India,Smart TV,Basic,2024-03-10,,199
S005522,North India,Tablet,Basic,2024-08-23,,199
S005523,Maharashtra,Smart TV,Basic,2024-09-11,,199
S005524,North India,Laptop,Standard,2024-06-24,,399
S005525,North India,Mobile,Basic,2024-09-08,,199
S005526,East India,Mobile,Basic,2024-10-21,,199
S005527,East India,Mobile,Standard,2024-11-21,,399
S005528,South India,Mobile,Standard,2024-06-16,,399
S005529,West India,Tablet,Standard,2024-12-11,2025-04-04,399
S005530,Karnataka,Mobile,Basic,2024-09-06,,199
S005531,East India,Mobile,Basic,2024-03-28,,199
S005532,North India,Smart TV,Premium,2024-05-05,,699
S005533,South India,Laptop,Premium,2024-03-01,,699
S005534,South India,Mobile,Standard,2024-05-15,,399
S005535,West India,Mobile,Premium,2024-11-15,2025-01-27,699
S005536,South India,Tablet,Basic,2024-10-18,,199
S005537,Maharashtra,Laptop,Basic,2024-12-01,,199
S005538,East India,Smart TV,Basic,2024-06-01,,199
S005539,North India,Laptop,Basic,2024-12-18,,199
S005540,North India,Smart TV,Standard,2024-03-10,,399
S005541,East India,Mobile,Basic,2024-03-13,,199
S005542,South India,Mobile,Basic,2024-08-02,,199
S005543,South India,Tablet,Basic,2024-11-28,,199
S005544,East India,Smart TV,Standard,2024-05-24,,399
S005545,Karnataka,Tablet,Standard,2024-04-03,,399
S005546,North India,Smart TV,Standard,2024-05-10,,399
S005547,South India,Tablet,Premium,2024-05-23,2024-08-06,699
S005548,Karnataka,Mobile,Basic,2024-10-04,2025-01-16,199
S005549,East India,Mobile,Standard,2024-09-03,,399
S005550,Karnataka,Laptop,Basic,2024-10-27,,199
S005551,West India,Laptop,Basic,2024-10-18,,199
S005552,South India,Mobile,Basic,2024-12-01,,199
S005553,North India,Tablet,Standard,2024-04-11,,399
S005554,East India,Smart TV,Standard,2024-04-19,,399
S005555,Karnataka,Laptop,Basic,2024-04-18,,199
S005556,East India,Desktop,Basic,2024-01-20,,199
S005557,Karnataka,Smart TV,Basic,2024-08-10,,199
S005558,Maharashtra,Desktop,Standard,2024-01-29,,399
S005559,North India,Smart TV,Premium,2024-05-21,,699
S005560,Maharashtra,Laptop,Basic,2024-09-10,,199
S005561,East India,Mobile,Premium,2024-08-26,,699
S005562,West India,Mobile,Standard,2024-01-09,,399
S005563,Karnataka,Mobile,Standard,2024-02-22,,399
S005564,East India,Mobile,Standard,2024-10-15,,399
S005565,North India,Mobile,Basic,2024-05-04,,199
S005566,West India,Mobile,Standard,2024-11-11,2024-12-16,399
S005567,East India,Laptop,Basic,2024-11-15,,199
S005568,North India,Laptop,Basic,2024-12-06,,199
S005569,Maharashtra,Smart TV,Premium,2024-06-09,2024-11-25,699
S005570,West India,Tablet,Basic,2024-06-08,,199
S005571,Karnataka,Smart TV,Premium,2024-05-11,,699
S005572,West India,Tablet,Standard,2024-01-11,,399
S005573,South India,Mobile,Basic,2024-02-03,,199
S005574,West India,Laptop,Basic,2024-01-25,,199
S005575,South India,Laptop,Standard,2024-08-15,,399
S005576,South India,Laptop,Basic,2024-09-13,,199
S005577,West India,Mobile,Standard,2024-07-05,,399
S005578,North India,Mobile,Standard,2024-08-19,,399
S005579,West India,Mobile,Standard,2024-10-04,,399
S005580,Karnataka,Mobile,Basic,2024-12-03,2025-05-26,199
S005581,North India,Tablet,Basic,2024-02-26,,199
S005582,North India,Mobile,Standard,2024-03-25,,399
S005583,Maharashtra,Mobile,Basic,2024-12-24,,199
S005584,Maharashtra,Laptop,Basic,2024-05-12,,199
S005585,Maharashtra,Smart TV,Basic,2024-04-07,,199
S005586,Karnataka,Laptop,Basic,2024-08-30,,199
S005587,East India,Mobile,Standard,2024-05-19,,399
S005588,East India,Smart TV,Standard,2024-06-26,,399
S005589,South India,Laptop,Premium,2024-07-26,,699
S005590,West India,Laptop,Basic,2024-07-03,,199
S005591,Karnataka,Laptop,Basic,2024-02-15,,199
S005592,North India,Mobile,Standard,2024-07-29,,399
S005593,Maharashtra,Mobile,Basic,2024-06-18,,199
S005594,North India,Mobile,Standard,2024-05-06,,399
S005595,South India,Tablet,Basic,2024-11-19,,199
S005596,North India,Smart TV,Basic,2024-12-06,,199
S005597,Maharashtra,Smart TV,Basic,2024-06-09,,199
S005598,North India,Smart TV,Standard,2024-02-28,,399
S005599,North India,Smart TV,Basic,2024-11-17,2025-02-07,199
S005600,Karnataka,Tablet,Basic,2024-11-20,,199
S005601,Maharashtra,Mobile,Standard,2024-01-22,,399
S005602,East India,Tablet,Standard,2024-05-08,,399
S005603,Maharashtra,Smart TV,Basic,2024-04-27,,199
S005604,South India,Smart TV,Basic,2024-11-26,2025-03-15,199
S005605,South India,Smart TV,Basic,2024-12-18,,199
S005606,Maharashtra,Mobile,Standard,2024-02-06,,399
S005607,South India,Smart TV,Standard,2024-11-29,,399
S005608,Karnataka,Smart TV,Standard,2024-05-11,,399
S005609,Maharashtra,Mobile,Standard,2024-10-05,,399
S005610,East India,Smart TV,Premium,2024-11-08,,699
S005611,Karnataka,Smart TV,Premium,2024-11-12,2025-04-11,699
S005612,North India,Mobile,Standard,2024-07-22,,399
S005613,Karnataka,Desktop,Standard,2024-10-22,2025-01-23,399
S005614,East India,Laptop,Basic,2024-06-04,,199
S005615,North India,Mobile,Standard,2024-03-08,,399
S005616,West India,Mobile,Standard,2024-08-25,,399
S005617,West India,Smart TV,Basic,2024-10-26,,199
S005618,Karnataka,Smart TV,Basic,2024-04-08,,199
S005619,West India,Laptop,Basic,2024-01-31,,199
S005620,East India,Mobile,Premium,2024-01-05,,699
S005621,South India,Smart TV,Basic,2024-12-04,,199
S005622,West India,Laptop,Standard,2024-12-01,2025-02-11,399
S005623,West India,Mobile,Basic,2024-04-21,,199
S005624,West India,Smart TV,Basic,2024-07-25,,199
S005625,Karnataka,Mobile,Standard,2024-03-22,,399
S005626,South India,Smart TV,Premium,2024-06-27,,699
S005627,Maharashtra,Mobile,Standard,2024-08-28,,399
S005628,West India,Smart TV,Basic,2024-07-21,,199
S005629,East India,Tablet,Basic,2024-02-16,,199
S005630,West India,Desktop,Premium,2024-03-21,,699
S005631,West India,Smart TV,Standard,2024-05-14,,399
S005632,Maharashtra,Mobile,Standard,2024-03-25,,399
S005633,South India,Mobile,Basic,2024-11-05,,199
S005634,Maharashtra,Mobile,Standard,2024-11-25,,399
S005635,Maharashtra,Mobile,Basic,2024-01-27,,199
S005636,North India,Laptop,Standard,2024-03-25,,399
S005637,Maharashtra,Mobile,Basic,2024-06-10,,199
S005638,West India,Mobile,Standard,2024-03-03,,399
S005639,North India,Smart TV,Basic,2024-06-08,,199
S005640,South India,Laptop,Standard,2024-06-01,,399
S005641,East India,Smart TV,Basic,2024-09-15,,199
S005642,South India,Desktop,Basic,2024-05-29,,199
S005643,Karnataka,Mobile,Premium,2024-04-19,2024-07-27,699
S005644,East India,Smart TV,Basic,2024-07-15,,199
S005645,North India,Smart TV,Basic,2024-04-07,,199
S005646,Karnataka,Mobile,Standard,2024-01-27,2024-06-18,399
S005647,North India,Laptop,Basic,2024-10-24,,199
S005648,Karnataka,Smart TV,Basic,2024-02-26,2024-04-20,199
S005649,South India,Mobile,Premium,2024-12-04,,699
S005650,Karnataka,Mobile,Premium,2024-12-05,,699
S005651,West India,Mobile,Basic,2024-12-04,,199
S005652,North India,Smart TV,Basic,2024-12-06,2025-02-03,199
S005653,North India,Mobile,Standard,2024-07-03,,399
S005654,West India,Mobile,Standard,2024-01-17,,399
S005655,North India,Smart TV,Basic,2024-06-05,,199
S005656,East India,Smart TV,Premium,2024-10-07,2025-01-26,699
S005657,North India,Mobile,Standard,2024-09-15,,399
S005658,Karnataka,Laptop,Basic,2024-11-10,,199
S005659,Maharashtra,Smart TV,Basic,2024-08-21,,199
S005660,Maharashtra,Laptop,Basic,2024-07-17,,199
S005661,South India,Laptop,Standard,2024-06-18,,399
S005662,West India,Tablet,Basic,2024-01-11,,199
S005663,Maharashtra,Mobile,Standard,2024-02-02,,399
S005664,North India,Mobile,Premium,2024-09-20,,699
S005665,Maharashtra,Tablet,Premium,2024-07-12,,699
S005666,North India,Mobile,Basic,2024-06-24,,199
S005667,North India,Tablet,Premium,2024-08-14,,699
S005668,Karnataka,Smart TV,Standard,2024-06-21,,399
S005669,East India,Mobile,Premium,2024-09-15,,699
S005670,East India,Smart TV,Premium,2024-12-16,,699
S005671,Karnataka,Mobile,Basic,2024-10-29,2024-12-28,199
S005672,Karnataka,Smart TV,Standard,2024-09-06,,399
S005673,East India,Laptop,Standard,2024-10-19,2024-12-16,399
S005674,Maharashtra,Laptop,Standard,2024-07-07,2024-10-22,399
S005675,East India,Smart TV,Standard,2024-12-23,2025-04-24,399
S005676,West India,Desktop,Premium,2024-09-20,,699
S005677,Karnataka,Smart TV,Premium,2024-10-03,,699
S005678,West India,Laptop,Basic,2024-06-20,,199
S005679,North India,Mobile,Basic,2024-02-08,,199
S005680,Maharashtra,Laptop,Basic,2024-04-02,,199
S005681,West India,Mobile,Standard,2024-08-04,,399
S005682,Karnataka,Smart TV,Basic,2024-12-23,,199
S005683,South India,Laptop,Premium,2024-10-04,,699
S005684,West India,Laptop,Premium,2024-01-08,,699
S005685,South India,Mobile,Basic,2024-03-16,,199
S005686,South India,Laptop,Basic,2024-06-02,,199
S005687,Karnataka,Mobile,Standard,2024-02-11,,399
S005688,South India,Smart TV,Basic,2024-12-04,,199
S005689,Maharashtra,Tablet,Premium,2024-02-23,2024-06-04,699
S005690,South India,Smart TV,Standard,2024-08-06,,399
S005691,Maharashtra,Laptop,Basic,2024-11-23,,199
S005692,Karnataka,Laptop,Basic,2024-03-13,,199
S005693,Maharashtra,Laptop,Basic,2024-12-22,2025-02-20,199
S005694,South India,Mobile,Basic,2024-02-09,,199
S005695,Karnataka,Mobile,Standard,2024-03-22,,399
S005696,South India,Laptop,Standard,2024-10-14,,399
S005697,East India,Mobile,Premium,2024-02-24,2024-05-09,699
S005698,Maharashtra,Smart TV,Standard,2024-10-12,,399
S005699,Karnataka,Laptop,Standard,2024-10-12,,399
S005700,Karnataka,Tablet,Premium,2024-05-22,,699
S005701,Karnataka,Desktop,Standard,2024-02-18,,399
S005702,Karnataka,Smart TV,Standard,2024-02-11,,399
S005703,West India,Mobile,Premium,2024-06-15,,699
S005704,Karnataka,Tablet,Standard,2024-08-05,,399
S005705,East India,Mobile,Basic,2024-04-08,,199
S005706,South India,Laptop,Basic,2024-02-15,,199
S005707,North India,Smart TV,Standard,2024-10-14,,399
S005708,Karnataka,Smart TV,Premium,2024-11-02,,699
S005709,Maharashtra,Mobile,Standard,2024-05-05,,399
S005710,West India,Mobile,Basic,2024-11-11,,199
S005711,North India,Mobile,Basic,2024-11-13,,199
S005712,West India,Smart TV,Premium,2024-02-13,,699
S005713,West India,Smart TV,Premium,2024-09-28,,699
S005714,Maharashtra,Tablet,Basic,2024-03-13,,199
S005715,North India,Tablet,Basic,2024-01-25,,199
S005716,North India,Mobile,Basic,2024-03-15,,199
S005717,Maharashtra,Smart TV,Basic,2024-11-29,,199
S005718,South India,Laptop,Premium,2024-11-12,,699
S005719,East India,Smart TV,Basic,2024-09-19,,199
S005720,Maharashtra,Mobile,Basic,2024-10-13,2025-04-10,199
S005721,East India,Tablet,Premium,2024-06-03,2024-08-27,699
S005722,Maharashtra,Tablet,Standard,2024-03-08,,399
S005723,Karnataka,Desktop,Standard,2024-12-16,,399
S005724,East India,Laptop,Basic,2024-06-20,,199
S005725,West India,Laptop,Premium,2024-05-03,2024-10-20,699
S005726,South India,Tablet,Standard,2024-12-11,,399
S005727,South India,Mobile,Basic,2024-11-23,2025-03-21,199
S005728,North India,Mobile,Standard,2024-06-14,,399
S005729,West India,Laptop,Standard,2024-12-30,,399
S005730,East India,Tablet,Basic,2024-08-20,,199
S005731,Maharashtra,Smart TV,Premium,2024-08-20,,699
S005732,Karnataka,Mobile,Standard,2024-04-22,,399
S005733,North India,Smart TV,Basic,2024-07-08,,199
S005734,East India,Smart TV,Basic,2024-12-08,,199
S005735,West India,Mobile,Basic,2024-02-17,,199
S005736,North India,Smart TV,Standard,2024-04-09,,399
S005737,North India,Smart TV,Basic,2024-06-28,2024-08-16,199
S005738,North India,Tablet,Standard,2024-11-17,,399
S005739,Maharashtra,Mobile,Standard,2024-03-15,,399
S005740,South India,Mobile,Standard,2024-12-22,,399
S005741,North India,Smart TV,Basic,2024-12-13,,199
S005742,West India,Laptop,Premium,2024-03-31,,699
S005743,North India,Laptop,Basic,2024-01-20,,199
S005744,South India,Desktop,Basic,2024-07-02,2024-09-06,199
S005745,South India,Mobile,Basic,2024-12-13,,199
S005746,East India,Tablet,Basic,2024-09-17,,199
S005747,Maharashtra,Tablet,Basic,2024-02-28,,199
S005748,North India,Smart TV,Premium,2024-09-14,,699
S005749,South India,Mobile,Premium,2024-01-04,,699
S005750,West India,Tablet,Standard,2024-12-11,,399
S005751,West India,Laptop,Basic,2024-11-16,,199
S005752,Karnataka,Smart TV,Basic,2024-01-15,2024-04-17,199
S005753,Karnataka,Tablet,Standard,2024-05-04,,399
S005754,South India,Mobile,Premium,2024-07-25,2024-12-30,699
S005755,North India,Tablet,Standard,2024-03-16,,399
S005756,Karnataka,Mobile,Basic,2024-03-19,,199
S005757,Karnataka,Laptop,Basic,2024-03-06,,199
S005758,Karnataka,Laptop,Basic,2024-12-18,,199
S005759,Karnataka,Laptop,Basic,2024-03-23,,199
S005760,West India,Smart TV,Basic,2024-11-18,,199
S005761,Karnataka,Mobile,Basic,2024-02-07,,199
S005762,North India,Mobile,Standard,2024-09-10,,399
S005763,Karnataka,Desktop,Premium,2024-09-09,2024-11-20,699
S005764,Maharashtra,Mobile,Premium,2024-07-20,,699
S005765,South India,Mobile,Premium,2024-11-09,,699
S005766,North India,Smart TV,Basic,2024-12-14,,199
S005767,West India,Smart TV,Standard,2024-06-04,,399
S005768,West India,Smart TV,Basic,2024-09-18,,199
S005769,South India,Smart TV,Basic,2024-01-07,,199
S005770,Maharashtra,Laptop,Basic,2024-10-20,2025-04-10,199
S005771,Karnataka,Laptop,Basic,2024-07-03,,199
S005772,Karnataka,Mobile,Standard,2024-03-22,,399
S005773,North India,Laptop,Basic,2024-04-14,,199
S005774,Maharashtra,Laptop,Premium,2024-08-27,,699
S005775,Karnataka,Laptop,Premium,2024-01-27,2024-04-21,699
S005776,Maharashtra,Smart TV,Basic,2024-10-22,,199
S005777,Maharashtra,Mobile,Standard,2024-02-05,,399
S005778,Karnataka,Smart TV,Standard,2024-08-15,,399
S005779,Maharashtra,Tablet,Basic,2024-05-28,,199
S005780,West India,Tablet,Basic,2024-07-08,2024-10-10,199
S005781,West India,Smart TV,Standard,2024-07-28,,399
S005782,West India,Smart TV,Standard,2024-07-14,,399
S005783,West India,Smart TV,Basic,2024-01-25,,199
S005784,Maharashtra,Mobile,Standard,2024-05-16,,399
S005785,West India,Smart TV,Basic,2024-08-15,,199
S005786,North India,Mobile,Basic,2024-06-03,,199
S005787,West India,Mobile,Basic,2024-02-27,,199
S005788,West India,Smart TV,Standard,2024-03-16,,399
S005789,Maharashtra,Smart TV,Standard,2024-05-30,,399
S005790,East India,Smart TV,Basic,2024-07-21,,199
S005791,East India,Laptop,Premium,2024-09-05,,699
S005792,Karnataka,Smart TV,Basic,2024-02-20,,199
S005793,Karnataka,Mobile,Basic,2024-06-05,,199
S005794,Karnataka,Tablet,Standard,2024-02-19,2024-04-19,399
S005795,East India,Desktop,Basic,2024-04-06,,199
S005796,West India,Mobile,Basic,2024-02-25,2024-04-20,199
S005797,South India,Mobile,Premium,2024-03-12,,699
S005798,West India,Mobile,Basic,2024-09-03,,199
S005799,West India,Mobile,Premium,2024-06-09,,699
S005800,West India,Laptop,Basic,2024-12-12,,199
S005801,Maharashtra,Mobile,Basic,2024-12-15,,199
S005802,Karnataka,Laptop,Basic,2024-07-02,,199
S005803,South India,Smart TV,Basic,2024-02-19,,199
S005804,West India,Smart TV,Premium,2024-04-11,2024-08-12,699
S005805,South India,Laptop,Standard,2024-02-14,,399
S005806,West India,Tablet,Basic,2024-04-09,,199
S005807,West India,Smart TV,Basic,2024-12-21,,199
S005808,East India,Mobile,Standard,2024-08-04,,399
S005809,Karnataka,Mobile,Standard,2024-12-18,2025-03-11,399
S005810,North India,Smart TV,Basic,2024-08-09,,199
S005811,North India,Laptop,Premium,2024-04-08,,699
S005812,Maharashtra,Tablet,Standard,2024-01-28,,399
S005813,North India,Laptop,Basic,2024-08-24,,199
S005814,North India,Tablet,Basic,2024-07-23,,199
S005815,North India,Laptop,Basic,2024-05-15,,199
S005816,West India,Smart TV,Basic,2024-04-13,,199
S005817,West India,Laptop,Basic,2024-06-21,,199
S005818,South India,Laptop,Premium,2024-04-03,,699
S005819,North India,Mobile,Standard,2024-10-07,2025-02-13,399
S005820,South India,Mobile,Basic,2024-12-07,,199
S005821,Maharashtra,Desktop,Standard,2024-03-11,,399
S005822,West India,Mobile,Basic,2024-10-15,,199
S005823,South India,Laptop,Standard,2024-03-23,,399
S005824,Karnataka,Mobile,Basic,2024-05-14,,199
S005825,Karnataka,Desktop,Basic,2024-07-01,2024-11-07,199
S005826,East India,Mobile,Standard,2024-04-12,,399
S005827,Karnataka,Mobile,Basic,2024-12-08,,199
S005828,West India,Mobile,Basic,2024-02-24,,199
S005829,Maharashtra,Tablet,Premium,2024-06-17,,699
S005830,South India,Smart TV,Premium,2024-06-02,,699
S005831,Maharashtra,Smart TV,Basic,2024-11-27,2025-01-09,199
S005832,Karnataka,Laptop,Premium,2024-01-29,,699
S005833,Karnataka,Laptop,Basic,2024-10-05,,199
S005834,Maharashtra,Mobile,Basic,2024-06-29,,199
S005835,West India,Laptop,Basic,2024-08-14,,199
S005836,Maharashtra,Laptop,Basic,2024-10-04,,199
S005837,Maharashtra,Smart TV,Standard,2024-06-28,,399
S005838,Maharashtra,Laptop,Standard,2024-09-12,,399
S005839,West India,Smart TV,Basic,2024-07-30,,199
S005840,West India,Laptop,Basic,2024-05-09,,199
S005841,Maharashtra,Mobile,Basic,2024-05-13,2024-06-16,199
S005842,East India,Smart TV,Standard,2024-09-25,2024-12-27,399
S005843,South India,Laptop,Basic,2024-05-03,2024-08-15,199
S005844,East India,Tablet,Basic,2024-03-28,,199
S005845,Maharashtra,Smart TV,Basic,2024-08-31,2024-11-18,199
S005846,North India,Smart TV,Standard,2024-06-04,,399
S005847,Maharashtra,Laptop,Premium,2024-03-09,2024-06-01,699
S005848,Karnataka,Smart TV,Basic,2024-03-20,,199
S005849,Karnataka,Smart TV,Premium,2024-04-12,,699
S005850,West India,Smart TV,Premium,2024-04-09,2024-06-24,699
S005851,Karnataka,Tablet,Standard,2024-03-08,,399
S005852,West India,Tablet,Basic,2024-12-04,2025-01-12,199
S005853,North India,Mobile,Basic,2024-10-29,,199
S005854,South India,Laptop,Basic,2024-07-12,,199
S005855,Maharashtra,Mobile,Basic,2024-02-29,,199
S005856,West India,Smart TV,Standard,2024-10-12,2024-11-24,399
S005857,West India,Laptop,Basic,2024-03-18,,199
S005858,South India,Smart TV,Basic,2024-10-22,,199
S005859,Karnataka,Mobile,Basic,2024-03-08,,199
S005860,South India,Smart TV,Basic,2024-02-27,,199
S005861,West India,Mobile,Premium,2024-03-04,,699
S005862,Karnataka,Tablet,Basic,2024-10-26,,199
S005863,Karnataka,Laptop,Standard,2024-06-15,,399
S005864,East India,Mobile,Premium,2024-02-12,,699
S005865,East India,Smart TV,Standard,2024-11-17,,399
S005866,North India,Laptop,Premium,2024-09-28,2024-11-25,699
S005867,North India,Laptop,Standard,2024-11-22,,399
S005868,West India,Tablet,Basic,2024-11-10,,199
S005869,South India,Laptop,Standard,2024-02-28,,399
S005870,Maharashtra,Smart TV,Premium,2024-08-01,,699
S005871,South India,Mobile,Standard,2024-10-22,,399
S005872,South India,Mobile,Standard,2024-04-16,2024-07-16,399
S005873,East India,Mobile,Premium,2024-11-28,,699
S005874,Maharashtra,Smart TV,Basic,2024-03-01,,199
S005875,East India,Smart TV,Basic,2024-12-06,,199
S005876,East India,Mobile,Premium,2024-08-18,,699
S005877,West India,Mobile,Standard,2024-05-10,,399
S005878,West India,Mobile,Basic,2024-05-15,,199
S005879,Maharashtra,Laptop,Premium,2024-11-11,,699
S005880,West India,Mobile,Standard,2024-08-30,,399
S005881,West India,Tablet,Standard,2024-10-26,,399
S005882,South India,Smart TV,Basic,2024-04-27,,199
S005883,West India,Smart TV,Basic,2024-03-18,,199
S005884,East India,Tablet,Basic,2024-01-06,,199
S005885,Karnataka,Desktop,Basic,2024-05-24,,199
S005886,Maharashtra,Tablet,Basic,2024-08-01,2024-12-25,199
S005887,South India,Smart TV,Premium,2024-11-28,,699
S005888,South India,Laptop,Basic,2024-03-01,,199
S005889,East India,Mobile,Premium,2024-04-12,,699
S005890,Maharashtra,Laptop,Basic,2024-04-06,2024-06-06,199
S005891,East India,Mobile,Basic,2024-04-22,2024-09-29,199
S005892,North India,Tablet,Basic,2024-07-12,2024-10-07,199
S005893,West India,Laptop,Basic,2024-04-24,,199
S005894,Maharashtra,Mobile,Basic,2024-06-03,,199
S005895,North India,Smart TV,Premium,2024-05-05,,699
S005896,North India,Smart TV,Basic,2024-12-27,,199
S005897,East India,Smart TV,Basic,2024-12-26,,199
S005898,North India,Smart TV,Standard,2024-03-12,,399
S005899,East India,Tablet,Premium,2024-09-18,,699
S005900,Karnataka,Tablet,Standard,2024-04-05,,399
S005901,South India,Laptop,Standard,2024-07-22,,399
S005902,Maharashtra,Mobile,Basic,2024-12-29,,199
S005903,East India,Mobile,Basic,2024-10-30,,199
S005904,East India,Mobile,Basic,2024-03-11,,199
S005905,West India,Tablet,Standard,2024-05-25,2024-08-14,399
S005906,North India,Tablet,Standard,2024-09-08,,399
S005907,East India,Tablet,Standard,2024-02-18,,399
S005908,Maharashtra,Laptop,Standard,2024-05-30,2024-09-07,399
S005909,South India,Mobile,Basic,2024-11-04,,199
S005910,Maharashtra,Smart TV,Basic,2024-10-07,,199
S005911,Karnataka,Laptop,Standard,2024-03-04,,399
S005912,East India,Laptop,Basic,2024-06-21,,199
S005913,Maharashtra,Laptop,Basic,2024-07-05,,199
S005914,Karnataka,Smart TV,Standard,2024-07-11,,399
S005915,Karnataka,Laptop,Basic,2024-03-29,,199
S005916,Maharashtra,Mobile,Standard,2024-06-09,,399
S005917,Karnataka,Mobile,Basic,2024-08-30,,199
S005918,Maharashtra,Smart TV,Basic,2024-01-04,,199
S005919,Maharashtra,Laptop,Standard,2024-04-05,2024-05-05,399
S005920,Karnataka,Mobile,Standard,2024-11-12,,399
S005921,West India,Laptop,Standard,2024-11-14,,399
S005922,East India,Laptop,Premium,2024-02-20,,699
S005923,South India,Smart TV,Basic,2024-12-23,2025-06-10,199
S005924,South India,Smart TV,Basic,2024-10-11,,199
S005925,South India,Mobile,Premium,2024-04-01,,699
S005926,Maharashtra,Laptop,Basic,2024-09-01,,199
S005927,Karnataka,Laptop,Standard,2024-05-11,,399
S005928,Karnataka,Smart TV,Basic,2024-09-05,2024-12-31,199
S005929,West India,Laptop,Basic,2024-11-26,,199
S005930,East India,Smart TV,Premium,2024-04-29,,699
S005931,Maharashtra,Desktop,Standard,2024-10-13,,399
S005932,Maharashtra,Laptop,Basic,2024-01-18,,199
S005933,South India,Laptop,Basic,2024-07-02,,199
S005934,West India,Laptop,Basic,2024-08-16,,199
S005935,South India,Smart TV,Basic,2024-09-20,,199
S005936,Maharashtra,Smart TV,Basic,2024-01-17,,199
S005937,South India,Smart TV,Standard,2024-11-08,,399
S005938,West India,Mobile,Standard,2024-12-14,,399
S005939,South India,Smart TV,Premium,2024-10-26,2025-03-18,699
S005940,Maharashtra,Mobile,Basic,2024-02-23,,199
S005941,West India,Smart TV,Basic,2024-11-23,,199
S005942,West India,Smart TV,Basic,2024-05-01,,199
S005943,West India,Smart TV,Standard,2024-03-17,,399
S005944,East India,Mobile,Basic,2024-04-15,,199
S005945,West India,Laptop,Standard,2024-11-26,,399
S005946,West India,Mobile,Standard,2024-03-30,,399
S005947,West India,Smart TV,Basic,2024-07-29,,199
S005948,East India,Tablet,Premium,2024-07-19,,699
S005949,North India,Mobile,Basic,2024-03-10,,199
S005950,East India,Laptop,Premium,2024-05-11,,699
S005951,North India,Mobile,Premium,2024-07-31,,699
S005952,West India,Smart TV,Premium,2024-07-17,,699
S005953,Karnataka,Mobile,Basic,2024-09-01,,199
S005954,South India,Mobile,Basic,2024-08-16,,199
S005955,Maharashtra,Mobile,Basic,2024-11-30,,199
S005956,Karnataka,Mobile,Premium,2024-06-14,,699
S005957,North India,Desktop,Basic,2024-12-30,,199
S005958,North India,Laptop,Premium,2024-11-27,,699
S005959,East India,Laptop,Basic,2024-05-28,,199
S005960,East India,Desktop,Premium,2024-12-25,,699
S005961,North India,Smart TV,Basic,2024-06-30,,199
S005962,Karnataka,Mobile,Premium,2024-05-18,,699
S005963,Karnataka,Mobile,Basic,2024-09-29,,199
S005964,East India,Laptop,Basic,2024-02-29,,199
S005965,South India,Laptop,Standard,2024-06-03,,399
S005966,Karnataka,Tablet,Standard,2024-11-05,,399
S005967,North India,Mobile,Premium,2024-06-01,,699
S005968,Karnataka,Mobile,Basic,2024-01-01,,199
S005969,South India,Mobile,Premium,2024-05-03,,699
S005970,Karnataka,Smart TV,Basic,2024-07-07,,199
S005971,Karnataka,Smart TV,Basic,2024-08-19,,199
S005972,Maharashtra,Tablet,Premium,2024-07-29,2025-01-15,699
S005973,North India,Tablet,Basic,2024-12-07,,199
S005974,South India,Mobile,Premium,2024-03-11,,699
S005975,North India,Desktop,Basic,2024-08-08,2025-01-28,199
S005976,South India,Mobile,Premium,2024-02-27,,699
S005977,West India,Mobile,Basic,2024-12-21,2025-01-25,199
S005978,East India,Smart TV,Basic,2024-12-03,,199
S005979,North India,Mobile,Basic,2024-10-20,,199
S005980,West India,Smart TV,Standard,2024-06-25,,399
S005981,Maharashtra,Mobile,Standard,2024-07-24,,399
S005982,North India,Laptop,Basic,2024-09-25,,199
S005983,South India,Tablet,Basic,2024-09-11,,199
S005984,Karnataka,Smart TV,Standard,2024-03-13,,399
S005985,South India,Mobile,Basic,2024-08-21,,199
S005986,East India,Laptop,Premium,2024-05-26,,699
S005987,North India,Mobile,Basic,2024-09-12,,199
S005988,Maharashtra,Laptop,Premium,2024-03-26,2024-06-03,699
S005989,West India,Smart TV,Basic,2024-07-19,,199
S005990,Karnataka,Smart TV,Basic,2024-02-05,,199
S005991,Karnataka,Laptop,Standard,2024-11-01,,399
S005992,North India,Smart TV,Basic,2024-12-08,,199
S005993,Maharashtra,Tablet,Basic,2024-02-24,,199
S005994,West India,Tablet,Basic,2024-02-21,2024-05-25,199
S005995,Karnataka,Mobile,Standard,2024-08-11,,399
S005996,West India,Mobile,Basic,2024-10-26,2024-12-08,199
S005997,East India,Tablet,Basic,2024-09-29,,199
S005998,West India,Smart TV,Standard,2024-09-13,,399
S005999,West India,Smart TV,Basic,2024-11-08,,199
S006000,Maharashtra,Mobile,Standard,2024-06-15,,399
S006001,West India,Smart TV,Basic,2024-08-03,,199
S006002,East India,Laptop,Basic,2024-04-23,,199
S006003,South India,Smart TV,Basic,2024-01-20,,199
S006004,West India,Smart TV,Basic,2024-12-23,,199
S006005,Maharashtra,Mobile,Premium,2024-11-19,,699
S006006,Karnataka,Laptop,Premium,2024-08-07,2024-12-10,699
S006007,West India,Mobile,Standard,2024-09-22,,399
S006008,South India,Mobile,Standard,2024-12-27,,399
S006009,West India,Smart TV,Premium,2024-07-09,,699
S006010,West India,Mobile,Basic,2024-10-23,,199
S006011,Maharashtra,Laptop,Premium,2024-09-15,,699
S006012,Karnataka,Mobile,Premium,2024-11-04,,699
S006013,South India,Smart TV,Basic,2024-09-24,,199
S006014,Maharashtra,Laptop,Basic,2024-03-18,,199
S006015,Karnataka,Smart TV,Premium,2024-11-15,,699
S006016,North India,Laptop,Basic,2024-10-05,,199
S006017,East India,Mobile,Standard,2024-03-15,,399
S006018,Karnataka,Smart TV,Standard,2024-11-07,2025-01-03,399
S006019,Maharashtra,Smart TV,Premium,2024-01-23,,699
S006020,North India,Mobile,Premium,2024-02-15,,699
S006021,East India,Laptop,Standard,2024-07-29,,399
S006022,East India,Laptop,Standard,2024-07-26,,399
S006023,Maharashtra,Tablet,Standard,2024-10-01,,399
S006024,West India,Mobile,Basic,2024-04-20,,199
S006025,West India,Laptop,Basic,2024-01-12,,199
S006026,East India,Smart TV,Basic,2024-07-05,,199
S006027,South India,Smart TV,Standard,2024-09-02,2025-01-05,399
S006028,Maharashtra,Mobile,Basic,2024-09-28,,199
S006029,North India,Mobile,Premium,2024-01-18,,699
S006030,Maharashtra,Mobile,Basic,2024-08-23,,199
S006031,East India,Mobile,Standard,2024-07-31,2024-10-19,399
S006032,South India,Mobile,Basic,2024-10-23,2025-01-18,199
S006033,West India,Laptop,Basic,2024-09-04,,199
S006034,South India,Mobile,Basic,2024-11-21,2024-12-24,199
S006035,East India,Laptop,Basic,2024-07-29,,199
S006036,West India,Smart TV,Standard,2024-04-27,,399
S006037,Karnataka,Laptop,Standard,2024-09-03,,399
S006038,Maharashtra,Mobile,Premium,2024-02-04,,699
S006039,East India,Smart TV,Basic,2024-07-10,,199
S006040,South India,Smart TV,Premium,2024-06-15,,699
S006041,East India,Smart TV,Standard,2024-02-29,,399
S006042,North India,Mobile,Basic,2024-08-27,,199
S006043,Karnataka,Mobile,Basic,2024-03-05,2024-05-09,199
S006044,Maharashtra,Tablet,Basic,2024-10-29,,199
S006045,East India,Mobile,Standard,2024-11-14,2024-12-30,399
S006046,Karnataka,Tablet,Standard,2024-08-06,,399
S006047,North India,Smart TV,Premium,2024-11-04,,699
S006048,North India,Mobile,Basic,2024-01-16,,199
S006049,Maharashtra,Smart TV,Standard,2024-12-15,,399
S006050,North India,Tablet,Premium,2024-10-24,,699
S006051,South India,Mobile,Premium,2024-04-20,2024-06-27,699
S006052,East India,Laptop,Basic,2024-03-08,,199
S006053,Maharashtra,Laptop,Standard,2024-11-12,,399
S006054,East India,Tablet,Basic,2024-06-24,,199
S006055,Karnataka,Mobile,Basic,2024-07-27,,199
S006056,North India,Smart TV,Basic,2024-09-11,,199
S006057,North India,Smart TV,Standard,2024-06-23,,399
S006058,Karnataka,Smart TV,Basic,2024-05-11,,199
S006059,West India,Tablet,Basic,2024-08-31,,199
S006060,North India,Mobile,Standard,2024-01-18,,399
S006061,West India,Smart TV,Basic,2024-08-20,,199
S006062,East India,Smart TV,Basic,2024-01-26,2024-04-22,199
S006063,West India,Smart TV,Basic,2024-05-26,,199
S006064,Karnataka,Smart TV,Premium,2024-11-09,,699
S006065,East India,Mobile,Standard,2024-08-09,,399
S006066,Maharashtra,Mobile,Basic,2024-10-25,,199
S006067,Karnataka,Smart TV,Premium,2024-01-21,2024-04-21,699
S006068,South India,Laptop,Premium,2024-12-07,,699
S006069,Maharashtra,Desktop,Premium,2024-08-18,,699
S006070,West India,Laptop,Basic,2024-06-15,,199
S006071,East India,Smart TV,Basic,2024-09-22,,199
S006072,West India,Smart TV,Standard,2024-05-23,2024-08-21,399
S006073,Maharashtra,Smart TV,Premium,2024-10-26,,699
S006074,East India,Laptop,Basic,2024-09-11,2025-02-26,199
S006075,West India,Mobile,Basic,2024-07-25,,199
S006076,Karnataka,Mobile,Standard,2024-01-22,,399
S006077,North India,Mobile,Standard,2024-06-16,,399
S006078,Karnataka,Mobile,Basic,2024-07-29,,199
S006079,Karnataka,Smart TV,Standard,2024-10-07,,399
S006080,Karnataka,Laptop,Standard,2024-11-30,,399
S006081,Maharashtra,Tablet,Basic,2024-06-20,,199
S006082,North India,Mobile,Standard,2024-03-26,,399
S006083,North India,Mobile,Standard,2024-11-05,,399
S006084,Karnataka,Smart TV,Standard,2024-07-03,,399
S006085,Karnataka,Mobile,Basic,2024-05-31,,199
S006086,West India,Laptop,Premium,2024-08-16,,699
S006087,Maharashtra,Laptop,Standard,2024-09-21,,399
S006088,Maharashtra,Tablet,Basic,2024-06-06,,199
S006089,West India,Mobile,Standard,2024-04-15,,399
S006090,East India,Smart TV,Basic,2024-05-31,,199
S006091,West India,Smart TV,Standard,2024-12-01,,399
S006092,Karnataka,Laptop,Basic,2024-07-30,,199
S006093,East India,Smart TV,Standard,2024-05-09,,399
S006094,East India,Mobile,Basic,2024-05-13,,199
S006095,North India,Smart TV,Premium,2024-03-09,,699
S006096,Maharashtra,Laptop,Premium,2024-09-25,,699
S006097,Karnataka,Smart TV,Basic,2024-03-18,,199
S006098,East India,Smart TV,Premium,2024-12-23,,699
S006099,South India,Smart TV,Basic,2024-06-12,2024-09-15,199
S006100,West India,Laptop,Standard,2024-01-21,,399
S006101,North India,Desktop,Standard,2024-03-28,,399
S006102,Maharashtra,Mobile,Basic,2024-02-22,,199
S006103,North India,Mobile,Standard,2024-09-04,,399
S006104,Karnataka,Desktop,Standard,2024-10-22,,399
S006105,East India,Laptop,Basic,2024-09-02,,199
S006106,East India,Mobile,Standard,2024-04-15,,399
S006107,East India,Laptop,Basic,2024-05-10,,199
S006108,Karnataka,Mobile,Basic,2024-10-04,,199
S006109,East India,Mobile,Basic,2024-07-08,,199
S006110,West India,Laptop,Premium,2024-07-11,,699
S006111,North India,Mobile,Premium,2024-07-11,,699
S006112,West India,Laptop,Basic,2024-01-01,,199
S006113,North India,Smart TV,Standard,2024-02-15,,399
S006114,Karnataka,Mobile,Basic,2024-12-05,,199
S006115,East India,Laptop,Premium,2024-08-20,2024-12-13,699
S006116,North India,Mobile,Basic,2024-03-31,,199
S006117,West India,Mobile,Basic,2024-12-02,,199
S006118,East India,Mobile,Basic,2024-09-20,,199
S006119,Karnataka,Smart TV,Standard,2024-09-28,,399
S006120,Maharashtra,Smart TV,Basic,2024-11-12,,199
S006121,North India,Laptop,Basic,2024-08-15,2024-11-25,199
S006122,North India,Desktop,Basic,2024-08-02,2024-11-08,199
S006123,West India,Tablet,Standard,2024-06-06,,399
S006124,East India,Mobile,Basic,2024-03-05,,199
S006125,Karnataka,Smart TV,Basic,2024-04-30,,199
S006126,North India,Laptop,Basic,2024-03-24,,199
S006127,South India,Laptop,Basic,2024-07-30,2024-09-11,199
S006128,East India,Mobile,Basic,2024-02-12,,199
S006129,Karnataka,Mobile,Standard,2024-08-25,,399
S006130,North India,Smart TV,Basic,2024-11-29,,199
S006131,North India,Smart TV,Standard,2024-10-31,,399
S006132,South India,Mobile,Basic,2024-12-08,2025-03-30,199
S006133,Karnataka,Laptop,Standard,2024-01-01,,399
S006134,Maharashtra,Smart TV,Basic,2024-06-26,,199
S006135,East India,Tablet,Standard,2024-08-09,2024-12-20,399
S006136,Karnataka,Mobile,Premium,2024-11-25,,699
S006137,West India,Mobile,Standard,2024-02-09,,399
S006138,Maharashtra,Laptop,Basic,2024-08-21,,199
S006139,Karnataka,Mobile,Basic,2024-03-02,,199
S006140,East India,Mobile,Basic,2024-04-30,,199
S006141,East India,Smart TV,Standard,2024-01-08,2024-04-26,399
S006142,Maharashtra,Tablet,Standard,2024-08-21,,399
S006143,West India,Laptop,Basic,2024-06-08,,199
S006144,Karnataka,Smart TV,Basic,2024-09-17,,199
S006145,East India,Smart TV,Basic,2024-09-21,,199
S006146,East India,Laptop,Basic,2024-07-17,,199
S006147,East India,Laptop,Basic,2024-11-04,,199
S006148,Maharashtra,Desktop,Standard,2024-01-31,,399
S006149,West India,Smart TV,Standard,2024-06-25,,399
S006150,East India,Smart TV,Standard,2024-07-23,,399
S006151,Maharashtra,Smart TV,Basic,2024-01-06,,199
S006152,East India,Laptop,Standard,2024-12-02,,399
S006153,North India,Mobile,Standard,2024-07-25,,399
S006154,Karnataka,Mobile,Basic,2024-06-15,,199
S006155,North India,Laptop,Standard,2024-03-13,2024-04-18,399
S006156,North India,Mobile,Basic,2024-01-31,,199
S006157,West India,Laptop,Basic,2024-11-05,,199
S006158,North India,Mobile,Basic,2024-07-08,,199
S006159,West India,Desktop,Basic,2024-07-01,2024-08-09,199
S006160,Maharashtra,Smart TV,Premium,2024-12-30,,699
S006161,Maharashtra,Mobile,Basic,2024-11-28,,199
S006162,North India,Mobile,Standard,2024-07-21,,399
S006163,East India,Laptop,Standard,2024-08-02,2024-09-23,399
S006164,Karnataka,Laptop,Standard,2024-04-20,2024-07-06,399
S006165,East India,Smart TV,Basic,2024-02-28,,199
S006166,Maharashtra,Tablet,Basic,2024-09-18,,199
S006167,Maharashtra,Mobile,Basic,2024-09-16,,199
S006168,Karnataka,Smart TV,Premium,2024-06-10,,699
S006169,Maharashtra,Tablet,Basic,2024-06-04,,199
S006170,West India,Mobile,Basic,2024-10-26,,199
S006171,Maharashtra,Mobile,Standard,2024-03-13,,399
S006172,Maharashtra,Mobile,Premium,2024-11-02,,699
S006173,East India,Smart TV,Basic,2024-08-31,,199
S006174,Karnataka,Mobile,Premium,2024-05-11,,699
S006175,North India,Smart TV,Standard,2024-02-06,,399
S006176,West India,Smart TV,Basic,2024-07-06,,199
S006177,East India,Laptop,Standard,2024-01-05,,399
S006178,Maharashtra,Laptop,Basic,2024-06-11,,199
S006179,North India,Tablet,Premium,2024-04-11,2024-10-06,699
S006180,Maharashtra,Smart TV,Basic,2024-05-25,,199
S006181,Maharashtra,Smart TV,Premium,2024-07-19,,699
S006182,South India,Laptop,Standard,2024-12-11,,399
S006183,East India,Smart TV,Standard,2024-09-24,,399
S006184,Karnataka,Laptop,Premium,2024-01-05,,699
S006185,Maharashtra,Mobile,Basic,2024-06-28,,199
S006186,Karnataka,Smart TV,Standard,2024-03-22,,399
S006187,Karnataka,Smart TV,Basic,2024-07-09,,199
S006188,West India,Mobile,Basic,2024-06-27,,199
S006189,North India,Tablet,Basic,2024-01-20,,199
S006190,North India,Mobile,Basic,2024-07-13,,199
S006191,North India,Laptop,Basic,2024-06-15,,199
S006192,Karnataka,Laptop,Standard,2024-04-25,,399
S006193,Karnataka,Tablet,Basic,2024-02-16,,199
S006194,East India,Mobile,Basic,2024-09-06,,199
S006195,South India,Mobile,Standard,2024-08-09,,399
S006196,Karnataka,Laptop,Basic,2024-05-14,,199
S006197,West India,Mobile,Basic,2024-03-11,,199
S006198,North India,Mobile,Basic,2024-05-07,,199
S006199,Maharashtra,Laptop,Basic,2024-12-05,,199
S006200,Maharashtra,Smart TV,Standard,2024-12-26,2025-01-28,399
S006201,East India,Tablet,Basic,2024-09-30,,199
S006202,North India,Mobile,Basic,2024-12-08,,199
S006203,South India,Smart TV,Basic,2024-02-22,,199
S006204,North India,Desktop,Basic,2024-12-29,,199
S006205,Maharashtra,Mobile,Premium,2024-07-13,,699
S006206,North India,Mobile,Standard,2024-08-14,,399
S006207,North India,Smart TV,Basic,2024-01-26,,199
S006208,West India,Laptop,Basic,2024-06-14,2024-08-30,199
S006209,Karnataka,Desktop,Basic,2024-04-23,,199
S006210,Karnataka,Tablet,Basic,2024-02-05,,199
S006211,Maharashtra,Smart TV,Basic,2024-06-27,,199
S006212,Karnataka,Smart TV,Basic,2024-07-22,,199
S006213,South India,Mobile,Basic,2024-04-25,2024-09-18,199
S006214,West India,Mobile,Basic,2024-02-26,,199
S006215,North India,Smart TV,Premium,2024-10-10,,699
S006216,West India,Tablet,Basic,2024-04-09,,199
S006217,East India,Mobile,Premium,2024-04-21,2024-10-10,699
S006218,North India,Mobile,Basic,2024-07-16,,199
S006219,North India,Desktop,Basic,2024-05-19,,199
S006220,West India,Mobile,Basic,2024-08-19,,199
S006221,Karnataka,Desktop,Basic,2024-09-13,,199
S006222,Maharashtra,Laptop,Basic,2024-04-09,,199
S006223,Maharashtra,Smart TV,Basic,2024-02-02,,199
S006224,North India,Smart TV,Premium,2024-01-02,,699
S006225,Karnataka,Mobile,Basic,2024-04-03,,199
S006226,Karnataka,Smart TV,Basic,2024-10-17,,199
S006227,East India,Tablet,Basic,2024-02-21,,199
S006228,North India,Smart TV,Standard,2024-07-16,,399
S006229,North India,Laptop,Standard,2024-10-08,,399
S006230,South India,Smart TV,Standard,2024-04-03,,399
S006231,Maharashtra,Mobile,Basic,2024-09-12,,199
S006232,West India,Tablet,Basic,2024-09-04,,199
S006233,West India,Smart TV,Standard,2024-07-24,,399
S006234,North India,Smart TV,Standard,2024-10-16,,399
S006235,Karnataka,Mobile,Premium,2024-02-14,,699
S006236,Karnataka,Tablet,Basic,2024-04-05,2024-06-01,199
S006237,South India,Mobile,Premium,2024-05-21,,699
S006238,South India,Laptop,Premium,2024-09-30,,699
S006239,Karnataka,Smart TV,Premium,2024-09-12,,699
S006240,West India,Smart TV,Premium,2024-12-26,2025-04-09,699
S006241,Karnataka,Smart TV,Standard,2024-08-02,,399
S006242,South India,Mobile,Basic,2024-04-12,2024-09-05,199
S006243,Maharashtra,Laptop,Standard,2024-09-25,2025-01-22,399
S006244,West India,Smart TV,Basic,2024-03-08,,199
S006245,West India,Laptop,Premium,2024-10-21,,699
S006246,East India,Tablet,Standard,2024-06-23,,399
S006247,East India,Mobile,Standard,2024-10-03,,399
S006248,East India,Mobile,Basic,2024-04-08,,199
S006249,West India,Laptop,Premium,2024-02-10,,699
S006250,Karnataka,Tablet,Basic,2024-06-19,,199
S006251,West India,Laptop,Basic,2024-02-29,,199
S006252,East India,Smart TV,Standard,2024-09-20,2024-12-08,399
S006253,Maharashtra,Smart TV,Premium,2024-02-03,,699
S006254,East India,Smart TV,Basic,2024-07-18,,199
S006255,Karnataka,Laptop,Basic,2024-08-07,2024-09-26,199
S006256,North India,Tablet,Standard,2024-04-22,2024-05-22,399
S006257,West India,Mobile,Standard,2024-08-18,,399
S006258,Karnataka,Smart TV,Basic,2024-06-02,,199
S006259,East India,Mobile,Basic,2024-04-01,,199
S006260,Maharashtra,Smart TV,Premium,2024-08-02,,699
S006261,Karnataka,Tablet,Standard,2024-10-22,,399
S006262,Karnataka,Smart TV,Premium,2024-04-08,,699
S006263,West India,Tablet,Premium,2024-07-16,,699
S006264,Karnataka,Mobile,Standard,2024-01-20,2024-06-14,399
S006265,South India,Smart TV,Basic,2024-11-03,,199
S006266,North India,Mobile,Basic,2024-03-11,,199
S006267,Maharashtra,Smart TV,Standard,2024-04-14,,399
S006268,Karnataka,Laptop,Basic,2024-04-15,2024-05-26,199
S006269,South India,Smart TV,Standard,2024-12-16,,399
S006270,Maharashtra,Mobile,Basic,2024-04-02,,199
S006271,Karnataka,Smart TV,Standard,2024-01-24,2024-06-25,399
S006272,South India,Smart TV,Standard,2024-07-25,,399
S006273,Karnataka,Desktop,Standard,2024-07-12,,399
S006274,West India,Laptop,Standard,2024-07-13,2024-12-15,399
S006275,East India,Laptop,Basic,2024-11-21,2025-05-05,199
S006276,South India,Laptop,Standard,2024-11-14,,399
S006277,Karnataka,Smart TV,Basic,2024-06-02,,199
S006278,West India,Laptop,Basic,2024-04-27,,199
S006279,South India,Smart TV,Standard,2024-07-18,,399
S006280,West India,Smart TV,Standard,2024-05-24,2024-11-12,399
S006281,East India,Laptop,Premium,2024-09-21,,699
S006282,East India,Laptop,Premium,2024-04-17,,699
S006283,Maharashtra,Laptop,Basic,2024-09-13,,199
S006284,East India,Tablet,Basic,2024-03-27,,199
S006285,Karnataka,Mobile,Basic,2024-09-16,,199
S006286,North India,Laptop,Basic,2024-01-06,,199
S006287,Maharashtra,Smart TV,Basic,2024-02-07,,199
S006288,South India,Laptop,Basic,2024-11-18,2025-04-19,199
S006289,West India,Smart TV,Basic,2024-03-21,,199
S006290,West India,Tablet,Basic,2024-03-18,,199
S006291,West India,Mobile,Basic,2024-10-08,,199
S006292,North India,Laptop,Basic,2024-09-25,,199
S006293,Maharashtra,Mobile,Standard,2024-12-10,,399
S006294,Karnataka,Mobile,Standard,2024-04-01,,399
S006295,Karnataka,Mobile,Basic,2024-10-21,,199
S006296,East India,Mobile,Basic,2024-12-11,,199
S006297,Karnataka,Mobile,Basic,2024-07-20,,199
S006298,North India,Mobile,Standard,2024-06-06,,399
S006299,East India,Mobile,Premium,2024-03-13,,699
S006300,West India,Laptop,Basic,2024-05-22,2024-09-23,199
S006301,West India,Smart TV,Basic,2024-06-08,2024-09-15,199
S006302,Maharashtra,Smart TV,Basic,2024-05-24,,199
S006303,South India,Smart TV,Basic,2024-11-04,,199
S006304,Karnataka,Smart TV,Basic,2024-08-18,,199
S006305,North India,Desktop,Basic,2024-12-12,,199
S006306,West India,Mobile,Basic,2024-06-15,,199
S006307,South India,Laptop,Premium,2024-09-12,,699
S006308,Maharashtra,Tablet,Basic,2024-08-03,,199
S006309,South India,Mobile,Basic,2024-11-15,,199
S006310,East India,Smart TV,Basic,2024-11-25,,199
S006311,North India,Laptop,Basic,2024-10-16,,199
S006312,West India,Mobile,Basic,2024-10-23,,199
S006313,East India,Smart TV,Standard,2024-12-13,,399
S006314,East India,Mobile,Standard,2024-09-15,,399
S006315,Maharashtra,Smart TV,Standard,2024-12-04,,399
S006316,North India,Mobile,Basic,2024-04-09,,199
S006317,Karnataka,Mobile,Basic,2024-05-04,,199
S006318,Karnataka,Tablet,Basic,2024-03-08,,199
S006319,East India,Mobile,Standard,2024-10-22,,399
S006320,North India,Mobile,Premium,2024-12-19,,699
S006321,South India,Mobile,Standard,2024-02-14,,399
S006322,Karnataka,Smart TV,Basic,2024-10-17,2024-12-11,199
S006323,North India,Mobile,Premium,2024-04-27,,699
S006324,North India,Laptop,Standard,2024-05-28,,399
S006325,East India,Mobile,Basic,2024-06-21,,199
S006326,East India,Tablet,Basic,2024-10-20,,199
S006327,West India,Mobile,Basic,2024-02-29,,199
S006328,Maharashtra,Laptop,Standard,2024-05-25,,399
S006329,East India,Mobile,Premium,2024-12-22,,699
S006330,East India,Smart TV,Basic,2024-09-24,,199
S006331,Maharashtra,Smart TV,Basic,2024-08-23,,199
S006332,West India,Tablet,Basic,2024-04-30,,199
S006333,Karnataka,Tablet,Premium,2024-02-07,,699
S006334,East India,Smart TV,Basic,2024-06-03,,199
S006335,Karnataka,Laptop,Basic,2024-06-11,,199
S006336,East India,Desktop,Basic,2024-12-11,,199
S006337,Maharashtra,Mobile,Basic,2024-01-04,,199
S006338,North India,Mobile,Standard,2024-10-21,,399
S006339,East India,Mobile,Standard,2024-09-08,2025-01-01,399
S006340,North India,Smart TV,Standard,2024-08-07,,399
S006341,South India,Smart TV,Basic,2024-09-02,2024-10-25,199
S006342,Maharashtra,Mobile,Standard,2024-08-18,,399
S006343,West India,Mobile,Basic,2024-10-17,2025-02-19,199
S006344,Maharashtra,Mobile,Standard,2024-03-10,,399
S006345,West India,Mobile,Standard,2024-08-01,,399
S006346,North India,Mobile,Basic,2024-12-02,,199
S006347,West India,Laptop,Premium,2024-02-05,2024-04-16,699
S006348,North India,Laptop,Standard,2024-04-19,,399
S006349,Maharashtra,Tablet,Basic,2024-10-03,,199
S006350,South India,Tablet,Standard,2024-07-27,,399
S006351,East India,Smart TV,Premium,2024-01-11,,699
S006352,West India,Mobile,Basic,2024-05-08,,199
S006353,Karnataka,Smart TV,Premium,2024-05-04,2024-07-24,699
S006354,East India,Laptop,Standard,2024-08-26,,399
S006355,Maharashtra,Smart TV,Basic,2024-06-14,,199
S006356,North India,Laptop,Standard,2024-12-09,,399
S006357,Maharashtra,Laptop,Standard,2024-07-12,,399
S006358,Maharashtra,Smart TV,Standard,2024-11-24,,399
S006359,Karnataka,Mobile,Premium,2024-04-29,,699
S006360,West India,Mobile,Standard,2024-07-05,,399
S006361,West India,Mobile,Basic,2024-10-24,,199
S006362,North India,Mobile,Basic,2024-11-09,,199
S006363,Maharashtra,Smart TV,Premium,2024-07-02,,699
S006364,East India,Laptop,Premium,2024-09-18,,699
S006365,North India,Mobile,Standard,2024-02-16,,399
S006366,Karnataka,Mobile,Basic,2024-06-16,,199
S006367,West India,Smart TV,Standard,2024-09-20,,399
S006368,North India,Laptop,Basic,2024-11-15,,199
S006369,North India,Laptop,Basic,2024-12-04,,199
S006370,Karnataka,Mobile,Basic,2024-04-07,,199
S006371,Maharashtra,Mobile,Standard,2024-02-14,2024-03-15,399
S006372,Maharashtra,Desktop,Basic,2024-05-31,,199
S006373,South India,Mobile,Premium,2024-10-04,,699
S006374,Karnataka,Smart TV,Premium,2024-08-10,,699
S006375,Maharashtra,Mobile,Basic,2024-11-29,,199
S006376,Maharashtra,Tablet,Basic,2024-10-23,,199
S006377,South India,Mobile,Basic,2024-11-28,,199
S006378,Maharashtra,Mobile,Basic,2024-05-26,,199
S006379,Karnataka,Smart TV,Standard,2024-07-20,2024-08-24,399
S006380,Karnataka,Mobile,Premium,2024-10-30,2025-04-24,699
S006381,East India,Laptop,Standard,2024-08-16,,399
S006382,East India,Smart TV,Basic,2024-12-08,,199
S006383,Karnataka,Mobile,Standard,2024-09-06,,399
S006384,North India,Mobile,Basic,2024-04-15,,199
S006385,Maharashtra,Mobile,Premium,2024-08-14,,699
S006386,Maharashtra,Smart TV,Standard,2024-09-07,,399
S006387,East India,Mobile,Basic,2024-11-26,,199
S006388,West India,Smart TV,Standard,2024-10-20,,399
S006389,Maharashtra,Laptop,Premium,2024-09-24,,699
S006390,Maharashtra,Laptop,Basic,2024-04-20,,199
S006391,North India,Smart TV,Basic,2024-02-25,,199
S006392,Karnataka,Desktop,Standard,2024-08-13,,399
S006393,South India,Laptop,Standard,2024-04-02,,399
S006394,East India,Smart TV,Standard,2024-10-25,,399
S006395,Maharashtra,Smart TV,Standard,2024-01-23,,399
S006396,Karnataka,Mobile,Standard,2024-03-13,2024-04-29,399
S006397,North India,Mobile,Premium,2024-07-31,,699
S006398,West India,Mobile,Basic,2024-11-09,,199
S006399,Karnataka,Smart TV,Premium,2024-05-24,,699
S006400,Karnataka,Smart TV,Basic,2024-07-29,,199
S006401,North India,Mobile,Standard,2024-02-03,,399
S006402,South India,Desktop,Premium,2024-01-23,,699
S006403,East India,Mobile,Standard,2024-02-22,,399
S006404,East India,Tablet,Premium,2024-07-28,2024-09-07,699
S006405,Karnataka,Laptop,Basic,2024-05-28,2024-10-26,199
S006406,North India,Laptop,Standard,2024-11-14,,399
S006407,East India,Laptop,Basic,2024-04-04,,199
S006408,West India,Mobile,Premium,2024-10-13,,699
S006409,West India,Mobile,Premium,2024-11-27,2025-05-04,699
S006410,West India,Smart TV,Basic,2024-04-04,2024-05-22,199
S006411,Karnataka,Mobile,Basic,2024-11-15,,199
S006412,South India,Laptop,Standard,2024-09-17,2025-02-19,399
S006413,South India,Smart TV,Basic,2024-11-11,,199
S006414,East India,Laptop,Basic,2024-01-09,,199
S006415,South India,Mobile,Standard,2024-10-26,,399
S006416,Karnataka,Laptop,Basic,2024-06-30,,199
S006417,South India,Mobile,Premium,2024-08-19,,699
S006418,East India,Laptop,Basic,2024-03-04,,199
S006419,Karnataka,Smart TV,Standard,2024-02-26,,399
S006420,Karnataka,Smart TV,Premium,2024-09-01,,699
S006421,West India,Laptop,Standard,2024-03-27,,399
S006422,North India,Laptop,Basic,2024-05-12,,199
S006423,West India,Laptop,Premium,2024-05-04,,699
S006424,North India,Tablet,Standard,2024-12-12,,399
S006425,North India,Smart TV,Basic,2024-01-30,,199
S006426,North India,Laptop,Basic,2024-05-25,,199
S006427,Maharashtra,Smart TV,Standard,2024-01-31,,399
S006428,West India,Smart TV,Premium,2024-09-14,,699
S006429,South India,Desktop,Basic,2024-10-19,,199
S006430,West India,Laptop,Basic,2024-04-15,2024-07-12,199
S006431,South India,Laptop,Standard,2024-06-15,,399
S006432,South India,Mobile,Basic,2024-11-03,2025-01-18,199
S006433,South India,Mobile,Basic,2024-05-12,2024-08-10,199
S006434,West India,Mobile,Standard,2024-06-20,,399
S006435,West India,Laptop,Basic,2024-12-24,,199
S006436,Maharashtra,Desktop,Basic,2024-06-04,,199
S006437,Maharashtra,Laptop,Basic,2024-07-06,,199
S006438,South India,Laptop,Basic,2024-02-26,,199
S006439,North India,Mobile,Basic,2024-08-13,,199
S006440,Maharashtra,Smart TV,Premium,2024-11-14,,699
S006441,South India,Smart TV,Basic,2024-12-28,,199
S006442,East India,Mobile,Standard,2024-03-10,,399
S006443,South India,Laptop,Basic,2024-11-13,,199
S006444,Karnataka,Mobile,Basic,2024-12-26,,199
S006445,West India,Mobile,Standard,2024-11-02,,399
S006446,West India,Mobile,Basic,2024-07-01,,199
S006447,Karnataka,Tablet,Basic,2024-04-16,,199
S006448,North India,Tablet,Premium,2024-05-09,,699
S006449,North India,Desktop,Basic,2024-10-08,,199
S006450,Karnataka,Mobile,Basic,2024-09-08,,199
S006451,South India,Mobile,Basic,2024-11-07,,199
S006452,West India,Laptop,Basic,2024-09-03,,199
S006453,South India,Laptop,Standard,2024-12-14,,399
S006454,Karnataka,Smart TV,Standard,2024-03-23,,399
S006455,Karnataka,Mobile,Premium,2024-05-28,2024-08-20,699
S006456,Karnataka,Smart TV,Basic,2024-01-28,,199
S006457,South India,Mobile,Standard,2024-07-03,,399
S006458,West India,Tablet,Standard,2024-05-03,2024-08-11,399
S006459,West India,Laptop,Basic,2024-02-26,,199
S006460,North India,Laptop,Premium,2024-04-03,,699
S006461,South India,Desktop,Basic,2024-03-06,,199
S006462,Karnataka,Desktop,Basic,2024-08-09,,199
S006463,Karnataka,Mobile,Standard,2024-01-08,,399
S006464,Karnataka,Mobile,Basic,2024-03-28,,199
S006465,West India,Smart TV,Premium,2024-09-28,,699
S006466,North India,Mobile,Basic,2024-10-04,2024-11-05,199
S006467,North India,Smart TV,Basic,2024-07-09,,199
S006468,West India,Mobile,Premium,2024-07-12,2024-11-07,699
S006469,East India,Laptop,Standard,2024-03-01,,399
S006470,North India,Desktop,Basic,2024-06-30,,199
S006471,North India,Mobile,Basic,2024-04-07,2024-07-04,199
S006472,Karnataka,Desktop,Basic,2024-07-26,2024-11-01,199
S006473,North India,Smart TV,Basic,2024-02-10,,199
S006474,North India,Laptop,Standard,2024-11-01,,399
S006475,Maharashtra,Laptop,Premium,2024-11-14,,699
S006476,Karnataka,Smart TV,Basic,2024-09-03,,199
S006477,Maharashtra,Tablet,Standard,2024-02-13,,399
S006478,West India,Smart TV,Standard,2024-09-04,,399
S006479,Karnataka,Laptop,Basic,2024-01-26,,199
S006480,West India,Mobile,Basic,2024-10-21,,199
S006481,Maharashtra,Desktop,Standard,2024-04-13,,399
S006482,Maharashtra,Laptop,Standard,2024-02-26,,399
S006483,South India,Mobile,Standard,2024-03-24,,399
S006484,West India,Smart TV,Premium,2024-03-01,2024-04-28,699
S006485,North India,Smart TV,Basic,2024-01-13,,199
S006486,South India,Mobile,Basic,2024-08-24,,199
S006487,North India,Laptop,Premium,2024-12-11,2025-03-12,699
S006488,South India,Smart TV,Basic,2024-07-05,2024-08-31,199
S006489,Karnataka,Smart TV,Basic,2024-12-04,,199
S006490,East India,Smart TV,Basic,2024-12-06,,199
S006491,West India,Laptop,Standard,2024-12-23,,399
S006492,Karnataka,Tablet,Basic,2024-09-19,,199
S006493,West India,Mobile,Standard,2024-03-13,,399
S006494,North India,Desktop,Standard,2024-05-24,,399
S006495,North India,Mobile,Premium,2024-06-01,,699
S006496,East India,Desktop,Basic,2024-09-07,,199
S006497,East India,Tablet,Basic,2024-06-19,,199
S006498,West India,Mobile,Basic,2024-06-24,,199
S006499,East India,Laptop,Standard,2024-06-02,,399
S006500,West India,Mobile,Basic,2024-06-20,,199
S006501,Karnataka,Mobile,Basic,2024-10-21,,199
S006502,East India,Mobile,Basic,2024-10-18,,199
S006503,North India,Desktop,Premium,2024-07-25,2024-08-25,699
S006504,Maharashtra,Smart TV,Basic,2024-11-14,,199
S006505,Karnataka,Smart TV,Premium,2024-04-19,,699
S006506,North India,Tablet,Standard,2024-10-14,2024-12-21,399
S006507,Maharashtra,Laptop,Standard,2024-12-24,,399
S006508,East India,Laptop,Standard,2024-02-22,,399
S006509,Karnataka,Mobile,Basic,2024-01-09,,199
S006510,South India,Tablet,Basic,2024-03-10,2024-09-04,199
S006511,North India,Mobile,Basic,2024-02-12,2024-04-23,199
S006512,North India,Mobile,Basic,2024-12-05,,199
S006513,Maharashtra,Smart TV,Basic,2024-02-06,2024-05-12,199
S006514,North India,Smart TV,Premium,2024-02-27,2024-07-09,699
S006515,South India,Smart TV,Basic,2024-10-10,,199
S006516,Maharashtra,Laptop,Basic,2024-06-07,,199
S006517,East India,Smart TV,Basic,2024-08-17,,199
S006518,South India,Mobile,Basic,2024-02-12,,199
S006519,West India,Mobile,Standard,2024-06-29,2024-08-07,399
S006520,Maharashtra,Smart TV,Standard,2024-08-15,,399
S006521,South India,Mobile,Standard,2024-05-31,2024-07-06,399
S006522,West India,Smart TV,Basic,2024-02-11,,199
S006523,Maharashtra,Mobile,Basic,2024-01-31,,199
S006524,East India,Mobile,Standard,2024-07-10,,399
S006525,Maharashtra,Desktop,Basic,2024-03-01,,199
S006526,Karnataka,Smart TV,Premium,2024-11-27,2025-01-02,699
S006527,North India,Smart TV,Standard,2024-01-30,,399
S006528,Maharashtra,Desktop,Basic,2024-08-25,,199
S006529,West India,Mobile,Basic,2024-07-25,,199
S006530,Karnataka,Smart TV,Basic,2024-06-18,,199
S006531,East India,Mobile,Standard,2024-10-16,2025-01-18,399
S006532,Karnataka,Smart TV,Premium,2024-05-20,2024-07-11,699
S006533,North India,Laptop,Basic,2024-03-30,,199
S006534,North India,Mobile,Basic,2024-11-06,,199
S006535,Karnataka,Laptop,Basic,2024-04-01,2024-05-13,199
S006536,North India,Laptop,Basic,2024-01-03,,199
S006537,Maharashtra,Laptop,Premium,2024-07-27,,699
S006538,Karnataka,Mobile,Standard,2024-09-26,,399
S006539,South India,Smart TV,Standard,2024-07-10,,399
S006540,North India,Mobile,Basic,2024-09-21,,199
S006541,East India,Mobile,Premium,2024-06-25,2024-08-23,699
S006542,Maharashtra,Smart TV,Basic,2024-01-28,,199
S006543,Karnataka,Laptop,Premium,2024-04-19,,699
S006544,West India,Smart TV,Basic,2024-06-25,,199
S006545,Maharashtra,Smart TV,Standard,2024-05-04,,399
S006546,West India,Laptop,Basic,2024-10-17,2025-02-14,199
S006547,Maharashtra,Mobile,Standard,2024-01-19,,399
S006548,West India,Mobile,Premium,2024-02-06,,699
S006549,North India,Laptop,Standard,2024-09-09,,399
S006550,North India,Smart TV,Basic,2024-06-06,,199
S006551,West India,Smart TV,Basic,2024-03-08,,199
S006552,Maharashtra,Tablet,Basic,2024-03-19,,199
S006553,North India,Smart TV,Premium,2024-09-01,2024-11-03,699
S006554,Karnataka,Smart TV,Basic,2024-08-02,,199
S006555,North India,Smart TV,Standard,2024-10-27,,399
S006556,Karnataka,Mobile,Standard,2024-10-20,,399
S006557,Maharashtra,Mobile,Premium,2024-05-16,,699
S006558,North India,Laptop,Standard,2024-04-23,,399
S006559,West India,Mobile,Basic,2024-08-25,,199
S006560,North India,Smart TV,Basic,2024-10-05,,199
S006561,Maharashtra,Mobile,Basic,2024-06-08,,199
S006562,East India,Desktop,Standard,2024-07-03,,399
S006563,West India,Mobile,Basic,2024-11-24,,199
S006564,West India,Mobile,Standard,2024-07-30,2024-11-05,399
S006565,North India,Mobile,Premium,2024-09-19,,699
S006566,South India,Mobile,Basic,2024-02-23,,199
S006567,North India,Mobile,Standard,2024-01-13,,399
S006568,North India,Tablet,Standard,2024-08-17,,399
S006569,East India,Mobile,Basic,2024-09-14,,199
S006570,Maharashtra,Smart TV,Standard,2024-10-19,,399
S006571,South India,Smart TV,Premium,2024-06-14,,699
S006572,West India,Mobile,Basic,2024-02-13,2024-05-07,199
S006573,East India,Smart TV,Basic,2024-09-10,2024-11-25,199
S006574,North India,Laptop,Premium,2024-04-28,,699
S006575,West India,Smart TV,Standard,2024-08-03,,399
S006576,Karnataka,Smart TV,Premium,2024-02-04,,699
S006577,West India,Mobile,Standard,2024-02-17,,399
S006578,East India,Mobile,Premium,2024-05-23,,699
S006579,North India,Smart TV,Standard,2024-01-07,2024-03-19,399
S006580,West India,Smart TV,Basic,2024-03-21,,199
S006581,Karnataka,Mobile,Standard,2024-09-16,,399
S006582,Maharashtra,Mobile,Basic,2024-04-06,,199
S006583,West India,Tablet,Standard,2024-04-13,,399
S006584,West India,Smart TV,Basic,2024-05-02,,199
S006585,East India,Laptop,Basic,2024-03-01,,199
S006586,Karnataka,Smart TV,Basic,2024-10-15,,199
S006587,Karnataka,Mobile,Basic,2024-09-07,,199
S006588,Karnataka,Smart TV,Basic,2024-05-02,,199
S006589,West India,Mobile,Basic,2024-03-05,,199
S006590,West India,Mobile,Basic,2024-02-29,,199
S006591,East India,Smart TV,Basic,2024-11-18,2025-02-23,199
S006592,South India,Desktop,Standard,2024-05-11,,399
S006593,East India,Smart TV,Premium,2024-08-08,,699
S006594,West India,Laptop,Basic,2024-05-10,,199
S006595,East India,Mobile,Standard,2024-02-11,,399
S006596,South India,Laptop,Basic,2024-11-29,,199
S006597,Karnataka,Mobile,Standard,2024-10-15,,399
S006598,North India,Mobile,Basic,2024-07-06,,199
S006599,North India,Laptop,Premium,2024-02-28,,699
S006600,East India,Laptop,Standard,2024-10-10,2025-02-09,399
S006601,Karnataka,Mobile,Basic,2024-02-04,,199
S006602,East India,Laptop,Basic,2024-04-16,,199
S006603,Maharashtra,Mobile,Basic,2024-09-22,,199
S006604,Karnataka,Mobile,Premium,2024-08-09,,699
S006605,West India,Laptop,Basic,2024-02-15,,199
S006606,West India,Laptop,Basic,2024-01-10,,199
S006607,Karnataka,Laptop,Standard,2024-05-26,,399
S006608,South India,Laptop,Premium,2024-07-24,,699
S006609,West India,Mobile,Basic,2024-07-21,2024-11-20,199
S006610,East India,Tablet,Basic,2024-02-20,,199
S006611,Karnataka,Mobile,Basic,2024-06-16,,199
S006612,West India,Smart TV,Basic,2024-01-23,,199
S006613,Karnataka,Desktop,Premium,2024-08-19,2025-02-08,699
S006614,East India,Tablet,Basic,2024-07-11,,199
S006615,East India,Desktop,Basic,2024-04-16,,199
S006616,East India,Smart TV,Standard,2024-01-29,,399
S006617,Maharashtra,Laptop,Standard,2024-03-07,,399
S006618,West India,Smart TV,Premium,2024-04-27,,699
S006619,South India,Smart TV,Standard,2024-07-19,,399
S006620,West India,Mobile,Basic,2024-04-06,2024-05-15,199
S006621,North India,Mobile,Standard,2024-04-21,,399
S006622,South India,Smart TV,Basic,2024-07-06,2024-12-01,199
S006623,Karnataka,Smart TV,Basic,2024-01-06,,199
S006624,West India,Mobile,Basic,2024-07-17,,199
S006625,West India,Tablet,Basic,2024-06-28,,199
S006626,South India,Mobile,Basic,2024-04-03,,199
S006627,West India,Mobile,Basic,2024-02-13,2024-07-27,199
S006628,Maharashtra,Mobile,Standard,2024-09-28,2025-03-05,399
S006629,East India,Smart TV,Standard,2024-02-19,,399
S006630,West India,Smart TV,Premium,2024-09-05,,699
S006631,North India,Mobile,Standard,2024-07-05,,399
S006632,Maharashtra,Tablet,Basic,2024-06-07,,199
S006633,Karnataka,Mobile,Basic,2024-06-02,,199
S006634,South India,Laptop,Basic,2024-10-10,,199
S006635,West India,Mobile,Basic,2024-01-09,,199
S006636,Maharashtra,Laptop,Standard,2024-05-14,,399
S006637,North India,Mobile,Basic,2024-04-08,,199
S006638,West India,Mobile,Standard,2024-05-21,2024-11-05,399
S006639,South India,Smart TV,Standard,2024-12-21,,399
S006640,Karnataka,Smart TV,Basic,2024-07-30,,199
S006641,East India,Mobile,Standard,2024-08-02,2024-11-13,399
S006642,Maharashtra,Mobile,Basic,2024-04-04,,199
S006643,Maharashtra,Mobile,Standard,2024-04-22,,399
S006644,North India,Mobile,Premium,2024-12-10,2025-05-21,699
S006645,South India,Smart TV,Standard,2024-10-07,,399
S006646,West India,Mobile,Premium,2024-01-30,2024-06-01,699
S006647,North India,Mobile,Premium,2024-12-13,,699
S006648,North India,Mobile,Standard,2024-09-29,2024-11-14,399
S006649,West India,Smart TV,Basic,2024-01-16,2024-05-14,199
S006650,North India,Tablet,Premium,2024-02-25,,699
S006651,West India,Mobile,Basic,2024-01-01,,199
S006652,Maharashtra,Mobile,Standard,2024-10-06,,399
S006653,Karnataka,Smart TV,Basic,2024-03-23,,199
S006654,South India,Laptop,Standard,2024-10-04,,399
S006655,East India,Smart TV,Basic,2024-06-28,,199
S006656,North India,Mobile,Basic,2024-03-03,,199
S006657,North India,Smart TV,Basic,2024-08-08,2024-11-06,199
S006658,Maharashtra,Mobile,Standard,2024-01-01,,399
S006659,East India,Smart TV,Basic,2024-08-30,,199
S006660,South India,Mobile,Basic,2024-04-24,,199
S006661,East India,Mobile,Standard,2024-11-01,2025-03-13,399
S006662,South India,Laptop,Standard,2024-08-27,,399
S006663,North India,Laptop,Standard,2024-07-11,,399
S006664,Karnataka,Laptop,Premium,2024-04-18,,699
S006665,North India,Laptop,Standard,2024-07-17,,399
S006666,Maharashtra,Desktop,Standard,2024-03-23,,399
S006667,South India,Smart TV,Basic,2024-04-17,,199
S006668,Karnataka,Mobile,Basic,2024-03-20,2024-07-23,199
S006669,Karnataka,Mobile,Basic,2024-12-30,,199
S006670,West India,Laptop,Premium,2024-07-10,,699
S006671,North India,Mobile,Basic,2024-05-27,,199
S006672,North India,Laptop,Basic,2024-05-09,,199
S006673,Karnataka,Mobile,Standard,2024-06-15,,399
S006674,South India,Mobile,Basic,2024-07-23,,199
S006675,West India,Smart TV,Basic,2024-08-23,2024-10-18,199
S006676,North India,Smart TV,Premium,2024-08-17,,699
S006677,East India,Laptop,Premium,2024-08-13,,699
S006678,East India,Laptop,Standard,2024-03-16,,399
S006679,Karnataka,Smart TV,Basic,2024-02-29,,199
S006680,North India,Desktop,Basic,2024-07-20,,199
S006681,South India,Mobile,Basic,2024-12-05,,199
S006682,Karnataka,Tablet,Basic,2024-05-24,,199
S006683,North India,Mobile,Standard,2024-04-26,,399
S006684,South India,Laptop,Standard,2024-10-11,,399
S006685,Maharashtra,Tablet,Basic,2024-07-21,,199
S006686,South India,Laptop,Basic,2024-03-04,,199
S006687,South India,Smart TV,Basic,2024-11-23,,199
S006688,North India,Desktop,Standard,2024-03-20,,399
S006689,South India,Laptop,Standard,2024-06-14,,399
S006690,Maharashtra,Desktop,Premium,2024-09-14,,699
S006691,Karnataka,Mobile,Basic,2024-11-11,,199
S006692,East India,Laptop,Basic,2024-07-03,,199
S006693,North India,Mobile,Standard,2024-08-16,,399
S006694,West India,Smart TV,Basic,2024-12-13,,199
S006695,Maharashtra,Smart TV,Standard,2024-08-09,,399
S006696,Karnataka,Mobile,Premium,2024-02-27,,699
S006697,Maharashtra,Mobile,Basic,2024-01-08,,199
S006698,Karnataka,Laptop,Basic,2024-09-19,,199
S006699,Maharashtra,Mobile,Standard,2024-05-13,,399
S006700,Karnataka,Laptop,Basic,2024-07-24,,199
S006701,South India,Smart TV,Standard,2024-06-07,,399
S006702,East India,Mobile,Basic,2024-03-22,,199
S006703,West India,Mobile,Standard,2024-12-22,,399
S006704,South India,Smart TV,Basic,2024-07-04,2024-09-23,199
S006705,Karnataka,Mobile,Basic,2024-01-02,,199
S006706,West India,Mobile,Premium,2024-10-23,,699
S006707,North India,Mobile,Standard,2024-10-12,,399
S006708,South India,Smart TV,Basic,2024-11-21,,199
S006709,West India,Mobile,Basic,2024-02-20,,199
S006710,South India,Smart TV,Basic,2024-03-12,,199
S006711,East India,Mobile,Standard,2024-10-07,2025-02-13,399
S006712,East India,Smart TV,Basic,2024-04-09,,199
S006713,Karnataka,Mobile,Standard,2024-05-16,2024-10-10,399
S006714,East India,Smart TV,Basic,2024-03-24,,199
S006715,Karnataka,Laptop,Basic,2024-07-16,,199
S006716,West India,Smart TV,Basic,2024-07-28,,199
S006717,West India,Tablet,Basic,2024-05-04,,199
S006718,North India,Mobile,Basic,2024-12-06,,199
S006719,East India,Laptop,Standard,2024-09-14,,399
S006720,Karnataka,Smart TV,Basic,2024-02-14,,199
S006721,West India,Mobile,Basic,2024-04-04,,199
S006722,West India,Desktop,Standard,2024-05-29,2024-09-05,399
S006723,North India,Smart TV,Premium,2024-03-24,,699
S006724,West India,Tablet,Standard,2024-05-12,,399
S006725,Karnataka,Mobile,Standard,2024-02-27,2024-06-28,399
S006726,South India,Laptop,Premium,2024-02-06,,699
S006727,West India,Mobile,Basic,2024-10-27,,199
S006728,West India,Laptop,Basic,2024-05-28,,199
S006729,South India,Mobile,Basic,2024-03-21,,199
S006730,Karnataka,Tablet,Basic,2024-02-28,,199
S006731,Maharashtra,Tablet,Basic,2024-10-08,,199
S006732,Karnataka,Smart TV,Premium,2024-11-21,,699
S006733,Karnataka,Smart TV,Premium,2024-05-09,,699
S006734,Karnataka,Tablet,Basic,2024-09-22,,199
S006735,North India,Mobile,Basic,2024-01-04,,199
S006736,West India,Mobile,Basic,2024-03-31,,199
S006737,Maharashtra,Mobile,Basic,2024-05-05,,199
S006738,West India,Tablet,Basic,2024-05-03,,199
S006739,North India,Smart TV,Premium,2024-01-06,,699
S006740,East India,Mobile,Basic,2024-10-12,2025-03-11,199
S006741,North India,Tablet,Standard,2024-07-02,,399
S006742,West India,Laptop,Basic,2024-03-15,,199
S006743,North India,Smart TV,Standard,2024-07-22,2024-11-13,399
S006744,West India,Smart TV,Standard,2024-12-05,,399
S006745,Maharashtra,Desktop,Premium,2024-06-10,,699
S006746,North India,Smart TV,Basic,2024-07-22,,199
S006747,Maharashtra,Mobile,Standard,2024-09-25,,399
S006748,Karnataka,Mobile,Basic,2024-04-13,2024-08-11,199
S006749,West India,Tablet,Basic,2024-03-19,2024-07-20,199
S006750,West India,Smart TV,Standard,2024-08-19,,399
S006751,Maharashtra,Mobile,Standard,2024-11-13,,399
S006752,South India,Desktop,Standard,2024-08-08,,399
S006753,West India,Mobile,Standard,2024-06-12,,399
S006754,West India,Laptop,Standard,2024-11-24,,399
S006755,Maharashtra,Laptop,Basic,2024-09-01,2025-02-15,199
S006756,South India,Smart TV,Standard,2024-04-06,,399
S006757,South India,Mobile,Basic,2024-09-10,2024-10-10,199
S006758,East India,Tablet,Standard,2024-01-27,2024-04-15,399
S006759,East India,Laptop,Basic,2024-04-11,,199
S006760,West India,Smart TV,Basic,2024-01-21,,199
S006761,West India,Mobile,Basic,2024-01-24,,199
S006762,Karnataka,Mobile,Standard,2024-06-02,,399
S006763,West India,Mobile,Standard,2024-07-09,,399
S006764,West India,Tablet,Basic,2024-05-01,,199
S006765,North India,Smart TV,Standard,2024-09-11,,399
S006766,North India,Tablet,Standard,2024-08-08,,399
S006767,West India,Tablet,Standard,2024-12-05,,399
S006768,North India,Smart TV,Standard,2024-03-08,,399
S006769,North India,Desktop,Basic,2024-04-20,,199
S006770,Maharashtra,Laptop,Premium,2024-07-03,,699
S006771,Maharashtra,Smart TV,Basic,2024-03-06,2024-04-13,199
S006772,West India,Smart TV,Premium,2024-04-19,,699
S006773,Maharashtra,Laptop,Standard,2024-02-14,,399
S006774,West India,Laptop,Standard,2024-11-25,,399
S006775,East India,Mobile,Basic,2024-03-01,,199
S006776,East India,Smart TV,Basic,2024-02-01,,199
S006777,West India,Mobile,Basic,2024-02-05,,199
S006778,Maharashtra,Mobile,Standard,2024-09-25,2025-02-16,399
S006779,Maharashtra,Smart TV,Standard,2024-04-26,,399
S006780,Karnataka,Mobile,Standard,2024-06-10,,399
S006781,South India,Mobile,Basic,2024-11-26,2025-04-16,199
S006782,North India,Tablet,Basic,2024-09-28,,199
S006783,West India,Smart TV,Basic,2024-09-05,,199
S006784,North India,Mobile,Premium,2024-04-09,,699
S006785,South India,Mobile,Premium,2024-01-29,,699
S006786,Maharashtra,Mobile,Standard,2024-06-01,,399
S006787,Maharashtra,Smart TV,Standard,2024-01-08,,399
S006788,West India,Mobile,Standard,2024-09-05,,399
S006789,North India,Tablet,Basic,2024-04-16,,199
S006790,Maharashtra,Smart TV,Premium,2024-01-09,,699
S006791,West India,Mobile,Basic,2024-07-12,,199
S006792,East India,Smart TV,Basic,2024-05-09,,199
S006793,North India,Mobile,Premium,2024-09-10,,699
S006794,North India,Smart TV,Basic,2024-12-03,,199
S006795,West India,Laptop,Basic,2024-09-18,2024-10-29,199
S006796,East India,Tablet,Basic,2024-10-11,,199
S006797,South India,Smart TV,Standard,2024-10-04,,399
S006798,South India,Smart TV,Basic,2024-12-16,2025-01-18,199
S006799,North India,Mobile,Basic,2024-03-07,,199
S006800,Karnataka,Laptop,Basic,2024-01-04,,199
S006801,Karnataka,Mobile,Basic,2024-08-18,,199
S006802,Maharashtra,Laptop,Standard,2024-10-28,,399
S006803,Maharashtra,Smart TV,Standard,2024-11-26,2025-04-24,399
S006804,Maharashtra,Mobile,Basic,2024-05-09,2024-09-19,199
S006805,South India,Mobile,Basic,2024-07-18,,199
S006806,East India,Smart TV,Standard,2024-04-10,,399
S006807,North India,Smart TV,Premium,2024-08-12,,699
S006808,North India,Mobile,Standard,2024-11-09,,399
S006809,Karnataka,Mobile,Standard,2024-03-17,,399
S006810,Karnataka,Tablet,Standard,2024-03-09,,399
S006811,Karnataka,Smart TV,Standard,2024-09-15,,399
S006812,North India,Smart TV,Premium,2024-03-25,,699
S006813,North India,Laptop,Basic,2024-09-20,,199
S006814,East India,Laptop,Standard,2024-02-07,,399
S006815,East India,Laptop,Standard,2024-06-27,,399
S006816,North India,Mobile,Standard,2024-10-05,,399
S006817,Karnataka,Laptop,Basic,2024-10-18,,199
S006818,West India,Smart TV,Standard,2024-04-10,2024-05-18,399
S006819,North India,Laptop,Standard,2024-12-08,,399
S006820,South India,Laptop,Basic,2024-06-09,,199
S006821,Maharashtra,Mobile,Basic,2024-06-03,,199
S006822,North India,Smart TV,Standard,2024-07-23,,399
S006823,North India,Smart TV,Basic,2024-01-14,,199
S006824,South India,Smart TV,Standard,2024-02-03,,399
S006825,Karnataka,Smart TV,Basic,2024-03-08,,199
S006826,West India,Mobile,Standard,2024-03-24,,399
S006827,Karnataka,Tablet,Basic,2024-11-05,,199
S006828,North India,Smart TV,Basic,2024-04-22,,199
S006829,Karnataka,Smart TV,Standard,2024-07-03,,399
S006830,East India,Mobile,Basic,2024-11-23,2025-01-08,199
S006831,South India,Laptop,Premium,2024-09-05,,699
S006832,West India,Mobile,Standard,2024-05-14,,399
S006833,Karnataka,Smart TV,Basic,2024-10-05,,199
S006834,North India,Mobile,Standard,2024-06-26,,399
S006835,Maharashtra,Laptop,Standard,2024-08-10,,399
S006836,North India,Mobile,Premium,2024-02-08,2024-07-02,699
S006837,East India,Tablet,Basic,2024-11-07,,199
S006838,Maharashtra,Laptop,Basic,2024-06-22,2024-09-28,199
S006839,North India,Smart TV,Premium,2024-04-22,,699
S006840,West India,Tablet,Basic,2024-01-24,,199
S006841,Maharashtra,Mobile,Premium,2024-02-07,,699
S006842,South India,Desktop,Basic,2024-02-19,,199
S006843,Karnataka,Laptop,Standard,2024-09-28,,399
S006844,North India,Mobile,Basic,2024-05-23,,199
S006845,East India,Tablet,Basic,2024-11-20,,199
S006846,South India,Tablet,Basic,2024-03-06,2024-08-07,199
S006847,Karnataka,Smart TV,Basic,2024-02-07,,199
S006848,Maharashtra,Smart TV,Premium,2024-04-17,,699
S006849,Karnataka,Laptop,Basic,2024-08-02,2024-12-01,199
S006850,East India,Mobile,Basic,2024-02-16,,199
S006851,West India,Smart TV,Standard,2024-06-25,,399
S006852,South India,Mobile,Premium,2024-10-16,,699
S006853,Maharashtra,Smart TV,Premium,2024-10-31,2025-02-04,699
S006854,North India,Smart TV,Premium,2024-01-26,,699
S006855,Karnataka,Laptop,Basic,2024-06-26,,199
S006856,North India,Tablet,Premium,2024-07-19,,699
S006857,Maharashtra,Smart TV,Premium,2024-03-10,,699
S006858,Maharashtra,Smart TV,Standard,2024-09-12,,399
S006859,East India,Smart TV,Basic,2024-02-24,2024-08-09,199
S006860,West India,Smart TV,Basic,2024-09-08,,199
S006861,North India,Laptop,Basic,2024-09-08,,199
S006862,Maharashtra,Desktop,Basic,2024-10-20,,199
S006863,South India,Desktop,Basic,2024-06-26,,199
S006864,East India,Tablet,Standard,2024-01-17,,399
S006865,North India,Tablet,Basic,2024-02-02,,199
S006866,Karnataka,Laptop,Standard,2024-09-17,,399
S006867,North India,Mobile,Standard,2024-04-03,,399
S006868,South India,Smart TV,Basic,2024-08-24,2024-10-03,199
S006869,West India,Smart TV,Standard,2024-10-28,,399
S006870,Karnataka,Smart TV,Basic,2024-01-26,,199
S006871,South India,Mobile,Basic,2024-08-12,,199
S006872,Maharashtra,Mobile,Standard,2024-01-24,,399
S006873,Maharashtra,Mobile,Basic,2024-07-27,,199
S006874,South India,Mobile,Basic,2024-09-22,,199
S006875,Maharashtra,Tablet,Basic,2024-09-22,,199
S006876,Karnataka,Laptop,Premium,2024-12-25,,699
S006877,Karnataka,Laptop,Basic,2024-05-06,,199
S006878,Karnataka,Tablet,Basic,2024-06-12,,199
S006879,South India,Tablet,Basic,2024-10-23,,199
S006880,East India,Mobile,Standard,2024-12-12,2025-05-31,399
S006881,South India,Tablet,Basic,2024-04-02,,199
S006882,West India,Mobile,Basic,2024-06-04,,199
S006883,West India,Laptop,Basic,2024-03-16,,199
S006884,Karnataka,Smart TV,Premium,2024-01-18,,699
S006885,West India,Mobile,Basic,2024-07-18,,199
S006886,Karnataka,Laptop,Basic,2024-01-27,,199
S006887,Karnataka,Laptop,Standard,2024-08-03,,399
S006888,Karnataka,Mobile,Basic,2024-09-24,2024-12-17,199
S006889,Karnataka,Mobile,Basic,2024-05-31,,199
S006890,East India,Tablet,Basic,2024-08-14,,199
S006891,West India,Smart TV,Premium,2024-08-09,,699
S006892,South India,Laptop,Standard,2024-05-24,,399
S006893,Karnataka,Mobile,Standard,2024-11-14,,399
S006894,South India,Mobile,Standard,2024-04-17,,399
S006895,North India,Laptop,Basic,2024-12-03,,199
S006896,North India,Laptop,Basic,2024-04-30,,199
S006897,South India,Smart TV,Basic,2024-01-11,,199
S006898,South India,Desktop,Standard,2024-03-04,2024-06-24,399
S006899,East India,Mobile,Basic,2024-02-29,2024-05-08,199
S006900,South India,Laptop,Premium,2024-05-10,2024-07-02,699
S006901,West India,Laptop,Standard,2024-08-19,,399
S006902,South India,Tablet,Basic,2024-06-27,,199
S006903,South India,Mobile,Basic,2024-02-28,,199
S006904,East India,Mobile,Basic,2024-04-19,2024-08-03,199
S006905,Maharashtra,Smart TV,Premium,2024-01-12,,699
S006906,North India,Tablet,Standard,2024-08-29,,399
S006907,South India,Mobile,Basic,2024-09-03,,199
S006908,Karnataka,Laptop,Basic,2024-08-03,,199
S006909,South India,Laptop,Standard,2024-06-17,,399
S006910,East India,Mobile,Basic,2024-10-23,,199
S006911,East India,Smart TV,Standard,2024-11-26,,399
S006912,Karnataka,Smart TV,Standard,2024-07-17,,399
S006913,Maharashtra,Smart TV,Basic,2024-12-27,,199
S006914,Maharashtra,Smart TV,Standard,2024-10-14,,399
S006915,Karnataka,Mobile,Basic,2024-04-25,,199
S006916,Karnataka,Desktop,Basic,2024-09-18,,199
S006917,West India,Smart TV,Basic,2024-04-15,2024-07-09,199
S006918,Karnataka,Laptop,Standard,2024-10-01,,399
S006919,Karnataka,Smart TV,Premium,2024-02-09,2024-05-31,699
S006920,West India,Mobile,Basic,2024-10-11,,199
S006921,South India,Smart TV,Premium,2024-02-20,2024-04-09,699
S006922,East India,Smart TV,Standard,2024-12-13,,399
S006923,South India,Mobile,Standard,2024-08-02,,399
S006924,East India,Mobile,Standard,2024-12-12,2025-01-11,399
S006925,South India,Smart TV,Basic,2024-01-26,,199
S006926,Maharashtra,Mobile,Standard,2024-09-21,,399
S006927,North India,Mobile,Basic,2024-05-09,,199
S006928,North India,Laptop,Standard,2024-05-25,,399
S006929,North India,Mobile,Basic,2024-09-16,,199
S006930,Maharashtra,Smart TV,Standard,2024-07-01,2024-11-23,399
S006931,South India,Smart TV,Premium,2024-03-19,,699
S006932,West India,Smart TV,Basic,2024-02-14,,199
S006933,North India,Mobile,Basic,2024-04-04,,199
S006934,West India,Laptop,Standard,2024-02-19,,399
S006935,South India,Mobile,Premium,2024-03-17,,699
S006936,North India,Laptop,Standard,2024-06-27,,399
S006937,South India,Smart TV,Basic,2024-01-03,,199
S006938,North India,Tablet,Basic,2024-10-25,,199
S006939,South India,Smart TV,Standard,2024-10-11,,399
S006940,South India,Smart TV,Standard,2024-02-18,,399
S006941,Karnataka,Mobile,Basic,2024-01-27,,199
S006942,West India,Smart TV,Standard,2024-06-10,,399
S006943,South India,Smart TV,Basic,2024-02-11,,199
S006944,Maharashtra,Smart TV,Premium,2024-10-29,,699
S006945,East India,Tablet,Basic,2024-08-05,,199
S006946,Maharashtra,Tablet,Standard,2024-12-28,2025-02-07,399
S006947,East India,Tablet,Premium,2024-05-24,,699
S006948,South India,Smart TV,Basic,2024-01-29,,199
S006949,North India,Smart TV,Standard,2024-08-20,,399
S006950,Maharashtra,Smart TV,Basic,2024-08-05,,199
S006951,Karnataka,Smart TV,Basic,2024-02-14,,199
S006952,Maharashtra,Desktop,Standard,2024-07-30,,399
S006953,East India,Smart TV,Premium,2024-07-19,,699
S006954,West India,Mobile,Standard,2024-09-15,,399
S006955,Maharashtra,Smart TV,Basic,2024-07-26,,199
S006956,Karnataka,Smart TV,Basic,2024-09-20,,199
S006957,East India,Mobile,Basic,2024-08-09,,199
S006958,West India,Smart TV,Basic,2024-10-17,,199
S006959,South India,Tablet,Premium,2024-09-22,,699
S006960,South India,Laptop,Basic,2024-05-19,,199
S006961,East India,Tablet,Premium,2024-05-09,,699
S006962,East India,Mobile,Basic,2024-06-15,,199
S006963,South India,Laptop,Standard,2024-07-26,,399
S006964,North India,Smart TV,Standard,2024-01-04,,399
S006965,Maharashtra,Laptop,Basic,2024-01-31,,199
S006966,West India,Tablet,Standard,2024-05-09,,399
S006967,Karnataka,Tablet,Basic,2024-11-12,,199
S006968,South India,Mobile,Basic,2024-06-05,,199
S006969,West India,Smart TV,Standard,2024-05-09,,399
S006970,North India,Tablet,Premium,2024-11-23,,699
S006971,South India,Mobile,Premium,2024-11-30,,699
S006972,Maharashtra,Laptop,Standard,2024-05-19,,399
S006973,East India,Laptop,Standard,2024-05-15,,399
S006974,Maharashtra,Smart TV,Premium,2024-08-23,,699
S006975,North India,Laptop,Basic,2024-11-12,2025-03-22,199
S006976,Karnataka,Smart TV,Standard,2024-02-19,,399
S006977,West India,Smart TV,Premium,2024-05-16,,699
S006978,Karnataka,Laptop,Standard,2024-07-17,,399
S006979,Maharashtra,Smart TV,Standard,2024-05-21,2024-08-04,399
S006980,Maharashtra,Laptop,Standard,2024-12-11,,399
S006981,West India,Mobile,Basic,2024-12-02,,199
S006982,East India,Mobile,Standard,2024-03-13,,399
S006983,West India,Smart TV,Standard,2024-06-06,,399
S006984,West India,Smart TV,Basic,2024-04-28,,199
S006985,West India,Mobile,Standard,2024-11-17,,399
S006986,Maharashtra,Mobile,Basic,2024-02-26,,199
S006987,Maharashtra,Mobile,Basic,2024-03-22,2024-06-24,199
S006988,Karnataka,Mobile,Basic,2024-05-15,,199
S006989,West India,Smart TV,Basic,2024-07-12,,199
S006990,Maharashtra,Smart TV,Standard,2024-10-13,,399
S006991,West India,Laptop,Standard,2024-04-30,,399
S006992,Karnataka,Mobile,Standard,2024-02-08,2024-05-24,399
S006993,East India,Mobile,Basic,2024-06-05,,199
S006994,South India,Desktop,Standard,2024-01-29,2024-06-06,399
S006995,Karnataka,Mobile,Basic,2024-11-28,2025-03-31,199
S006996,West India,Mobile,Basic,2024-11-16,,199
S006997,West India,Smart TV,Basic,2024-04-24,,199
S006998,Maharashtra,Smart TV,Premium,2024-01-16,,699
S006999,Karnataka,Laptop,Basic,2024-02-14,,199
S007000,East India,Laptop,Basic,2024-04-28,,199
S007001,East India,Mobile,Standard,2024-06-07,2024-10-22,399
S007002,Karnataka,Smart TV,Standard,2024-11-08,,399
S007003,North India,Mobile,Standard,2024-04-04,,399
S007004,Karnataka,Smart TV,Basic,2024-07-09,2024-09-09,199
S007005,East India,Mobile,Basic,2024-12-02,,199
S007006,North India,Mobile,Basic,2024-04-18,,199
S007007,South India,Mobile,Standard,2024-08-01,,399
S007008,Karnataka,Mobile,Standard,2024-11-18,,399
S007009,East India,Smart TV,Standard,2024-02-27,,399
S007010,West India,Laptop,Standard,2024-02-16,,399
S007011,East India,Mobile,Basic,2024-11-13,,199
S007012,South India,Laptop,Basic,2024-09-01,,199
S007013,West India,Smart TV,Basic,2024-12-18,2025-03-25,199
S007014,Karnataka,Smart TV,Basic,2024-12-13,,199
S007015,North India,Smart TV,Basic,2024-10-27,,199
S007016,Karnataka,Tablet,Premium,2024-12-25,,699
S007017,Karnataka,Mobile,Premium,2024-12-29,,699
S007018,East India,Smart TV,Premium,2024-07-19,,699
S007019,East India,Smart TV,Standard,2024-05-30,,399
S007020,South India,Mobile,Basic,2024-08-09,,199
S007021,Maharashtra,Laptop,Standard,2024-05-02,,399
S007022,East India,Laptop,Standard,2024-11-07,,399
S007023,Maharashtra,Mobile,Premium,2024-10-14,,699
S007024,North India,Tablet,Standard,2024-01-03,,399
S007025,Maharashtra,Laptop,Basic,2024-04-30,2024-08-11,199
S007026,East India,Tablet,Basic,2024-05-06,,199
S007027,East India,Smart TV,Standard,2024-02-15,,399
S007028,Maharashtra,Smart TV,Basic,2024-10-23,,199
S007029,South India,Laptop,Premium,2024-09-02,,699
S007030,Maharashtra,Mobile,Basic,2024-04-26,,199
S007031,West India,Laptop,Basic,2024-10-01,,199
S007032,North India,Smart TV,Premium,2024-03-23,2024-04-26,699
S007033,East India,Laptop,Standard,2024-02-16,,399
S007034,Maharashtra,Mobile,Basic,2024-01-08,,199
S007035,West India,Smart TV,Standard,2024-10-21,,399
S007036,Maharashtra,Smart TV,Standard,2024-08-06,2024-09-28,399
S007037,Karnataka,Mobile,Basic,2024-03-01,,199
S007038,West India,Mobile,Standard,2024-12-22,,399
S007039,North India,Mobile,Basic,2024-05-07,,199
S007040,West India,Smart TV,Basic,2024-02-11,,199
S007041,South India,Mobile,Basic,2024-05-06,,199
S007042,Karnataka,Laptop,Standard,2024-03-19,2024-06-24,399
S007043,North India,Laptop,Basic,2024-05-01,,199
S007044,Karnataka,Mobile,Premium,2024-04-22,,699
S007045,West India,Laptop,Standard,2024-02-27,,399
S007046,West India,Tablet,Standard,2024-09-02,,399
S007047,Maharashtra,Mobile,Standard,2024-07-18,,399
S007048,Karnataka,Mobile,Basic,2024-01-24,2024-03-07,199
S007049,Maharashtra,Mobile,Premium,2024-12-06,,699
S007050,East India,Smart TV,Basic,2024-01-02,2024-03-18,199
S007051,West India,Mobile,Basic,2024-01-25,,199
S007052,North India,Smart TV,Standard,2024-12-01,,399
S007053,East India,Mobile,Premium,2024-10-20,,699
S007054,North India,Mobile,Basic,2024-08-12,,199
S007055,South India,Smart TV,Standard,2024-04-01,,399
S007056,North India,Mobile,Standard,2024-11-04,,399
S007057,West India,Tablet,Premium,2024-06-24,2024-12-19,699
S007058,West India,Tablet,Basic,2024-09-24,,199
S007059,Karnataka,Tablet,Basic,2024-02-17,,199
S007060,East India,Smart TV,Basic,2024-08-21,,199
S007061,South India,Smart TV,Standard,2024-01-22,,399
S007062,North India,Mobile,Basic,2024-07-26,,199
S007063,Maharashtra,Laptop,Basic,2024-01-15,2024-06-30,199
S007064,South India,Smart TV,Basic,2024-06-12,,199
S007065,Karnataka,Laptop,Basic,2024-04-19,,199
S007066,East India,Tablet,Standard,2024-08-29,,399
S007067,South India,Smart TV,Premium,2024-01-22,,699
S007068,West India,Laptop,Basic,2024-10-27,,199
S007069,East India,Mobile,Premium,2024-04-28,,699
S007070,North India,Mobile,Premium,2024-11-07,,699
S007071,West India,Desktop,Standard,2024-05-27,,399
S007072,West India,Smart TV,Basic,2024-09-13,,199
S007073,North India,Smart TV,Basic,2024-01-10,,199
S007074,North India,Laptop,Basic,2024-01-02,,199
S007075,Karnataka,Smart TV,Premium,2024-09-10,,699
S007076,West India,Mobile,Basic,2024-09-06,2024-10-14,199
S007077,West India,Mobile,Premium,2024-11-14,2025-04-30,699
S007078,North India,Tablet,Premium,2024-02-28,2024-07-22,699
S007079,South India,Mobile,Premium,2024-07-16,,699
S007080,West India,Smart TV,Standard,2024-06-09,,399
S007081,South India,Mobile,Basic,2024-10-04,2025-01-22,199
S007082,North India,Smart TV,Basic,2024-03-03,,199
S007083,North India,Mobile,Basic,2024-12-26,,199
S007084,Maharashtra,Tablet,Basic,2024-11-10,,199
S007085,Maharashtra,Mobile,Premium,2024-03-16,,699
S007086,East India,Smart TV,Basic,2024-12-21,,199
S007087,East India,Laptop,Premium,2024-07-23,2024-12-02,699
S007088,North India,Mobile,Basic,2024-05-20,,199
S007089,Karnataka,Laptop,Basic,2024-03-21,,199
S007090,West India,Smart TV,Basic,2024-04-06,,199
S007091,West India,Tablet,Standard,2024-09-07,,399
S007092,North India,Laptop,Premium,2024-05-19,,699
S007093,East India,Laptop,Basic,2024-01-10,,199
S007094,Karnataka,Laptop,Basic,2024-10-20,,199
S007095,Karnataka,Laptop,Standard,2024-03-21,2024-06-06,399
S007096,South India,Mobile,Premium,2024-04-08,,699
S007097,North India,Mobile,Basic,2024-04-12,,199
S007098,West India,Mobile,Basic,2024-06-18,2024-09-06,199
S007099,Karnataka,Smart TV,Premium,2024-08-05,2024-09-16,699
S007100,West India,Tablet,Premium,2024-07-05,,699
S007101,North India,Smart TV,Premium,2024-02-10,,699
S007102,Maharashtra,Smart TV,Basic,2024-10-10,,199
S007103,Maharashtra,Mobile,Basic,2024-09-26,,199
S007104,North India,Smart TV,Premium,2024-01-13,,699
S007105,South India,Mobile,Basic,2024-03-11,,199
S007106,Karnataka,Mobile,Standard,2024-12-10,,399
S007107,South India,Mobile,Basic,2024-01-12,,199
S007108,East India,Mobile,Basic,2024-01-10,,199
S007109,Karnataka,Laptop,Standard,2024-12-28,,399
S007110,North India,Smart TV,Basic,2024-02-17,,199
S007111,South India,Smart TV,Standard,2024-04-30,2024-06-27,399
S007112,West India,Mobile,Basic,2024-06-29,,199
S007113,West India,Laptop,Standard,2024-09-03,,399
S007114,South India,Smart TV,Basic,2024-12-05,2025-04-27,199
S007115,North India,Smart TV,Standard,2024-04-14,,399
S007116,South India,Smart TV,Premium,2024-04-01,,699
S007117,East India,Tablet,Standard,2024-03-28,2024-05-26,399
S007118,Maharashtra,Mobile,Basic,2024-06-25,,199
S007119,Maharashtra,Smart TV,Basic,2024-03-22,,199
S007120,South India,Mobile,Standard,2024-01-27,,399
S007121,Karnataka,Mobile,Standard,2024-11-02,,399
S007122,East India,Laptop,Basic,2024-02-16,,199
S007123,East India,Smart TV,Premium,2024-01-14,,699
S007124,East India,Smart TV,Premium,2024-02-08,,699
S007125,North India,Mobile,Basic,2024-01-31,2024-05-16,199
S007126,Karnataka,Mobile,Standard,2024-04-06,,399
S007127,East India,Mobile,Standard,2024-03-30,2024-04-29,399
S007128,Maharashtra,Mobile,Premium,2024-10-12,,699
S007129,Maharashtra,Smart TV,Premium,2024-12-22,2025-05-07,699
S007130,West India,Mobile,Premium,2024-11-07,2025-04-06,699
S007131,West India,Smart TV,Premium,2024-05-14,,699
S007132,Karnataka,Smart TV,Standard,2024-09-16,2025-02-01,399
S007133,Karnataka,Mobile,Basic,2024-03-10,,199
S007134,East India,Laptop,Basic,2024-07-25,,199
S007135,South India,Mobile,Basic,2024-04-11,,199
S007136,North India,Tablet,Standard,2024-08-07,,399
S007137,West India,Laptop,Basic,2024-05-06,,199
S007138,Maharashtra,Tablet,Standard,2024-03-24,,399
S007139,South India,Laptop,Premium,2024-02-04,,699
S007140,East India,Laptop,Basic,2024-12-07,,199
S007141,West India,Laptop,Basic,2024-05-22,,199
S007142,West India,Smart TV,Standard,2024-04-12,,399
S007143,South India,Mobile,Basic,2024-09-24,,199
S007144,Maharashtra,Laptop,Standard,2024-12-26,2025-03-17,399
S007145,West India,Tablet,Basic,2024-12-21,2025-03-10,199
S007146,East India,Laptop,Standard,2024-05-01,,399
S007147,Maharashtra,Tablet,Standard,2024-10-25,,399
S007148,North India,Mobile,Standard,2024-08-05,,399
S007149,Maharashtra,Laptop,Standard,2024-10-16,,399
S007150,Maharashtra,Laptop,Basic,2024-11-01,2025-04-10,199
S007151,East India,Smart TV,Premium,2024-12-19,,699
S007152,Maharashtra,Mobile,Premium,2024-01-13,,699
S007153,Maharashtra,Laptop,Premium,2024-01-10,2024-04-09,699
S007154,Karnataka,Mobile,Basic,2024-01-18,,199
S007155,Maharashtra,Smart TV,Standard,2024-07-11,,399
S007156,South India,Mobile,Standard,2024-05-10,,399
S007157,Karnataka,Laptop,Standard,2024-11-07,,399
S007158,South India,Smart TV,Standard,2024-11-29,,399
S007159,East India,Mobile,Standard,2024-04-22,,399
S007160,West India,Mobile,Premium,2024-05-15,,699
S007161,East India,Laptop,Basic,2024-07-07,,199
S007162,North India,Smart TV,Basic,2024-05-09,,199
S007163,West India,Tablet,Standard,2024-01-20,,399
S007164,Karnataka,Desktop,Basic,2024-09-01,2024-11-27,199
S007165,Karnataka,Mobile,Premium,2024-05-18,2024-11-02,699
S007166,North India,Mobile,Standard,2024-06-26,,399
S007167,Maharashtra,Mobile,Basic,2024-02-10,,199
S007168,Karnataka,Mobile,Basic,2024-12-11,,199
S007169,South India,Tablet,Premium,2024-03-26,,699
S007170,South India,Tablet,Standard,2024-08-27,,399
S007171,North India,Mobile,Standard,2024-05-31,,399
S007172,Maharashtra,Mobile,Standard,2024-08-29,,399
S007173,East India,Mobile,Basic,2024-05-17,,199
S007174,West India,Laptop,Basic,2024-04-14,,199
S007175,South India,Mobile,Basic,2024-05-05,,199
S007176,Karnataka,Mobile,Basic,2024-02-20,,199
S007177,West India,Smart TV,Standard,2024-02-06,,399
S007178,South India,Smart TV,Standard,2024-12-09,,399
S007179,West India,Laptop,Premium,2024-09-20,,699
S007180,North India,Laptop,Premium,2024-10-22,,699
S007181,South India,Smart TV,Premium,2024-11-01,,699
S007182,North India,Mobile,Standard,2024-04-07,,399
S007183,West India,Laptop,Standard,2024-03-20,,399
S007184,East India,Laptop,Premium,2024-09-11,,699
S007185,West India,Laptop,Premium,2024-03-18,,699
S007186,East India,Smart TV,Premium,2024-08-21,,699
S007187,Karnataka,Smart TV,Basic,2024-06-16,,199
S007188,Karnataka,Laptop,Basic,2024-05-14,,199
S007189,South India,Mobile,Premium,2024-04-12,,699
S007190,Maharashtra,Smart TV,Basic,2024-11-14,,199
S007191,North India,Mobile,Standard,2024-12-24,,399
S007192,West India,Laptop,Basic,2024-03-25,,199
S007193,East India,Mobile,Standard,2024-02-04,,399
S007194,East India,Smart TV,Standard,2024-06-13,2024-08-18,399
S007195,South India,Mobile,Premium,2024-02-17,2024-07-01,699
S007196,Maharashtra,Tablet,Premium,2024-08-12,,699
S007197,West India,Laptop,Basic,2024-02-25,,199
S007198,Karnataka,Smart TV,Premium,2024-06-28,,699
S007199,Maharashtra,Mobile,Standard,2024-05-18,,399
S007200,Karnataka,Laptop,Basic,2024-07-15,,199
S007201,West India,Smart TV,Premium,2024-12-18,2025-03-17,699
S007202,Maharashtra,Smart TV,Standard,2024-12-18,,399
S007203,West India,Mobile,Basic,2024-05-23,,199
S007204,West India,Mobile,Basic,2024-09-27,2025-03-05,199
S007205,North India,Laptop,Basic,2024-07-15,,199
S007206,West India,Mobile,Basic,2024-04-18,,199
S007207,West India,Smart TV,Standard,2024-02-22,,399
S007208,East India,Smart TV,Basic,2024-10-12,,199
S007209,West India,Laptop,Standard,2024-08-17,,399
S007210,West India,Smart TV,Standard,2024-05-19,,399
S007211,West India,Smart TV,Premium,2024-05-21,2024-11-16,699
S007212,South India,Smart TV,Premium,2024-11-15,,699
S007213,South India,Mobile,Basic,2024-08-21,,199
S007214,South India,Mobile,Premium,2024-03-25,,699
S007215,Maharashtra,Tablet,Basic,2024-09-25,,199
S007216,South India,Smart TV,Basic,2024-03-23,,199
S007217,West India,Mobile,Standard,2024-06-02,,399
S007218,North India,Mobile,Basic,2024-07-31,,199
S007219,Karnataka,Smart TV,Basic,2024-10-17,,199
S007220,East India,Mobile,Standard,2024-06-07,,399
S007221,East India,Tablet,Premium,2024-08-24,,699
S007222,Karnataka,Mobile,Basic,2024-04-01,,199
S007223,North India,Smart TV,Premium,2024-08-13,,699
S007224,Karnataka,Smart TV,Premium,2024-02-10,,699
S007225,Maharashtra,Tablet,Basic,2024-02-26,2024-07-21,199
S007226,South India,Laptop,Standard,2024-11-27,,399
S007227,West India,Mobile,Standard,2024-06-03,,399
S007228,South India,Laptop,Basic,2024-02-18,2024-03-23,199
S007229,East India,Smart TV,Premium,2024-11-18,,699
S007230,West India,Mobile,Premium,2024-09-15,,699
S007231,East India,Mobile,Premium,2024-04-02,,699
S007232,South India,Smart TV,Basic,2024-01-11,,199
S007233,East India,Smart TV,Standard,2024-11-13,2025-05-04,399
S007234,North India,Tablet,Basic,2024-11-18,2025-02-10,199
S007235,East India,Mobile,Basic,2024-09-26,,199
S007236,Maharashtra,Smart TV,Premium,2024-12-14,,699
S007237,North India,Tablet,Basic,2024-07-10,,199
S007238,Maharashtra,Smart TV,Premium,2024-04-11,,699
S007239,North India,Mobile,Standard,2024-04-16,,399
S007240,North India,Laptop,Standard,2024-01-02,,399
S007241,Maharashtra,Tablet,Basic,2024-03-05,,199
S007242,East India,Mobile,Standard,2024-12-15,,399
S007243,West India,Tablet,Standard,2024-09-30,,399
S007244,Maharashtra,Laptop,Premium,2024-05-23,,699
S007245,Maharashtra,Smart TV,Standard,2024-01-30,,399
S007246,East India,Smart TV,Basic,2024-06-23,,199
S007247,South India,Laptop,Standard,2024-05-29,,399
S007248,West India,Laptop,Basic,2024-10-09,2025-03-08,199
S007249,Maharashtra,Desktop,Premium,2024-04-06,,699
S007250,Karnataka,Mobile,Premium,2024-01-31,,699
S007251,East India,Smart TV,Basic,2024-01-12,,199
S007252,Karnataka,Smart TV,Basic,2024-08-08,,199
S007253,Karnataka,Smart TV,Basic,2024-09-16,2024-12-04,199
S007254,West India,Mobile,Standard,2024-01-04,,399
S007255,South India,Smart TV,Basic,2024-02-20,,199
S007256,North India,Tablet,Basic,2024-10-02,,199
S007257,South India,Smart TV,Premium,2024-03-19,2024-09-05,699
S007258,West India,Mobile,Basic,2024-08-13,,199
S007259,East India,Mobile,Standard,2024-10-05,,399
S007260,East India,Smart TV,Basic,2024-07-20,,199
S007261,East India,Laptop,Basic,2024-05-20,,199
S007262,South India,Smart TV,Basic,2024-09-12,,199
S007263,North India,Mobile,Basic,2024-03-16,2024-06-19,199
S007264,North India,Laptop,Basic,2024-11-02,,199
S007265,Maharashtra,Smart TV,Standard,2024-08-29,,399
S007266,East India,Tablet,Basic,2024-12-20,,199
S007267,Karnataka,Mobile,Basic,2024-08-03,,199
S007268,Karnataka,Mobile,Basic,2024-04-13,2024-08-27,199
S007269,West India,Mobile,Standard,2024-11-28,,399
S007270,East India,Laptop,Standard,2024-04-26,,399
S007271,Karnataka,Laptop,Basic,2024-05-13,,199
S007272,South India,Laptop,Basic,2024-12-05,,199
S007273,Maharashtra,Tablet,Premium,2024-04-28,,699
S007274,East India,Mobile,Basic,2024-07-03,,199
S007275,West India,Tablet,Basic,2024-12-17,,199
S007276,West India,Smart TV,Basic,2024-05-30,,199
S007277,South India,Mobile,Basic,2024-04-15,2024-09-24,199
S007278,East India,Tablet,Basic,2024-01-16,,199
S007279,East India,Desktop,Standard,2024-08-30,,399
S007280,East India,Smart TV,Basic,2024-05-02,,199
S007281,East India,Mobile,Basic,2024-05-25,2024-06-26,199
S007282,South India,Mobile,Standard,2024-12-13,2025-05-09,399
S007283,North India,Smart TV,Basic,2024-07-11,,199
S007284,North India,Smart TV,Standard,2024-01-22,,399
S007285,South India,Mobile,Standard,2024-02-07,,399
S007286,South India,Mobile,Basic,2024-02-06,,199
S007287,North India,Mobile,Basic,2024-07-09,,199
S007288,North India,Smart TV,Basic,2024-11-14,,199
S007289,Karnataka,Smart TV,Standard,2024-01-24,2024-03-16,399
S007290,South India,Tablet,Basic,2024-02-13,,199
S007291,West India,Mobile,Standard,2024-07-31,,399
S007292,East India,Mobile,Basic,2024-10-27,2024-12-25,199
S007293,Karnataka,Mobile,Basic,2024-06-27,,199
S007294,Karnataka,Tablet,Premium,2024-04-15,,699
S007295,Karnataka,Mobile,Basic,2024-08-08,,199
S007296,Karnataka,Laptop,Premium,2024-08-18,,699
S007297,North India,Laptop,Premium,2024-01-30,,699
S007298,East India,Smart TV,Basic,2024-02-02,,199
S007299,Karnataka,Smart TV,Premium,2024-08-02,,699
S007300,East India,Mobile,Standard,2024-06-23,,399
S007301,Karnataka,Mobile,Basic,2024-07-06,,199
S007302,West India,Mobile,Standard,2024-05-03,,399
S007303,East India,Smart TV,Premium,2024-06-23,,699
S007304,North India,Mobile,Standard,2024-01-13,,399
S007305,North India,Mobile,Premium,2024-12-19,,699
S007306,North India,Laptop,Basic,2024-03-21,2024-07-11,199
S007307,East India,Desktop,Standard,2024-12-07,2025-05-30,399
S007308,North India,Smart TV,Basic,2024-07-29,,199
S007309,Karnataka,Smart TV,Basic,2024-04-02,,199
S007310,Maharashtra,Mobile,Basic,2024-06-14,2024-12-07,199
S007311,East India,Laptop,Premium,2024-11-13,,699
S007312,South India,Smart TV,Standard,2024-07-09,,399
S007313,South India,Smart TV,Premium,2024-03-17,,699
S007314,East India,Laptop,Standard,2024-02-02,,399
S007315,West India,Mobile,Basic,2024-12-23,2025-03-08,199
S007316,Karnataka,Laptop,Basic,2024-10-02,,199
S007317,Maharashtra,Mobile,Standard,2024-11-12,,399
S007318,South India,Tablet,Premium,2024-06-07,,699
S007319,North India,Mobile,Basic,2024-07-01,,199
S007320,West India,Mobile,Standard,2024-07-11,2024-10-02,399
S007321,East India,Mobile,Premium,2024-11-17,,699
S007322,East India,Smart TV,Basic,2024-11-19,,199
S007323,South India,Smart TV,Standard,2024-01-30,,399
S007324,West India,Tablet,Standard,2024-03-03,2024-06-21,399
S007325,West India,Smart TV,Premium,2024-07-06,,699
S007326,South India,Smart TV,Premium,2024-04-08,,699
S007327,West India,Mobile,Basic,2024-05-29,,199
S007328,West India,Mobile,Standard,2024-01-23,2024-02-29,399
S007329,West India,Mobile,Standard,2024-09-13,,399
S007330,North India,Mobile,Standard,2024-05-31,,399
S007331,South India,Smart TV,Standard,2024-11-10,,399
S007332,West India,Smart TV,Basic,2024-10-02,,199
S007333,East India,Mobile,Premium,2024-12-03,,699
S007334,Karnataka,Desktop,Basic,2024-11-01,,199
S007335,West India,Laptop,Basic,2024-01-25,,199
S007336,North India,Smart TV,Basic,2024-09-24,2024-11-28,199
S007337,South India,Mobile,Standard,2024-11-15,,399
S007338,East India,Laptop,Premium,2024-03-29,2024-09-13,699
S007339,East India,Mobile,Standard,2024-11-29,,399
S007340,West India,Smart TV,Basic,2024-06-03,,199
S007341,North India,Smart TV,Premium,2024-03-31,,699
S007342,East India,Laptop,Premium,2024-01-28,,699
S007343,Karnataka,Mobile,Standard,2024-08-01,2025-01-20,399
S007344,East India,Smart TV,Basic,2024-05-09,,199
S007345,South India,Desktop,Standard,2024-11-27,,399
S007346,North India,Smart TV,Standard,2024-11-14,,399
S007347,Maharashtra,Mobile,Basic,2024-12-18,,199
S007348,East India,Laptop,Basic,2024-10-24,,199
S007349,South India,Mobile,Standard,2024-08-10,2024-12-22,399
S007350,Maharashtra,Laptop,Basic,2024-04-23,,199
S007351,Maharashtra,Laptop,Basic,2024-04-16,,199
S007352,East India,Mobile,Basic,2024-08-26,,199
S007353,South India,Smart TV,Standard,2024-10-06,,399
S007354,West India,Smart TV,Basic,2024-04-30,,199
S007355,Karnataka,Smart TV,Standard,2024-01-13,,399
S007356,Maharashtra,Smart TV,Standard,2024-09-13,,399
S007357,Maharashtra,Desktop,Premium,2024-06-19,2024-10-29,699
S007358,Karnataka,Laptop,Basic,2024-05-14,,199
S007359,South India,Mobile,Basic,2024-07-14,,199
S007360,South India,Mobile,Standard,2024-07-27,,399
S007361,South India,Mobile,Standard,2024-01-22,,399
S007362,Maharashtra,Mobile,Standard,2024-08-16,,399
S007363,Maharashtra,Smart TV,Standard,2024-07-03,,399
S007364,South India,Laptop,Standard,2024-09-27,,399
S007365,East India,Smart TV,Standard,2024-05-28,,399
S007366,Karnataka,Smart TV,Standard,2024-08-31,,399
S007367,Karnataka,Mobile,Standard,2024-04-19,,399
S007368,East India,Tablet,Premium,2024-06-24,,699
S007369,West India,Mobile,Standard,2024-05-15,,399
S007370,Maharashtra,Mobile,Standard,2024-12-07,,399
S007371,South India,Smart TV,Standard,2024-03-09,,399
S007372,North India,Mobile,Premium,2024-11-05,2025-02-08,699
S007373,West India,Mobile,Basic,2024-01-02,2024-06-03,199
S007374,South India,Mobile,Basic,2024-09-23,,199
S007375,Karnataka,Laptop,Basic,2024-04-27,2024-07-26,199
S007376,South India,Smart TV,Standard,2024-07-28,,399
S007377,East India,Mobile,Basic,2024-03-28,,199
S007378,Maharashtra,Laptop,Basic,2024-08-21,2024-11-15,199
S007379,Karnataka,Mobile,Standard,2024-06-21,,399
S007380,North India,Mobile,Basic,2024-08-12,,199
S007381,Maharashtra,Mobile,Basic,2024-10-08,,199
S007382,West India,Smart TV,Basic,2024-10-11,,199
S007383,East India,Smart TV,Standard,2024-01-21,,399
S007384,East India,Smart TV,Premium,2024-02-11,,699
S007385,Karnataka,Laptop,Standard,2024-08-19,,399
S007386,North India,Laptop,Basic,2024-11-09,,199
S007387,Karnataka,Desktop,Basic,2024-01-27,,199
S007388,West India,Tablet,Basic,2024-02-03,2024-06-24,199
S007389,Maharashtra,Smart TV,Standard,2024-02-14,,399
S007390,Karnataka,Smart TV,Basic,2024-10-05,2025-01-05,199
S007391,East India,Tablet,Standard,2024-03-19,,399
S007392,Karnataka,Smart TV,Premium,2024-09-29,,699
S007393,Maharashtra,Mobile,Basic,2024-11-26,2025-03-22,199
S007394,Karnataka,Smart TV,Basic,2024-10-09,,199
S007395,Maharashtra,Mobile,Standard,2024-10-08,,399
S007396,East India,Mobile,Premium,2024-08-21,,699
S007397,East India,Laptop,Basic,2024-06-21,,199
S007398,West India,Mobile,Basic,2024-07-27,,199
S007399,Karnataka,Tablet,Basic,2024-02-13,,199
S007400,Karnataka,Smart TV,Basic,2024-08-25,,199
S007401,North India,Mobile,Basic,2024-10-20,,199
S007402,Maharashtra,Desktop,Basic,2024-10-24,,199
S007403,South India,Smart TV,Standard,2024-10-06,,399
S007404,Karnataka,Laptop,Premium,2024-03-01,,699
S007405,West India,Mobile,Basic,2024-11-13,2025-01-08,199
S007406,Karnataka,Smart TV,Basic,2024-03-14,,199
S007407,South India,Smart TV,Standard,2024-12-27,,399
S007408,Maharashtra,Mobile,Premium,2024-09-09,,699
S007409,Karnataka,Mobile,Basic,2024-01-07,,199
S007410,West India,Smart TV,Standard,2024-02-14,,399
S007411,West India,Mobile,Basic,2024-04-02,,199
S007412,East India,Mobile,Basic,2024-11-22,,199
S007413,South India,Laptop,Basic,2024-12-04,,199
S007414,South India,Smart TV,Standard,2024-05-09,2024-08-20,399
S007415,East India,Smart TV,Standard,2024-09-14,2024-11-25,399
S007416,Maharashtra,Tablet,Basic,2024-01-01,,199
S007417,Maharashtra,Mobile,Standard,2024-03-03,2024-07-05,399
S007418,East India,Laptop,Basic,2024-05-18,,199
S007419,Maharashtra,Smart TV,Standard,2024-09-12,,399
S007420,Karnataka,Desktop,Premium,2024-08-24,,699
S007421,West India,Smart TV,Basic,2024-07-08,,199
S007422,East India,Mobile,Premium,2024-12-26,,699
S007423,Maharashtra,Mobile,Standard,2024-12-22,2025-04-17,399
S007424,Maharashtra,Laptop,Basic,2024-03-04,,199
S007425,Maharashtra,Mobile,Basic,2024-07-26,,199
S007426,Karnataka,Tablet,Premium,2024-10-06,,699
S007427,West India,Mobile,Standard,2024-01-30,,399
S007428,North India,Laptop,Standard,2024-07-19,,399
S007429,South India,Smart TV,Basic,2024-01-08,,199
S007430,North India,Smart TV,Standard,2024-08-17,,399
S007431,East India,Smart TV,Standard,2024-03-16,,399
S007432,East India,Mobile,Basic,2024-01-17,,199
S007433,Maharashtra,Mobile,Standard,2024-03-21,,399
S007434,Karnataka,Laptop,Basic,2024-12-28,,199
S007435,West India,Smart TV,Basic,2024-08-25,,199
S007436,Karnataka,Tablet,Basic,2024-08-23,2025-01-18,199
S007437,South India,Laptop,Standard,2024-03-19,,399
S007438,North India,Mobile,Basic,2024-02-29,2024-05-16,199
S007439,West India,Smart TV,Standard,2024-01-08,,399
S007440,Maharashtra,Mobile,Premium,2024-07-05,,699
S007441,South India,Tablet,Standard,2024-08-05,,399
S007442,East India,Smart TV,Standard,2024-11-19,,399
S007443,East India,Tablet,Basic,2024-04-26,,199
S007444,North India,Mobile,Premium,2024-04-10,2024-06-03,699
S007445,Karnataka,Laptop,Basic,2024-08-12,,199
S007446,South India,Tablet,Basic,2024-03-11,,199
S007447,West India,Smart TV,Basic,2024-03-16,,199
S007448,North India,Smart TV,Basic,2024-09-15,,199
S007449,Maharashtra,Mobile,Standard,2024-10-22,2025-04-06,399
S007450,Maharashtra,Desktop,Basic,2024-11-13,,199
S007451,Maharashtra,Mobile,Premium,2024-06-18,,699
S007452,West India,Mobile,Premium,2024-05-01,,699
S007453,North India,Mobile,Standard,2024-01-30,,399
S007454,Karnataka,Desktop,Premium,2024-05-09,,699
S007455,Maharashtra,Smart TV,Basic,2024-01-31,,199
S007456,North India,Smart TV,Basic,2024-07-03,,199
S007457,Maharashtra,Smart TV,Premium,2024-11-13,,699
S007458,North India,Smart TV,Basic,2024-04-30,2024-09-02,199
S007459,Maharashtra,Smart TV,Basic,2024-11-09,2025-03-17,199
S007460,North India,Mobile,Basic,2024-01-12,2024-05-08,199
S007461,South India,Smart TV,Standard,2024-05-09,,399
S007462,North India,Laptop,Basic,2024-01-05,,199
S007463,West India,Tablet,Premium,2024-08-26,,699
S007464,West India,Smart TV,Standard,2024-11-23,,399
S007465,Maharashtra,Laptop,Premium,2024-01-11,,699
S007466,South India,Mobile,Standard,2024-05-02,,399
S007467,West India,Smart TV,Basic,2024-07-08,,199
S007468,South India,Mobile,Premium,2024-09-21,,699
S007469,East India,Laptop,Standard,2024-12-19,,399
S007470,East India,Mobile,Standard,2024-12-28,,399
S007471,South India,Mobile,Standard,2024-09-28,2024-11-11,399
S007472,South India,Desktop,Basic,2024-12-15,2025-03-22,199
S007473,East India,Smart TV,Basic,2024-09-13,,199
S007474,Maharashtra,Desktop,Standard,2024-08-25,2024-12-15,399
S007475,Maharashtra,Smart TV,Basic,2024-02-27,2024-07-06,199
S007476,North India,Tablet,Standard,2024-09-23,,399
S007477,Maharashtra,Smart TV,Premium,2024-04-09,,699
S007478,North India,Mobile,Premium,2024-07-17,,699
S007479,Maharashtra,Tablet,Basic,2024-08-17,2025-01-11,199
S007480,West India,Mobile,Basic,2024-11-16,,199
S007481,North India,Mobile,Premium,2024-01-14,,699
S007482,North India,Smart TV,Premium,2024-05-08,,699
S007483,East India,Smart TV,Basic,2024-07-08,,199
S007484,West India,Smart TV,Premium,2024-10-25,,699
S007485,West India,Laptop,Basic,2024-01-13,,199
S007486,South India,Laptop,Premium,2024-03-06,,699
S007487,South India,Mobile,Basic,2024-07-23,,199
S007488,Maharashtra,Mobile,Standard,2024-05-11,,399
S007489,Karnataka,Smart TV,Basic,2024-06-10,2024-09-15,199
S007490,Maharashtra,Smart TV,Standard,2024-09-04,,399
S007491,West India,Mobile,Premium,2024-10-21,,699
S007492,South India,Mobile,Standard,2024-06-14,,399
S007493,East India,Smart TV,Basic,2024-08-08,,199
S007494,Karnataka,Mobile,Basic,2024-04-15,2024-05-24,199
S007495,South India,Tablet,Premium,2024-10-11,,699
S007496,Karnataka,Smart TV,Standard,2024-02-04,,399
S007497,South India,Tablet,Standard,2024-12-15,2025-05-03,399
S007498,Karnataka,Mobile,Standard,2024-11-27,,399
S007499,West India,Mobile,Standard,2024-12-27,,399
S007500,West India,Mobile,Standard,2024-08-05,,399
S007501,West India,Smart TV,Basic,2024-02-02,,199
S007502,West India,Mobile,Basic,2024-08-14,,199
S007503,Maharashtra,Smart TV,Basic,2024-07-17,2024-12-29,199
S007504,Maharashtra,Laptop,Basic,2024-07-25,,199
S007505,South India,Desktop,Premium,2024-10-01,,699
S007506,Maharashtra,Mobile,Basic,2024-09-07,,199
S007507,Karnataka,Tablet,Basic,2024-03-31,,199
S007508,East India,Mobile,Standard,2024-12-06,,399
S007509,East India,Smart TV,Standard,2024-01-14,,399
S007510,South India,Laptop,Standard,2024-11-13,,399
S007511,Karnataka,Mobile,Standard,2024-06-28,,399
S007512,South India,Desktop,Premium,2024-09-25,2024-11-15,699
S007513,East India,Tablet,Premium,2024-09-30,,699
S007514,West India,Mobile,Premium,2024-10-04,,699
S007515,South India,Smart TV,Standard,2024-06-22,,399
S007516,Karnataka,Smart TV,Basic,2024-08-13,,199
S007517,West India,Mobile,Basic,2024-09-01,,199
S007518,North India,Mobile,Standard,2024-02-23,,399
S007519,West India,Mobile,Basic,2024-09-08,2024-11-15,199
S007520,East India,Laptop,Premium,2024-03-23,,699
S007521,Karnataka,Mobile,Premium,2024-08-05,,699
S007522,North India,Smart TV,Standard,2024-02-21,2024-05-01,399
S007523,North India,Mobile,Basic,2024-01-02,2024-03-22,199
S007524,West India,Tablet,Basic,2024-09-18,,199
S007525,East India,Smart TV,Standard,2024-11-14,,399
S007526,East India,Smart TV,Standard,2024-02-05,,399
S007527,South India,Smart TV,Basic,2024-06-14,,199
S007528,North India,Mobile,Standard,2024-10-19,2025-01-23,399
S007529,Karnataka,Mobile,Premium,2024-11-22,,699
S007530,Maharashtra,Tablet,Basic,2024-11-21,,199
S007531,South India,Mobile,Basic,2024-11-18,,199
S007532,Karnataka,Tablet,Basic,2024-05-24,,199
S007533,West India,Mobile,Basic,2024-08-12,,199
S007534,South India,Tablet,Standard,2024-01-08,,399
S007535,Maharashtra,Tablet,Standard,2024-01-23,,399
S007536,Maharashtra,Desktop,Standard,2024-12-01,,399
S007537,East India,Smart TV,Basic,2024-03-25,,199
S007538,South India,Tablet,Standard,2024-05-20,,399
S007539,Maharashtra,Laptop,Standard,2024-03-26,,399
S007540,Karnataka,Smart TV,Standard,2024-07-03,,399
S007541,Maharashtra,Tablet,Basic,2024-08-11,,199
S007542,South India,Smart TV,Premium,2024-12-10,,699
S007543,South India,Desktop,Basic,2024-09-21,,199
S007544,North India,Mobile,Basic,2024-08-16,,199
S007545,South India,Laptop,Basic,2024-02-06,,199
S007546,Maharashtra,Laptop,Premium,2024-09-07,,699
S007547,Karnataka,Tablet,Standard,2024-07-14,2024-09-04,399
S007548,Maharashtra,Mobile,Basic,2024-08-29,,199
S007549,South India,Laptop,Standard,2024-02-15,2024-03-28,399
S007550,East India,Smart TV,Basic,2024-02-12,,199
S007551,West India,Smart TV,Standard,2024-04-06,,399
S007552,Maharashtra,Laptop,Standard,2024-07-27,2024-12-27,399
S007553,Karnataka,Laptop,Basic,2024-08-03,,199
S007554,West India,Laptop,Standard,2024-06-17,2024-11-28,399
S007555,North India,Mobile,Standard,2024-10-06,,399
S007556,South India,Laptop,Basic,2024-04-14,2024-07-23,199
S007557,North India,Laptop,Premium,2024-05-19,,699
S007558,Maharashtra,Smart TV,Basic,2024-08-28,,199
S007559,Karnataka,Mobile,Basic,2024-01-27,,199
S007560,Karnataka,Smart TV,Basic,2024-12-14,2025-04-06,199
S007561,East India,Smart TV,Basic,2024-01-04,,199
S007562,Maharashtra,Mobile,Basic,2024-03-09,,199
S007563,East India,Smart TV,Standard,2024-11-15,2025-04-20,399
S007564,Maharashtra,Mobile,Basic,2024-04-24,,199
S007565,Karnataka,Laptop,Basic,2024-06-30,,199
S007566,Maharashtra,Smart TV,Basic,2024-05-24,,199
S007567,West India,Tablet,Basic,2024-12-10,2025-05-16,199
S007568,West India,Mobile,Standard,2024-07-28,,399
S007569,South India,Laptop,Standard,2024-08-24,,399
S007570,South India,Smart TV,Basic,2024-02-23,,199
S007571,West India,Smart TV,Basic,2024-04-19,,199
S007572,South India,Laptop,Basic,2024-11-20,,199
S007573,East India,Tablet,Standard,2024-05-29,,399
S007574,East India,Mobile,Basic,2024-10-27,,199
S007575,North India,Smart TV,Basic,2024-12-18,,199
S007576,East India,Mobile,Standard,2024-11-20,,399
S007577,South India,Mobile,Basic,2024-02-24,,199
S007578,West India,Mobile,Premium,2024-10-10,2025-03-08,699
S007579,Maharashtra,Laptop,Standard,2024-08-31,,399
S007580,South India,Desktop,Premium,2024-09-02,,699
S007581,Karnataka,Smart TV,Standard,2024-03-05,,399
S007582,East India,Mobile,Standard,2024-10-10,,399
S007583,South India,Mobile,Premium,2024-11-23,,699
S007584,South India,Tablet,Premium,2024-12-26,,699
S007585,Karnataka,Laptop,Standard,2024-01-29,,399
S007586,East India,Smart TV,Standard,2024-11-22,,399
S007587,South India,Mobile,Basic,2024-12-03,,199
S007588,East India,Mobile,Basic,2024-08-17,2024-10-03,199
S007589,South India,Mobile,Basic,2024-05-22,,199
S007590,North India,Laptop,Premium,2024-01-15,,699
S007591,South India,Mobile,Basic,2024-02-02,,199
S007592,West India,Smart TV,Premium,2024-07-30,,699
S007593,West India,Mobile,Standard,2024-12-19,,399
S007594,East India,Tablet,Basic,2024-04-15,,199
S007595,North India,Smart TV,Basic,2024-07-31,,199
S007596,East India,Smart TV,Premium,2024-10-10,,699
S007597,West India,Mobile,Premium,2024-06-02,,699
S007598,South India,Smart TV,Standard,2024-06-23,,399
S007599,West India,Tablet,Basic,2024-07-08,,199
S007600,South India,Mobile,Standard,2024-11-16,,399
S007601,Karnataka,Smart TV,Premium,2024-03-21,,699
S007602,Karnataka,Smart TV,Basic,2024-01-08,,199
S007603,Maharashtra,Mobile,Basic,2024-10-13,2025-02-06,199
S007604,Karnataka,Mobile,Basic,2024-03-09,,199
S007605,Maharashtra,Laptop,Basic,2024-09-16,,199
S007606,Maharashtra,Smart TV,Basic,2024-01-05,,199
S007607,West India,Mobile,Basic,2024-03-05,,199
S007608,West India,Mobile,Basic,2024-01-15,,199
S007609,Karnataka,Smart TV,Basic,2024-07-01,,199
S007610,East India,Smart TV,Basic,2024-02-29,,199
S007611,North India,Mobile,Basic,2024-12-02,,199
S007612,North India,Smart TV,Basic,2024-05-30,,199
S007613,South India,Smart TV,Premium,2024-09-03,,699
S007614,East India,Mobile,Premium,2024-12-10,,699
S007615,North India,Mobile,Premium,2024-08-17,,699
S007616,North India,Smart TV,Basic,2024-07-07,,199
S007617,West India,Smart TV,Standard,2024-05-08,,399
S007618,Maharashtra,Laptop,Standard,2024-12-30,,399
S007619,North India,Tablet,Standard,2024-08-12,,399
S007620,West India,Mobile,Basic,2024-09-15,2024-12-07,199
S007621,Maharashtra,Mobile,Basic,2024-04-28,,199
S007622,East India,Smart TV,Basic,2024-12-23,,199
S007623,West India,Mobile,Premium,2024-07-05,,699
S007624,West India,Smart TV,Basic,2024-01-11,,199
S007625,Karnataka,Laptop,Basic,2024-03-09,,199
S007626,Maharashtra,Laptop,Standard,2024-08-18,,399
S007627,Maharashtra,Mobile,Premium,2024-08-06,,699
S007628,West India,Smart TV,Basic,2024-06-17,2024-09-22,199
S007629,North India,Smart TV,Basic,2024-01-21,,199
S007630,West India,Mobile,Basic,2024-04-02,,199
S007631,West India,Mobile,Basic,2024-11-29,,199
S007632,Karnataka,Mobile,Basic,2024-10-04,,199
S007633,West India,Smart TV,Premium,2024-12-28,2025-06-09,699
S007634,East India,Smart TV,Basic,2024-04-16,2024-09-02,199
S007635,Maharashtra,Mobile,Basic,2024-03-22,,199
S007636,Karnataka,Smart TV,Standard,2024-10-09,,399
S007637,Maharashtra,Mobile,Basic,2024-07-18,,199
S007638,North India,Mobile,Basic,2024-10-12,,199
S007639,Karnataka,Laptop,Basic,2024-05-09,2024-07-06,199
S007640,South India,Smart TV,Basic,2024-08-12,2024-12-05,199
S007641,East India,Laptop,Basic,2024-04-22,,199
S007642,Maharashtra,Smart TV,Standard,2024-12-14,2025-03-09,399
S007643,North India,Smart TV,Basic,2024-03-12,,199
S007644,North India,Mobile,Premium,2024-10-18,,699
S007645,Karnataka,Laptop,Basic,2024-07-11,,199
S007646,North India,Smart TV,Premium,2024-09-12,,699
S007647,South India,Mobile,Standard,2024-09-24,,399
S007648,North India,Mobile,Basic,2024-11-29,,199
S007649,Karnataka,Mobile,Standard,2024-05-26,,399
S007650,East India,Mobile,Premium,2024-06-10,,699
S007651,Karnataka,Smart TV,Basic,2024-06-08,,199
S007652,South India,Smart TV,Basic,2024-12-17,,199
S007653,Karnataka,Mobile,Basic,2024-09-28,,199
S007654,Karnataka,Mobile,Basic,2024-11-01,,199
S007655,North India,Laptop,Premium,2024-11-17,,699
S007656,Maharashtra,Mobile,Standard,2024-12-07,,399
S007657,West India,Smart TV,Standard,2024-04-09,,399
S007658,West India,Smart TV,Basic,2024-06-15,,199
S007659,North India,Mobile,Premium,2024-11-05,,699
S007660,Karnataka,Smart TV,Basic,2024-02-04,,199
S007661,Karnataka,Mobile,Premium,2024-12-20,,699
S007662,East India,Tablet,Basic,2024-02-20,,199
S007663,North India,Laptop,Standard,2024-09-22,,399
S007664,Karnataka,Smart TV,Basic,2024-10-24,2025-01-23,199
S007665,West India,Mobile,Standard,2024-04-21,,399
S007666,Maharashtra,Mobile,Standard,2024-03-14,,399
S007667,South India,Mobile,Premium,2024-08-15,,699
S007668,Karnataka,Smart TV,Basic,2024-12-03,,199
S007669,Maharashtra,Desktop,Basic,2024-06-03,,199
S007670,East India,Tablet,Standard,2024-03-21,,399
S007671,West India,Smart TV,Basic,2024-07-30,,199
S007672,Karnataka,Desktop,Basic,2024-09-20,,199
S007673,South India,Smart TV,Standard,2024-02-18,,399
S007674,East India,Mobile,Standard,2024-04-05,,399
S007675,South India,Mobile,Basic,2024-05-27,,199
S007676,South India,Mobile,Basic,2024-06-15,,199
S007677,West India,Tablet,Basic,2024-03-15,,199
S007678,Karnataka,Smart TV,Basic,2024-04-15,,199
S007679,West India,Mobile,Basic,2024-08-28,,199
S007680,North India,Tablet,Basic,2024-08-06,,199
S007681,Karnataka,Mobile,Standard,2024-03-06,,399
S007682,West India,Smart TV,Premium,2024-03-30,,699
S007683,West India,Mobile,Premium,2024-04-27,,699
S007684,West India,Laptop,Basic,2024-04-29,,199
S007685,Maharashtra,Laptop,Premium,2024-07-29,2024-10-28,699
S007686,South India,Laptop,Standard,2024-06-15,,399
S007687,East India,Smart TV,Basic,2024-06-04,,199
S007688,West India,Laptop,Basic,2024-02-20,,199
S007689,East India,Mobile,Basic,2024-01-09,,199
S007690,Maharashtra,Tablet,Basic,2024-06-18,2024-12-03,199
S007691,South India,Laptop,Premium,2024-01-20,,699
S007692,North India,Desktop,Standard,2024-01-01,,399
S007693,Karnataka,Mobile,Standard,2024-05-13,,399
S007694,West India,Mobile,Basic,2024-01-07,,199
S007695,Maharashtra,Mobile,Standard,2024-05-28,,399
S007696,South India,Mobile,Basic,2024-06-21,2024-09-03,199
S007697,South India,Smart TV,Basic,2024-09-20,,199
S007698,North India,Smart TV,Basic,2024-10-27,,199
S007699,Karnataka,Mobile,Standard,2024-02-12,,399
S007700,Maharashtra,Desktop,Standard,2024-08-12,,399
S007701,East India,Smart TV,Premium,2024-01-02,,699
S007702,East India,Tablet,Premium,2024-04-15,,699
S007703,West India,Laptop,Standard,2024-07-28,,399
S007704,Maharashtra,Mobile,Basic,2024-04-06,,199
S007705,South India,Laptop,Premium,2024-07-11,,699
S007706,North India,Smart TV,Basic,2024-09-07,,199
S007707,North India,Tablet,Basic,2024-05-17,,199
S007708,North India,Tablet,Basic,2024-12-07,,199
S007709,South India,Laptop,Basic,2024-04-29,2024-09-11,199
S007710,South India,Smart TV,Standard,2024-01-28,,399
S007711,East India,Smart TV,Basic,2024-04-15,,199
S007712,North India,Mobile,Standard,2024-01-11,,399
S007713,South India,Mobile,Premium,2024-01-17,,699
S007714,West India,Smart TV,Standard,2024-03-11,,399
S007715,Maharashtra,Laptop,Basic,2024-11-04,2025-02-02,199
S007716,Karnataka,Mobile,Premium,2024-12-17,,699
S007717,South India,Laptop,Basic,2024-09-13,,199
S007718,Karnataka,Laptop,Basic,2024-06-03,,199
S007719,East India,Desktop,Premium,2024-01-21,,699
S007720,East India,Smart TV,Basic,2024-12-29,,199
S007721,Karnataka,Smart TV,Standard,2024-05-14,2024-09-19,399
S007722,West India,Tablet,Premium,2024-07-17,2024-09-13,699
S007723,South India,Laptop,Basic,2024-10-03,,199
S007724,Maharashtra,Mobile,Premium,2024-05-17,,699
S007725,Karnataka,Smart TV,Basic,2024-01-21,,199
S007726,East India,Smart TV,Basic,2024-04-20,2024-09-07,199
S007727,South India,Desktop,Basic,2024-02-11,,199
S007728,East India,Mobile,Standard,2024-03-18,2024-06-23,399
S007729,Karnataka,Tablet,Premium,2024-03-19,2024-05-07,699
S007730,Karnataka,Smart TV,Basic,2024-01-28,,199
S007731,North India,Tablet,Standard,2024-01-22,,399
S007732,North India,Smart TV,Basic,2024-07-14,,199
S007733,East India,Smart TV,Basic,2024-02-25,,199
S007734,South India,Smart TV,Standard,2024-12-19,,399
S007735,Karnataka,Mobile,Basic,2024-02-11,,199
S007736,North India,Mobile,Standard,2024-07-07,,399
S007737,Maharashtra,Smart TV,Basic,2024-06-04,,199
S007738,Maharashtra,Smart TV,Standard,2024-07-25,,399
S007739,West India,Tablet,Basic,2024-08-07,,199
S007740,East India,Mobile,Basic,2024-12-14,,199
S007741,Karnataka,Laptop,Standard,2024-11-18,,399
S007742,North India,Desktop,Basic,2024-10-14,,199
S007743,South India,Smart TV,Basic,2024-08-03,,199
S007744,Karnataka,Mobile,Basic,2024-02-24,,199
S007745,Karnataka,Laptop,Premium,2024-10-18,,699
S007746,Maharashtra,Smart TV,Standard,2024-12-28,,399
S007747,East India,Mobile,Premium,2024-04-06,,699
S007748,South India,Laptop,Basic,2024-05-13,,199
S007749,South India,Mobile,Basic,2024-04-22,,199
S007750,West India,Mobile,Standard,2024-11-10,,399
S007751,Maharashtra,Laptop,Basic,2024-08-27,,199
S007752,North India,Mobile,Basic,2024-05-18,,199
S007753,East India,Mobile,Premium,2024-09-27,,699
S007754,North India,Laptop,Basic,2024-11-19,,199
S007755,North India,Smart TV,Standard,2024-01-29,,399
S007756,South India,Mobile,Standard,2024-12-05,,399
S007757,East India,Laptop,Standard,2024-04-29,,399
S007758,North India,Tablet,Premium,2024-12-06,,699
S007759,Karnataka,Smart TV,Basic,2024-07-08,,199
S007760,Karnataka,Smart TV,Standard,2024-05-17,,399
S007761,West India,Mobile,Basic,2024-01-27,,199
S007762,Karnataka,Mobile,Premium,2024-12-21,,699
S007763,Karnataka,Mobile,Basic,2024-07-17,,199
S007764,West India,Laptop,Standard,2024-11-17,,399
S007765,West India,Smart TV,Premium,2024-06-26,,699
S007766,Maharashtra,Mobile,Basic,2024-11-08,,199
S007767,East India,Mobile,Basic,2024-02-21,,199
S007768,North India,Mobile,Basic,2024-03-19,,199
S007769,South India,Mobile,Basic,2024-06-30,,199
S007770,South India,Smart TV,Basic,2024-03-10,,199
S007771,Maharashtra,Laptop,Standard,2024-10-06,,399
S007772,South India,Smart TV,Premium,2024-03-16,,699
S007773,North India,Tablet,Basic,2024-01-22,,199
S007774,Maharashtra,Smart TV,Standard,2024-04-09,,399
S007775,South India,Smart TV,Standard,2024-06-12,,399
S007776,East India,Laptop,Basic,2024-10-10,,199
S007777,Karnataka,Mobile,Standard,2024-04-24,,399
S007778,West India,Laptop,Standard,2024-07-11,,399
S007779,West India,Laptop,Basic,2024-08-18,,199
S007780,South India,Laptop,Standard,2024-08-22,,399
S007781,West India,Mobile,Premium,2024-12-01,,699
S007782,North India,Smart TV,Standard,2024-07-27,,399
S007783,Karnataka,Laptop,Basic,2024-10-11,2025-03-07,199
S007784,North India,Tablet,Basic,2024-09-03,,199
S007785,West India,Tablet,Standard,2024-11-05,,399
S007786,Maharashtra,Laptop,Standard,2024-05-31,,399
S007787,Karnataka,Smart TV,Premium,2024-06-09,,699
S007788,Maharashtra,Laptop,Basic,2024-05-26,2024-11-10,199
S007789,East India,Laptop,Basic,2024-07-04,,199
S007790,North India,Desktop,Basic,2024-09-02,2024-12-14,199
S007791,North India,Mobile,Basic,2024-01-06,,199
S007792,North India,Smart TV,Standard,2024-07-07,2024-08-06,399
S007793,South India,Smart TV,Standard,2024-02-07,,399
S007794,Karnataka,Laptop,Standard,2024-09-21,,399
S007795,Maharashtra,Smart TV,Basic,2024-09-22,,199
S007796,Karnataka,Mobile,Basic,2024-07-14,2024-09-22,199
S007797,West India,Smart TV,Basic,2024-11-03,,199
S007798,South India,Mobile,Premium,2024-05-02,2024-10-24,699
S007799,North India,Mobile,Standard,2024-03-23,,399
S007800,East India,Mobile,Standard,2024-07-17,,399
S007801,South India,Laptop,Basic,2024-08-28,2024-11-08,199
S007802,South India,Mobile,Basic,2024-10-30,,199
S007803,Maharashtra,Tablet,Basic,2024-10-05,,199
S007804,South India,Smart TV,Basic,2024-03-14,,199
S007805,West India,Tablet,Basic,2024-12-08,,199
S007806,Karnataka,Mobile,Standard,2024-04-12,,399
S007807,Karnataka,Laptop,Basic,2024-02-06,,199
S007808,Karnataka,Laptop,Standard,2024-03-12,,399
S007809,Maharashtra,Smart TV,Premium,2024-06-15,,699
S007810,West India,Laptop,Basic,2024-01-16,,199
S007811,East India,Smart TV,Basic,2024-06-13,,199
S007812,South India,Mobile,Premium,2024-09-15,,699
S007813,North India,Laptop,Basic,2024-07-19,,199
S007814,South India,Mobile,Basic,2024-09-16,,199
S007815,East India,Mobile,Basic,2024-06-18,,199
S007816,Karnataka,Desktop,Basic,2024-12-02,2025-05-04,199
S007817,Maharashtra,Smart TV,Premium,2024-02-12,,699
S007818,North India,Smart TV,Basic,2024-11-19,,199
S007819,Maharashtra,Mobile,Basic,2024-08-06,,199
S007820,South India,Mobile,Standard,2024-01-22,,399
S007821,Maharashtra,Laptop,Basic,2024-01-05,,199
S007822,North India,Mobile,Basic,2024-08-08,2025-01-11,199
S007823,Maharashtra,Tablet,Premium,2024-12-08,,699
S007824,East India,Smart TV,Basic,2024-05-27,,199
S007825,Karnataka,Mobile,Standard,2024-09-06,,399
S007826,Karnataka,Desktop,Basic,2024-05-14,,199
S007827,North India,Smart TV,Basic,2024-08-12,2025-01-30,199
S007828,Maharashtra,Desktop,Premium,2024-07-13,2024-11-24,699
S007829,Maharashtra,Laptop,Basic,2024-12-16,,199
S007830,Maharashtra,Smart TV,Basic,2024-09-06,,199
S007831,North India,Smart TV,Basic,2024-01-23,,199
S007832,Maharashtra,Mobile,Basic,2024-10-29,,199
S007833,North India,Laptop,Premium,2024-10-18,,699
S007834,Karnataka,Smart TV,Premium,2024-06-22,,699
S007835,West India,Laptop,Basic,2024-02-24,,199
S007836,Maharashtra,Desktop,Basic,2024-12-11,,199
S007837,West India,Desktop,Standard,2024-04-17,,399
S007838,South India,Mobile,Basic,2024-08-18,,199
S007839,Maharashtra,Mobile,Standard,2024-09-29,,399
S007840,West India,Mobile,Premium,2024-10-11,,699
S007841,South India,Mobile,Standard,2024-04-05,,399
S007842,North India,Laptop,Basic,2024-02-29,,199
S007843,South India,Smart TV,Basic,2024-10-14,,199
S007844,East India,Smart TV,Basic,2024-10-20,,199
S007845,East India,Smart TV,Standard,2024-10-30,,399
S007846,South India,Mobile,Standard,2024-07-22,,399
S007847,Maharashtra,Mobile,Premium,2024-04-16,,699
S007848,South India,Mobile,Basic,2024-09-03,,199
S007849,South India,Tablet,Standard,2024-01-15,,399
S007850,North India,Mobile,Standard,2024-09-29,,399
S007851,West India,Mobile,Standard,2024-11-20,,399
S007852,East India,Mobile,Standard,2024-08-02,,399
S007853,Maharashtra,Smart TV,Basic,2024-03-03,,199
S007854,West India,Mobile,Basic,2024-01-12,,199
S007855,Karnataka,Laptop,Premium,2024-09-10,,699
S007856,East India,Mobile,Premium,2024-07-27,,699
S007857,Maharashtra,Mobile,Standard,2024-04-20,,399
S007858,Karnataka,Laptop,Premium,2024-08-25,,699
S007859,South India,Smart TV,Standard,2024-08-14,,399
S007860,Karnataka,Mobile,Basic,2024-04-27,,199
S007861,Karnataka,Smart TV,Basic,2024-02-19,,199
S007862,South India,Laptop,Basic,2024-03-17,,199
S007863,East India,Mobile,Basic,2024-03-06,,199
S007864,South India,Laptop,Premium,2024-06-23,,699
S007865,East India,Mobile,Basic,2024-05-09,,199
S007866,North India,Smart TV,Standard,2024-06-22,,399
S007867,West India,Smart TV,Basic,2024-08-18,,199
S007868,Maharashtra,Smart TV,Standard,2024-09-10,,399
S007869,North India,Tablet,Standard,2024-05-01,,399
S007870,East India,Smart TV,Standard,2024-09-06,,399
S007871,West India,Smart TV,Basic,2024-08-11,,199
S007872,South India,Mobile,Premium,2024-10-26,2025-03-17,699
S007873,West India,Mobile,Basic,2024-02-13,,199
S007874,North India,Mobile,Standard,2024-10-14,,399
S007875,South India,Smart TV,Standard,2024-01-17,,399
S007876,South India,Mobile,Basic,2024-02-13,,199
S007877,South India,Laptop,Standard,2024-11-07,2025-02-07,399
S007878,Maharashtra,Laptop,Premium,2024-10-31,,699
S007879,West India,Mobile,Basic,2024-04-21,,199
S007880,Maharashtra,Smart TV,Basic,2024-06-03,,199
S007881,West India,Laptop,Standard,2024-11-13,,399
S007882,West India,Smart TV,Basic,2024-03-16,,199
S007883,West India,Laptop,Basic,2024-10-23,,199
S007884,North India,Tablet,Standard,2024-06-03,,399
S007885,East India,Desktop,Premium,2024-10-14,,699
S007886,Maharashtra,Tablet,Standard,2024-03-22,,399
S007887,South India,Mobile,Basic,2024-03-02,,199
S007888,East India,Desktop,Premium,2024-08-16,,699
S007889,Karnataka,Laptop,Basic,2024-04-17,,199
S007890,South India,Mobile,Basic,2024-06-18,,199
S007891,East India,Mobile,Basic,2024-01-02,,199
S007892,West India,Laptop,Basic,2024-09-09,,199
S007893,South India,Mobile,Standard,2024-05-25,2024-10-06,399
S007894,North India,Mobile,Premium,2024-08-15,2024-10-06,699
S007895,Maharashtra,Tablet,Standard,2024-09-06,,399
S007896,South India,Smart TV,Basic,2024-01-29,2024-05-17,199
S007897,West India,Smart TV,Standard,2024-08-03,,399
S007898,Karnataka,Tablet,Basic,2024-07-17,2024-11-12,199
S007899,South India,Laptop,Basic,2024-12-08,2025-03-11,199
S007900,North India,Mobile,Premium,2024-01-29,,699
S007901,West India,Smart TV,Basic,2024-07-01,,199
S007902,Maharashtra,Smart TV,Basic,2024-10-11,,199
S007903,North India,Mobile,Premium,2024-09-26,,699
S007904,Karnataka,Mobile,Standard,2024-12-03,,399
S007905,Maharashtra,Tablet,Standard,2024-11-18,,399
S007906,South India,Smart TV,Standard,2024-03-12,,399
S007907,West India,Smart TV,Standard,2024-07-05,,399
S007908,South India,Desktop,Standard,2024-08-17,2024-12-23,399
S007909,West India,Smart TV,Premium,2024-08-27,,699
S007910,East India,Smart TV,Basic,2024-10-21,2025-01-03,199
S007911,West India,Smart TV,Standard,2024-03-24,,399
S007912,West India,Tablet,Standard,2024-07-02,,399
S007913,East India,Tablet,Basic,2024-10-29,,199
S007914,North India,Smart TV,Basic,2024-05-28,,199
S007915,Maharashtra,Mobile,Standard,2024-03-18,,399
S007916,East India,Mobile,Basic,2024-05-21,2024-08-21,199
S007917,North India,Laptop,Basic,2024-10-04,,199
S007918,West India,Mobile,Basic,2024-10-01,2025-03-10,199
S007919,Karnataka,Mobile,Basic,2024-02-06,,199
S007920,Maharashtra,Mobile,Basic,2024-03-24,,199
S007921,North India,Smart TV,Premium,2024-07-27,2024-11-25,699
S007922,East India,Smart TV,Standard,2024-09-02,,399
S007923,East India,Smart TV,Basic,2024-09-01,,199
S007924,South India,Smart TV,Standard,2024-09-13,,399
S007925,North India,Smart TV,Basic,2024-09-25,,199
S007926,East India,Mobile,Standard,2024-10-14,,399
S007927,South India,Laptop,Standard,2024-04-11,,399
S007928,North India,Laptop,Standard,2024-09-15,,399
S007929,East India,Mobile,Standard,2024-04-11,,399
S007930,Maharashtra,Laptop,Standard,2024-01-30,,399
S007931,West India,Smart TV,Basic,2024-02-10,,199
S007932,South India,Laptop,Basic,2024-05-31,,199
S007933,Maharashtra,Mobile,Standard,2024-09-19,,399
S007934,West India,Smart TV,Standard,2024-05-07,,399
S007935,West India,Smart TV,Basic,2024-09-01,,199
S007936,West India,Laptop,Basic,2024-02-25,,199
S007937,North India,Tablet,Standard,2024-12-26,,399
S007938,North India,Mobile,Premium,2024-11-14,2025-01-20,699
S007939,East India,Mobile,Basic,2024-04-29,,199
S007940,North India,Smart TV,Standard,2024-03-15,,399
S007941,Karnataka,Laptop,Basic,2024-09-06,,199
S007942,South India,Mobile,Basic,2024-03-16,,199
S007943,Karnataka,Smart TV,Premium,2024-06-11,,699
S007944,West India,Mobile,Basic,2024-03-23,,199
S007945,Karnataka,Smart TV,Premium,2024-05-31,,699
S007946,West India,Mobile,Premium,2024-05-19,,699
S007947,Karnataka,Mobile,Standard,2024-03-28,,399
S007948,West India,Mobile,Basic,2024-07-21,,199
S007949,Karnataka,Smart TV,Premium,2024-12-03,,699
S007950,East India,Mobile,Premium,2024-05-20,,699
S007951,South India,Laptop,Standard,2024-05-05,,399
S007952,Maharashtra,Mobile,Standard,2024-09-08,,399
S007953,South India,Mobile,Basic,2024-04-27,,199
S007954,Maharashtra,Mobile,Basic,2024-05-11,,199
S007955,South India,Smart TV,Premium,2024-10-07,,699
S007956,North India,Mobile,Basic,2024-04-06,,199
S007957,Karnataka,Smart TV,Basic,2024-05-02,,199
S007958,North India,Laptop,Basic,2024-01-06,,199
S007959,Karnataka,Mobile,Standard,2024-10-02,2025-02-27,399
S007960,South India,Laptop,Basic,2024-02-27,,199
S007961,North India,Mobile,Basic,2024-02-05,,199
S007962,Maharashtra,Smart TV,Basic,2024-08-24,,199
S007963,East India,Smart TV,Basic,2024-09-08,,199
S007964,West India,Smart TV,Standard,2024-04-04,2024-08-10,399
S007965,East India,Tablet,Basic,2024-07-17,,199
S007966,Maharashtra,Tablet,Basic,2024-10-02,,199
S007967,Karnataka,Smart TV,Premium,2024-06-03,,699
S007968,Karnataka,Mobile,Basic,2024-12-05,,199
S007969,East India,Smart TV,Standard,2024-07-31,,399
S007970,Karnataka,Tablet,Standard,2024-11-02,,399
S007971,Maharashtra,Laptop,Basic,2024-10-01,,199
S007972,South India,Smart TV,Premium,2024-08-31,,699
S007973,South India,Mobile,Premium,2024-08-17,,699
S007974,Karnataka,Laptop,Basic,2024-10-01,,199
S007975,Maharashtra,Smart TV,Standard,2024-04-15,,399
S007976,North India,Smart TV,Basic,2024-09-16,2025-02-05,199
S007977,East India,Smart TV,Basic,2024-01-13,,199
S007978,North India,Mobile,Basic,2024-11-19,,199
S007979,Karnataka,Smart TV,Premium,2024-11-14,,699
S007980,North India,Mobile,Standard,2024-02-29,,399
S007981,West India,Smart TV,Premium,2024-05-30,2024-09-25,699
S007982,Karnataka,Mobile,Basic,2024-02-19,2024-07-14,199
S007983,Maharashtra,Mobile,Standard,2024-03-29,,399
S007984,East India,Smart TV,Premium,2024-08-12,,699
S007985,West India,Mobile,Basic,2024-11-18,,199
S007986,Karnataka,Smart TV,Premium,2024-01-20,,699
S007987,West India,Desktop,Premium,2024-07-07,,699
S007988,Karnataka,Laptop,Premium,2024-01-01,2024-04-17,699
S007989,Karnataka,Smart TV,Basic,2024-08-24,,199
S007990,Karnataka,Smart TV,Basic,2024-05-18,2024-09-28,199
S007991,East India,Mobile,Basic,2024-11-21,,199
S007992,West India,Smart TV,Basic,2024-10-27,,199
S007993,Maharashtra,Mobile,Standard,2024-06-07,,399
S007994,Karnataka,Smart TV,Premium,2024-05-16,2024-06-15,699
S007995,South India,Tablet,Basic,2024-12-20,,199
S007996,South India,Mobile,Basic,2024-01-11,,199
S007997,East India,Laptop,Basic,2024-05-13,,199
S007998,North India,Mobile,Standard,2024-01-25,,399
S007999,East India,Mobile,Basic,2024-06-01,,199
S008000,Karnataka,Mobile,Basic,2024-02-14,,199
S008001,North India,Laptop,Premium,2024-03-05,,699
S008002,South India,Laptop,Basic,2024-10-15,,199
S008003,Maharashtra,Smart TV,Standard,2024-11-20,,399
S008004,East India,Mobile,Standard,2024-10-04,,399
S008005,Maharashtra,Smart TV,Premium,2024-08-25,,699
S008006,East India,Desktop,Standard,2024-05-28,,399
S008007,West India,Laptop,Standard,2024-01-17,,399
S008008,Karnataka,Smart TV,Basic,2024-06-02,,199
S008009,South India,Mobile,Basic,2024-10-16,,199
S008010,West India,Mobile,Basic,2024-03-29,,199
S008011,East India,Laptop,Basic,2024-07-26,,199
S008012,West India,Tablet,Basic,2024-04-24,,199
S008013,South India,Mobile,Basic,2024-07-22,,199
S008014,South India,Laptop,Standard,2024-11-28,,399
S008015,North India,Mobile,Basic,2024-02-01,,199
S008016,Karnataka,Mobile,Basic,2024-02-14,,199
S008017,South India,Tablet,Basic,2024-06-15,2024-11-15,199
S008018,West India,Laptop,Standard,2024-08-04,,399
S008019,Karnataka,Mobile,Basic,2024-08-28,,199
S008020,Karnataka,Laptop,Basic,2024-02-01,,199
S008021,Karnataka,Mobile,Standard,2024-05-07,,399
S008022,South India,Desktop,Standard,2024-07-15,,399
S008023,Karnataka,Mobile,Premium,2024-01-13,,699
S008024,Maharashtra,Smart TV,Premium,2024-11-28,,699
S008025,East India,Mobile,Premium,2024-08-05,,699
S008026,Karnataka,Smart TV,Premium,2024-11-06,,699
S008027,East India,Mobile,Standard,2024-09-02,,399
S008028,South India,Smart TV,Basic,2024-05-16,,199
S008029,South India,Smart TV,Premium,2024-05-09,,699
S008030,Maharashtra,Laptop,Basic,2024-06-02,,199
S008031,South India,Laptop,Basic,2024-08-11,,199
S008032,West India,Tablet,Premium,2024-05-02,,699
S008033,Karnataka,Smart TV,Standard,2024-11-18,,399
S008034,East India,Smart TV,Premium,2024-03-26,,699
S008035,North India,Laptop,Basic,2024-12-03,,199
S008036,Maharashtra,Smart TV,Basic,2024-11-04,,199
S008037,Maharashtra,Smart TV,Basic,2024-06-15,,199
S008038,Karnataka,Mobile,Basic,2024-08-07,,199
S008039,North India,Laptop,Basic,2024-10-13,,199
S008040,East India,Smart TV,Premium,2024-10-29,,699
S008041,West India,Smart TV,Standard,2024-04-26,,399
S008042,North India,Tablet,Standard,2024-01-05,,399
S008043,North India,Smart TV,Standard,2024-05-23,,399
S008044,West India,Smart TV,Premium,2024-02-28,,699
S008045,Karnataka,Mobile,Standard,2024-07-31,2024-12-11,399
S008046,North India,Desktop,Premium,2024-01-13,,699
S008047,Karnataka,Smart TV,Basic,2024-05-09,,199
S008048,West India,Laptop,Basic,2024-07-08,,199
S008049,North India,Smart TV,Standard,2024-12-01,,399
S008050,West India,Smart TV,Basic,2024-03-30,,199
S008051,North India,Mobile,Basic,2024-07-12,2024-09-23,199
S008052,East India,Tablet,Standard,2024-12-25,2025-02-16,399
S008053,Maharashtra,Smart TV,Standard,2024-04-01,2024-09-02,399
S008054,Maharashtra,Desktop,Basic,2024-08-23,,199
S008055,Karnataka,Laptop,Standard,2024-09-04,,399
S008056,South India,Mobile,Basic,2024-07-27,,199
S008057,East India,Mobile,Basic,2024-12-01,2025-03-11,199
S008058,East India,Desktop,Premium,2024-01-10,,699
S008059,East India,Mobile,Standard,2024-08-22,,399
S008060,North India,Mobile,Premium,2024-09-13,,699
S008061,South India,Smart TV,Basic,2024-04-25,2024-06-07,199
S008062,North India,Desktop,Standard,2024-06-28,,399
S008063,East India,Laptop,Standard,2024-04-20,,399
S008064,East India,Laptop,Premium,2024-06-17,,699
S008065,North India,Laptop,Basic,2024-06-23,2024-12-10,199
S008066,Maharashtra,Mobile,Basic,2024-02-18,2024-07-10,199
S008067,North India,Smart TV,Basic,2024-06-18,,199
S008068,Maharashtra,Smart TV,Basic,2024-03-17,,199
S008069,North India,Laptop,Basic,2024-09-18,,199
S008070,North India,Mobile,Basic,2024-09-07,,199
S008071,Maharashtra,Laptop,Basic,2024-08-28,,199
S008072,Karnataka,Smart TV,Basic,2024-05-12,,199
S008073,West India,Mobile,Standard,2024-07-20,,399
S008074,Maharashtra,Mobile,Standard,2024-08-12,,399
S008075,East India,Smart TV,Standard,2024-03-10,,399
S008076,Maharashtra,Laptop,Premium,2024-11-30,,699
S008077,West India,Smart TV,Premium,2024-06-21,2024-08-08,699
S008078,North India,Smart TV,Premium,2024-03-03,2024-08-04,699
S008079,Maharashtra,Laptop,Standard,2024-01-22,,399
S008080,East India,Desktop,Basic,2024-03-28,,199
S008081,West India,Mobile,Standard,2024-09-11,,399
S008082,East India,Smart TV,Standard,2024-11-10,,399
S008083,North India,Tablet,Standard,2024-01-04,,399
S008084,West India,Mobile,Basic,2024-01-24,,199
S008085,West India,Laptop,Standard,2024-10-14,,399
S008086,Maharashtra,Desktop,Standard,2024-09-07,,399
S008087,West India,Laptop,Basic,2024-06-09,,199
S008088,South India,Smart TV,Premium,2024-02-09,2024-06-06,699
S008089,Karnataka,Tablet,Standard,2024-05-03,2024-10-04,399
S008090,Karnataka,Laptop,Basic,2024-08-02,,199
S008091,South India,Smart TV,Basic,2024-06-22,,199
S008092,West India,Smart TV,Premium,2024-07-17,,699
S008093,Karnataka,Tablet,Premium,2024-01-20,,699
S008094,Karnataka,Smart TV,Basic,2024-03-01,,199
S008095,North India,Laptop,Basic,2024-02-25,,199
S008096,Karnataka,Smart TV,Basic,2024-08-04,,199
S008097,South India,Desktop,Standard,2024-05-25,,399
S008098,East India,Smart TV,Standard,2024-08-26,,399
S008099,South India,Tablet,Premium,2024-07-13,,699
S008100,North India,Tablet,Standard,2024-03-16,,399
S008101,East India,Laptop,Basic,2024-07-28,,199
S008102,Karnataka,Tablet,Basic,2024-01-05,,199
S008103,North India,Tablet,Basic,2024-05-04,2024-07-22,199
S008104,Maharashtra,Mobile,Premium,2024-10-02,,699
S008105,Karnataka,Mobile,Basic,2024-11-18,2025-01-27,199
S008106,South India,Tablet,Standard,2024-08-09,,399
S008107,Maharashtra,Mobile,Standard,2024-09-12,,399
S008108,East India,Mobile,Premium,2024-09-03,,699
S008109,West India,Desktop,Standard,2024-07-03,,399
S008110,East India,Smart TV,Standard,2024-03-24,,399
S008111,West India,Smart TV,Standard,2024-11-08,2025-03-14,399
S008112,Karnataka,Smart TV,Basic,2024-01-17,,199
S008113,Karnataka,Mobile,Standard,2024-10-12,,399
S008114,Karnataka,Laptop,Basic,2024-12-10,,199
S008115,North India,Laptop,Basic,2024-07-01,,199
S008116,Karnataka,Smart TV,Basic,2024-01-17,,199
S008117,Karnataka,Mobile,Premium,2024-05-26,2024-09-29,699
S008118,East India,Tablet,Basic,2024-11-23,,199
S008119,North India,Mobile,Standard,2024-04-04,,399
S008120,South India,Mobile,Basic,2024-07-08,,199
S008121,Karnataka,Smart TV,Standard,2024-11-01,,399
S008122,West India,Smart TV,Basic,2024-08-20,,199
S008123,West India,Mobile,Standard,2024-05-13,2024-07-08,399
S008124,South India,Mobile,Premium,2024-09-23,2025-01-14,699
S008125,North India,Mobile,Premium,2024-04-13,,699
S008126,North India,Mobile,Standard,2024-10-28,2025-04-24,399
S008127,West India,Mobile,Standard,2024-06-16,,399
S008128,Karnataka,Laptop,Standard,2024-08-18,,399
S008129,Maharashtra,Smart TV,Standard,2024-08-09,,399
S008130,East India,Laptop,Standard,2024-06-22,,399
S008131,North India,Laptop,Standard,2024-08-25,,399
S008132,East India,Mobile,Premium,2024-05-29,,699
S008133,Maharashtra,Mobile,Standard,2024-07-15,,399
S008134,Maharashtra,Mobile,Basic,2024-06-18,,199
S008135,Maharashtra,Smart TV,Basic,2024-07-06,,199
S008136,North India,Tablet,Basic,2024-12-06,2025-02-11,199
S008137,Maharashtra,Smart TV,Basic,2024-11-25,,199
S008138,North India,Laptop,Basic,2024-12-06,,199
S008139,North India,Laptop,Standard,2024-04-10,,399
S008140,West India,Mobile,Basic,2024-08-20,,199
S008141,West India,Mobile,Basic,2024-01-14,,199
S008142,Maharashtra,Tablet,Premium,2024-11-16,,699
S008143,East India,Mobile,Standard,2024-12-13,,399
S008144,Karnataka,Mobile,Basic,2024-10-04,,199
S008145,Karnataka,Smart TV,Basic,2024-04-13,,199
S008146,South India,Mobile,Premium,2024-10-20,,699
S008147,Karnataka,Desktop,Basic,2024-12-20,,199
S008148,South India,Mobile,Standard,2024-05-18,,399
S008149,Karnataka,Smart TV,Basic,2024-04-01,2024-08-26,199
S008150,East India,Mobile,Standard,2024-12-04,,399
S008151,South India,Tablet,Premium,2024-06-12,,699
S008152,West India,Mobile,Standard,2024-08-09,,399
S008153,East India,Smart TV,Basic,2024-11-30,,199
S008154,West India,Smart TV,Basic,2024-04-06,,199
S008155,North India,Tablet,Basic,2024-09-13,,199
S008156,Maharashtra,Mobile,Basic,2024-01-25,,199
S008157,Maharashtra,Tablet,Standard,2024-10-10,,399
S008158,West India,Mobile,Premium,2024-07-15,2024-12-27,699
S008159,Maharashtra,Mobile,Premium,2024-09-01,2024-11-30,699
S008160,South India,Mobile,Premium,2024-05-05,2024-07-08,699
S008161,Maharashtra,Mobile,Standard,2024-09-21,2025-02-17,399
S008162,Karnataka,Smart TV,Basic,2024-08-22,,199
S008163,South India,Smart TV,Basic,2024-08-21,,199
S008164,Maharashtra,Tablet,Basic,2024-09-27,,199
S008165,East India,Desktop,Standard,2024-08-19,,399
S008166,West India,Mobile,Basic,2024-07-07,,199
S008167,North India,Smart TV,Basic,2024-06-15,,199
S008168,Maharashtra,Mobile,Basic,2024-05-30,2024-10-20,199
S008169,Maharashtra,Mobile,Basic,2024-12-18,,199
S008170,Karnataka,Smart TV,Basic,2024-06-27,,199
S008171,Maharashtra,Tablet,Basic,2024-11-13,,199
S008172,South India,Tablet,Basic,2024-12-16,,199
S008173,North India,Laptop,Premium,2024-11-10,,699
S008174,West India,Laptop,Premium,2024-11-27,,699
S008175,Karnataka,Smart TV,Basic,2024-06-06,,199
S008176,Karnataka,Mobile,Basic,2024-06-21,,199
S008177,East India,Smart TV,Basic,2024-03-28,,199
S008178,North India,Mobile,Basic,2024-05-30,,199
S008179,North India,Mobile,Standard,2024-10-15,,399
S008180,South India,Laptop,Premium,2024-07-12,,699
S008181,Karnataka,Tablet,Standard,2024-04-12,,399
S008182,South India,Laptop,Basic,2024-01-10,,199
S008183,South India,Mobile,Basic,2024-08-11,,199
S008184,Karnataka,Smart TV,Basic,2024-09-02,,199
S008185,South India,Mobile,Basic,2024-09-20,,199
S008186,Karnataka,Mobile,Basic,2024-05-08,,199
S008187,North India,Mobile,Premium,2024-08-08,,699
S008188,Maharashtra,Mobile,Basic,2024-07-15,,199
S008189,Maharashtra,Laptop,Standard,2024-01-13,,399
S008190,North India,Smart TV,Basic,2024-04-16,,199
S008191,Karnataka,Mobile,Basic,2024-03-21,,199
S008192,North India,Tablet,Basic,2024-10-25,,199
S008193,Maharashtra,Mobile,Basic,2024-02-14,,199
S008194,West India,Mobile,Basic,2024-02-12,,199
S008195,Maharashtra,Smart TV,Premium,2024-05-01,,699
S008196,North India,Mobile,Basic,2024-08-05,,199
S008197,East India,Tablet,Premium,2024-02-10,,699
S008198,North India,Mobile,Premium,2024-04-19,2024-07-17,699
S008199,West India,Tablet,Premium,2024-12-14,2025-06-06,699
S008200,South India,Mobile,Standard,2024-07-30,,399
S008201,East India,Mobile,Standard,2024-01-05,,399
S008202,North India,Mobile,Standard,2024-11-18,,399
S008203,Karnataka,Mobile,Basic,2024-09-06,2025-02-23,199
S008204,Maharashtra,Smart TV,Premium,2024-04-29,,699
S008205,Maharashtra,Tablet,Basic,2024-06-22,2024-07-25,199
S008206,North India,Mobile,Standard,2024-01-03,,399
S008207,West India,Mobile,Premium,2024-01-07,,699
S008208,West India,Laptop,Basic,2024-08-02,,199
S008209,Karnataka,Mobile,Standard,2024-03-13,2024-07-27,399
S008210,East India,Mobile,Basic,2024-10-28,2025-04-24,199
S008211,South India,Laptop,Premium,2024-10-26,,699
S008212,East India,Laptop,Standard,2024-03-17,,399
S008213,East India,Laptop,Basic,2024-10-14,,199
S008214,South India,Laptop,Basic,2024-11-28,,199
S008215,Karnataka,Smart TV,Premium,2024-01-29,,699
S008216,Maharashtra,Tablet,Basic,2024-08-02,,199
S008217,North India,Smart TV,Standard,2024-10-28,,399
S008218,Karnataka,Laptop,Standard,2024-10-15,,399
S008219,Karnataka,Smart TV,Premium,2024-04-26,,699
S008220,West India,Tablet,Basic,2024-09-06,,199
S008221,East India,Smart TV,Standard,2024-03-31,,399
S008222,Maharashtra,Mobile,Basic,2024-05-23,,199
S008223,Maharashtra,Smart TV,Standard,2024-01-25,,399
S008224,West India,Desktop,Premium,2024-03-09,,699
S008225,South India,Smart TV,Premium,2024-12-07,2025-02-25,699
S008226,Maharashtra,Laptop,Standard,2024-12-18,,399
S008227,South India,Smart TV,Standard,2024-05-28,,399
S008228,East India,Smart TV,Premium,2024-05-26,,699
S008229,East India,Mobile,Standard,2024-07-11,2024-08-27,399
S008230,South India,Laptop,Premium,2024-04-22,2024-07-15,699
S008231,Maharashtra,Mobile,Standard,2024-03-08,2024-04-15,399
S008232,East India,Smart TV,Basic,2024-11-15,,199
S008233,West India,Tablet,Basic,2024-08-15,,199
S008234,North India,Laptop,Standard,2024-10-01,2024-12-08,399
S008235,South India,Laptop,Basic,2024-05-30,,199
S008236,North India,Laptop,Premium,2024-09-03,,699
S008237,North India,Tablet,Premium,2024-02-28,,699
S008238,Karnataka,Laptop,Standard,2024-12-02,,399
S008239,Maharashtra,Smart TV,Basic,2024-04-03,,199
S008240,North India,Laptop,Premium,2024-03-25,,699
S008241,West India,Smart TV,Standard,2024-09-07,,399
S008242,East India,Mobile,Premium,2024-03-27,,699
S008243,Maharashtra,Mobile,Basic,2024-03-19,,199
S008244,Maharashtra,Laptop,Premium,2024-06-18,,699
S008245,East India,Mobile,Standard,2024-01-18,,399
S008246,West India,Mobile,Standard,2024-06-27,,399
S008247,North India,Mobile,Standard,2024-03-24,,399
S008248,North India,Mobile,Basic,2024-04-02,,199
S008249,Karnataka,Mobile,Basic,2024-10-27,,199
S008250,Karnataka,Smart TV,Standard,2024-09-19,,399
S008251,South India,Tablet,Basic,2024-04-03,,199
S008252,East India,Laptop,Standard,2024-01-04,,399
S008253,Maharashtra,Laptop,Basic,2024-01-27,2024-03-14,199
S008254,South India,Laptop,Basic,2024-05-17,,199
S008255,South India,Smart TV,Basic,2024-12-22,,199
S008256,West India,Mobile,Premium,2024-01-15,,699
S008257,East India,Tablet,Standard,2024-01-28,,399
S008258,Karnataka,Laptop,Basic,2024-08-21,,199
S008259,East India,Tablet,Basic,2024-11-12,,199
S008260,East India,Laptop,Standard,2024-12-04,,399
S008261,South India,Mobile,Standard,2024-10-14,2025-03-07,399
S008262,Karnataka,Laptop,Basic,2024-10-27,,199
S008263,West India,Smart TV,Premium,2024-05-23,2024-11-15,699
S008264,West India,Tablet,Standard,2024-07-13,,399
S008265,West India,Mobile,Standard,2024-04-25,2024-07-19,399
S008266,South India,Laptop,Basic,2024-06-06,,199
S008267,Karnataka,Laptop,Basic,2024-10-22,2025-01-16,199
S008268,South India,Smart TV,Premium,2024-10-17,,699
S008269,North India,Laptop,Basic,2024-08-05,,199
S008270,North India,Laptop,Premium,2024-03-21,,699
S008271,Maharashtra,Mobile,Standard,2024-01-06,,399
S008272,South India,Smart TV,Basic,2024-11-10,,199
S008273,North India,Smart TV,Basic,2024-10-18,,199
S008274,Maharashtra,Mobile,Basic,2024-04-13,,199
S008275,Maharashtra,Mobile,Standard,2024-08-23,,399
S008276,North India,Laptop,Basic,2024-12-28,,199
S008277,North India,Mobile,Basic,2024-05-06,,199
S008278,South India,Smart TV,Basic,2024-06-09,,199
S008279,East India,Laptop,Standard,2024-04-19,,399
S008280,East India,Smart TV,Standard,2024-09-18,,399
S008281,South India,Mobile,Premium,2024-07-27,,699
S008282,South India,Tablet,Basic,2024-05-08,2024-07-30,199
S008283,Maharashtra,Smart TV,Basic,2024-05-22,,199
S008284,South India,Tablet,Basic,2024-10-25,,199
S008285,Karnataka,Laptop,Premium,2024-12-22,,699
S008286,Maharashtra,Laptop,Standard,2024-02-27,2024-07-16,399
S008287,East India,Smart TV,Basic,2024-04-04,,199
S008288,South India,Smart TV,Basic,2024-09-18,,199
S008289,Karnataka,Tablet,Standard,2024-06-09,,399
S008290,West India,Tablet,Premium,2024-02-07,,699
S008291,East India,Laptop,Basic,2024-12-28,,199
S008292,North India,Smart TV,Standard,2024-03-25,2024-05-29,399
S008293,South India,Laptop,Premium,2024-09-29,,699
S008294,Maharashtra,Mobile,Basic,2024-04-03,,199
S008295,West India,Smart TV,Standard,2024-03-13,,399
S008296,Karnataka,Smart TV,Basic,2024-08-31,,199
S008297,Maharashtra,Laptop,Basic,2024-12-16,,199
S008298,North India,Laptop,Basic,2024-08-15,2025-01-25,199
S008299,Karnataka,Smart TV,Basic,2024-05-04,,199
S008300,South India,Desktop,Premium,2024-04-05,,699
S008301,North India,Tablet,Basic,2024-11-19,,199
S008302,Maharashtra,Smart TV,Standard,2024-02-06,,399
S008303,Karnataka,Mobile,Standard,2024-03-30,,399
S008304,Maharashtra,Mobile,Premium,2024-05-15,,699
S008305,Karnataka,Smart TV,Standard,2024-08-15,2024-09-15,399
S008306,Maharashtra,Laptop,Basic,2024-01-20,,199
S008307,South India,Mobile,Basic,2024-04-14,,199
S008308,West India,Tablet,Premium,2024-01-21,,699
S008309,Karnataka,Mobile,Basic,2024-02-29,2024-08-23,199
S008310,South India,Tablet,Premium,2024-01-21,,699
S008311,North India,Mobile,Standard,2024-10-25,,399
S008312,Karnataka,Smart TV,Standard,2024-02-10,,399
S008313,Karnataka,Mobile,Basic,2024-12-04,,199
S008314,Maharashtra,Tablet,Basic,2024-08-19,,199
S008315,East India,Mobile,Premium,2024-03-16,,699
S008316,North India,Smart TV,Basic,2024-10-12,,199
S008317,North India,Tablet,Basic,2024-04-21,,199
S008318,North India,Smart TV,Basic,2024-06-18,,199
S008319,Karnataka,Tablet,Basic,2024-09-27,,199
S008320,Karnataka,Mobile,Basic,2024-01-22,,199
S008321,Karnataka,Tablet,Premium,2024-08-27,,699
S008322,Karnataka,Smart TV,Standard,2024-02-17,,399
S008323,South India,Mobile,Basic,2024-02-09,,199
S008324,North India,Mobile,Basic,2024-05-06,,199
S008325,East India,Smart TV,Basic,2024-12-27,,199
S008326,Karnataka,Laptop,Standard,2024-07-04,,399
S008327,West India,Laptop,Standard,2024-10-05,,399
S008328,West India,Mobile,Standard,2024-01-11,,399
S008329,Karnataka,Smart TV,Basic,2024-06-07,,199
S008330,East India,Mobile,Standard,2024-05-30,,399
S008331,South India,Mobile,Basic,2024-08-04,,199
S008332,South India,Laptop,Basic,2024-04-22,,199
S008333,Karnataka,Smart TV,Basic,2024-06-11,,199
S008334,West India,Mobile,Premium,2024-06-26,2024-09-26,699
S008335,East India,Tablet,Basic,2024-07-05,,199
S008336,East India,Mobile,Basic,2024-11-13,,199
S008337,East India,Mobile,Premium,2024-11-25,,699
S008338,Karnataka,Smart TV,Premium,2024-08-27,2025-02-08,699
S008339,East India,Mobile,Standard,2024-04-20,,399
S008340,North India,Laptop,Premium,2024-09-11,,699
S008341,North India,Mobile,Basic,2024-11-05,,199
S008342,West India,Tablet,Basic,2024-11-11,,199
S008343,Karnataka,Smart TV,Premium,2024-10-28,,699
S008344,Maharashtra,Mobile,Standard,2024-11-01,,399
S008345,Karnataka,Smart TV,Premium,2024-11-24,,699
S008346,West India,Smart TV,Premium,2024-08-22,,699
S008347,North India,Smart TV,Premium,2024-09-16,,699
S008348,Maharashtra,Smart TV,Standard,2024-08-06,2024-10-03,399
S008349,North India,Mobile,Standard,2024-03-22,,399
S008350,South India,Smart TV,Basic,2024-03-13,,199
S008351,East India,Laptop,Premium,2024-03-29,,699
S008352,East India,Laptop,Basic,2024-03-03,,199
S008353,East India,Laptop,Basic,2024-12-11,2025-05-26,199
S008354,East India,Mobile,Basic,2024-01-28,,199
S008355,North India,Smart TV,Basic,2024-09-21,,199
S008356,South India,Tablet,Premium,2024-05-12,2024-10-12,699
S008357,Karnataka,Mobile,Standard,2024-10-27,,399
S008358,Karnataka,Mobile,Basic,2024-06-19,,199
S008359,Karnataka,Smart TV,Basic,2024-08-24,,199
S008360,South India,Smart TV,Basic,2024-09-29,,199
S008361,North India,Mobile,Premium,2024-01-20,,699
S008362,Maharashtra,Smart TV,Premium,2024-08-14,,699
S008363,East India,Smart TV,Basic,2024-07-13,2024-09-13,199
S008364,Maharashtra,Smart TV,Standard,2024-02-20,,399
S008365,Maharashtra,Desktop,Standard,2024-12-11,,399
S008366,Karnataka,Laptop,Basic,2024-05-10,,199
S008367,West India,Tablet,Premium,2024-11-21,,699
S008368,East India,Mobile,Premium,2024-03-29,,699
S008369,Maharashtra,Laptop,Premium,2024-12-06,,699
S008370,Maharashtra,Smart TV,Basic,2024-06-18,,199
S008371,Karnataka,Tablet,Standard,2024-09-19,2025-01-24,399
S008372,South India,Smart TV,Premium,2024-08-19,,699
S008373,West India,Mobile,Standard,2024-05-21,,399
S008374,East India,Mobile,Basic,2024-11-13,,199
S008375,Karnataka,Mobile,Basic,2024-01-03,2024-04-11,199
S008376,Karnataka,Mobile,Basic,2024-09-23,,199
S008377,West India,Smart TV,Premium,2024-07-25,,699
S008378,Maharashtra,Mobile,Basic,2024-05-19,2024-09-09,199
S008379,South India,Mobile,Premium,2024-10-29,,699
S008380,West India,Smart TV,Standard,2024-12-20,,399
S008381,West India,Smart TV,Premium,2024-03-07,,699
S008382,East India,Smart TV,Basic,2024-04-24,2024-08-04,199
S008383,East India,Mobile,Standard,2024-01-30,,399
S008384,Karnataka,Mobile,Basic,2024-05-31,,199
S008385,South India,Smart TV,Standard,2024-01-27,,399
S008386,West India,Smart TV,Basic,2024-05-26,,199
S008387,South India,Mobile,Standard,2024-12-24,,399
S008388,West India,Smart TV,Standard,2024-01-01,,399
S008389,East India,Mobile,Standard,2024-10-29,,399
S008390,North India,Tablet,Standard,2024-05-30,,399
S008391,East India,Laptop,Basic,2024-12-06,,199
S008392,West India,Laptop,Basic,2024-02-04,,199
S008393,Maharashtra,Smart TV,Basic,2024-03-07,,199
S008394,East India,Smart TV,Basic,2024-09-01,2024-10-28,199
S008395,West India,Laptop,Premium,2024-07-13,,699
S008396,East India,Smart TV,Standard,2024-04-07,,399
S008397,Karnataka,Smart TV,Basic,2024-06-18,2024-12-01,199
S008398,South India,Mobile,Premium,2024-09-14,,699
S008399,East India,Laptop,Basic,2024-10-01,2025-02-19,199
S008400,East India,Desktop,Basic,2024-10-10,,199
S008401,South India,Desktop,Basic,2024-08-08,,199
S008402,Karnataka,Laptop,Basic,2024-07-24,,199
S008403,North India,Desktop,Premium,2024-10-02,2024-11-25,699
S008404,North India,Smart TV,Basic,2024-03-11,,199
S008405,East India,Desktop,Basic,2024-08-01,,199
S008406,South India,Smart TV,Standard,2024-08-07,2025-01-01,399
S008407,South India,Mobile,Basic,2024-06-23,,199
S008408,South India,Smart TV,Standard,2024-04-01,,399
S008409,North India,Mobile,Basic,2024-02-20,,199
S008410,Maharashtra,Mobile,Standard,2024-10-29,,399
S008411,North India,Laptop,Premium,2024-06-30,,699
S008412,North India,Smart TV,Standard,2024-01-02,,399
S008413,Karnataka,Mobile,Basic,2024-02-15,,199
S008414,East India,Smart TV,Premium,2024-01-28,,699
S008415,West India,Smart TV,Premium,2024-09-14,,699
S008416,Maharashtra,Desktop,Basic,2024-03-23,,199
S008417,North India,Smart TV,Basic,2024-01-18,2024-03-10,199
S008418,North India,Mobile,Premium,2024-01-10,,699
S008419,West India,Smart TV,Basic,2024-04-18,,199
S008420,East India,Smart TV,Premium,2024-12-18,,699
S008421,North India,Mobile,Basic,2024-02-25,,199
S008422,South India,Smart TV,Basic,2024-10-07,,199
S008423,South India,Smart TV,Basic,2024-09-19,,199
S008424,East India,Mobile,Basic,2024-04-13,,199
S008425,South India,Laptop,Premium,2024-02-06,,699
S008426,East India,Tablet,Premium,2024-08-08,,699
S008427,North India,Smart TV,Premium,2024-04-26,,699
S008428,Karnataka,Mobile,Premium,2024-03-14,,699
S008429,Karnataka,Mobile,Basic,2024-05-28,,199
S008430,East India,Smart TV,Basic,2024-05-23,,199
S008431,South India,Laptop,Standard,2024-11-12,,399
S008432,Karnataka,Mobile,Basic,2024-01-30,,199
S008433,Karnataka,Tablet,Basic,2024-09-11,,199
S008434,Maharashtra,Mobile,Standard,2024-06-29,,399
S008435,South India,Smart TV,Basic,2024-05-01,2024-08-09,199
S008436,East India,Mobile,Standard,2024-10-05,,399
S008437,Maharashtra,Tablet,Premium,2024-08-04,,699
S008438,South India,Smart TV,Standard,2024-11-22,2025-04-04,399
S008439,North India,Laptop,Basic,2024-01-07,,199
S008440,East India,Smart TV,Standard,2024-02-14,,399
S008441,Karnataka,Smart TV,Standard,2024-08-16,,399
S008442,Karnataka,Laptop,Standard,2024-03-08,,399
S008443,North India,Smart TV,Premium,2024-04-25,2024-06-22,699
S008444,Karnataka,Mobile,Basic,2024-12-16,,199
S008445,West India,Smart TV,Premium,2024-01-06,2024-05-23,699
S008446,North India,Mobile,Standard,2024-01-19,,399
S008447,North India,Smart TV,Premium,2024-06-08,,699
S008448,Karnataka,Mobile,Basic,2024-12-19,,199
S008449,Karnataka,Laptop,Basic,2024-03-26,,199
S008450,South India,Laptop,Basic,2024-12-24,,199
S008451,South India,Smart TV,Basic,2024-10-10,,199
S008452,East India,Mobile,Basic,2024-12-08,,199
S008453,West India,Smart TV,Premium,2024-11-10,,699
S008454,East India,Smart TV,Standard,2024-03-01,2024-03-31,399
S008455,West India,Smart TV,Basic,2024-01-17,,199
S008456,East India,Laptop,Basic,2024-02-01,,199
S008457,West India,Tablet,Standard,2024-12-01,,399
S008458,East India,Mobile,Standard,2024-01-31,2024-06-15,399
S008459,Maharashtra,Laptop,Basic,2024-04-26,,199
S008460,Karnataka,Smart TV,Premium,2024-07-06,,699
S008461,South India,Laptop,Basic,2024-07-14,2025-01-03,199
S008462,Karnataka,Mobile,Premium,2024-06-21,,699
S008463,West India,Laptop,Standard,2024-08-24,,399
S008464,South India,Smart TV,Premium,2024-02-16,,699
S008465,Karnataka,Smart TV,Standard,2024-11-23,,399
S008466,East India,Laptop,Basic,2024-09-03,,199
S008467,West India,Smart TV,Basic,2024-03-21,,199
S008468,North India,Tablet,Basic,2024-12-28,2025-05-18,199
S008469,North India,Mobile,Basic,2024-04-15,,199
S008470,East India,Smart TV,Standard,2024-07-28,,399
S008471,South India,Desktop,Standard,2024-10-26,,399
S008472,North India,Laptop,Standard,2024-08-27,2025-01-30,399
S008473,Maharashtra,Laptop,Basic,2024-04-20,,199
S008474,East India,Laptop,Basic,2024-07-15,,199
S008475,South India,Mobile,Basic,2024-05-27,,199
S008476,East India,Smart TV,Basic,2024-01-22,,199
S008477,South India,Smart TV,Standard,2024-05-31,,399
S008478,West India,Smart TV,Standard,2024-08-21,,399
S008479,East India,Desktop,Premium,2024-06-17,,699
S008480,North India,Laptop,Premium,2024-05-12,2024-09-30,699
S008481,West India,Mobile,Basic,2024-11-09,,199
S008482,North India,Laptop,Premium,2024-08-28,,699
S008483,North India,Mobile,Basic,2024-03-11,,199
S008484,West India,Mobile,Basic,2024-07-02,,199
S008485,Karnataka,Mobile,Standard,2024-07-03,,399
S008486,East India,Laptop,Premium,2024-05-27,,699
S008487,East India,Mobile,Basic,2024-06-13,,199
S008488,East India,Mobile,Basic,2024-10-13,,199
S008489,East India,Tablet,Basic,2024-01-20,,199
S008490,West India,Mobile,Basic,2024-09-07,,199
S008491,West India,Smart TV,Basic,2024-11-24,,199
S008492,Karnataka,Mobile,Basic,2024-09-25,,199
S008493,South India,Mobile,Standard,2024-08-17,,399
S008494,West India,Smart TV,Basic,2024-11-22,,199
S008495,North India,Mobile,Standard,2024-09-07,,399
S008496,West India,Smart TV,Premium,2024-12-07,,699
S008497,North India,Smart TV,Basic,2024-02-08,,199
S008498,East India,Smart TV,Basic,2024-04-24,,199
S008499,South India,Laptop,Basic,2024-04-11,,199
S008500,North India,Laptop,Standard,2024-08-27,,399
S008501,North India,Smart TV,Basic,2024-10-03,,199
S008502,South India,Mobile,Standard,2024-05-19,2024-11-02,399
S008503,Karnataka,Mobile,Basic,2024-09-07,,199
S008504,West India,Mobile,Basic,2024-03-31,,199
S008505,South India,Tablet,Basic,2024-08-20,,199
S008506,East India,Mobile,Premium,2024-04-05,,699
S008507,North India,Smart TV,Basic,2024-03-02,2024-08-20,199
S008508,Karnataka,Laptop,Basic,2024-07-08,,199
S008509,Maharashtra,Laptop,Basic,2024-08-22,,199
S008510,South India,Tablet,Premium,2024-05-20,,699
S008511,North India,Mobile,Premium,2024-12-29,2025-03-22,699
S008512,North India,Laptop,Standard,2024-02-08,,399
S008513,Maharashtra,Mobile,Basic,2024-08-24,2024-12-18,199
S008514,East India,Mobile,Premium,2024-10-14,,699
S008515,West India,Smart TV,Premium,2024-03-28,,699
S008516,South India,Mobile,Basic,2024-12-04,,199
S008517,West India,Mobile,Premium,2024-02-13,,699
S008518,East India,Tablet,Standard,2024-07-18,,399
S008519,Karnataka,Laptop,Basic,2024-08-24,,199
S008520,Maharashtra,Tablet,Standard,2024-04-06,,399
S008521,North India,Smart TV,Standard,2024-02-11,,399
S008522,Maharashtra,Mobile,Basic,2024-10-05,,199
S008523,West India,Desktop,Basic,2024-11-24,,199
S008524,East India,Smart TV,Basic,2024-03-07,2024-07-17,199
S008525,South India,Mobile,Premium,2024-02-21,2024-08-15,699
S008526,North India,Smart TV,Basic,2024-02-21,,199
S008527,North India,Smart TV,Premium,2024-06-12,,699
S008528,West India,Mobile,Basic,2024-01-03,,199
S008529,Karnataka,Mobile,Basic,2024-07-31,2024-12-27,199
S008530,West India,Mobile,Basic,2024-02-10,2024-07-19,199
S008531,East India,Desktop,Basic,2024-10-29,,199
S008532,East India,Smart TV,Basic,2024-01-05,,199
S008533,Maharashtra,Mobile,Standard,2024-02-05,,399
S008534,North India,Mobile,Basic,2024-09-23,,199
S008535,South India,Mobile,Basic,2024-09-16,2025-01-15,199
S008536,Maharashtra,Mobile,Basic,2024-06-23,,199
S008537,East India,Smart TV,Basic,2024-06-04,2024-07-23,199
S008538,South India,Laptop,Basic,2024-06-20,2024-09-30,199
S008539,Maharashtra,Mobile,Premium,2024-01-11,,699
S008540,Maharashtra,Tablet,Premium,2024-02-21,,699
S008541,North India,Mobile,Basic,2024-05-12,,199
S008542,South India,Laptop,Premium,2024-03-08,2024-08-13,699
S008543,Maharashtra,Mobile,Basic,2024-07-14,,199
S008544,Maharashtra,Laptop,Premium,2024-11-12,,699
S008545,North India,Smart TV,Basic,2024-06-22,,199
S008546,West India,Smart TV,Basic,2024-10-14,,199
S008547,South India,Smart TV,Basic,2024-03-07,,199
S008548,North India,Smart TV,Basic,2024-01-16,,199
S008549,West India,Tablet,Basic,2024-10-25,,199
S008550,Karnataka,Mobile,Basic,2024-11-12,,199
S008551,North India,Mobile,Standard,2024-12-13,,399
S008552,Karnataka,Mobile,Basic,2024-01-07,,199
S008553,Karnataka,Mobile,Standard,2024-10-12,,399
S008554,South India,Laptop,Premium,2024-12-30,2025-06-24,699
S008555,South India,Mobile,Standard,2024-05-11,,399
S008556,North India,Laptop,Premium,2024-06-29,,699
S008557,South India,Mobile,Premium,2024-07-18,,699
S008558,South India,Laptop,Premium,2024-09-22,,699
S008559,Maharashtra,Mobile,Standard,2024-06-21,,399
S008560,Karnataka,Mobile,Basic,2024-10-19,,199
S008561,East India,Mobile,Premium,2024-02-06,,699
S008562,East India,Mobile,Standard,2024-10-25,,399
S008563,Karnataka,Mobile,Basic,2024-10-03,,199
S008564,South India,Mobile,Basic,2024-08-18,,199
S008565,Maharashtra,Tablet,Premium,2024-08-14,,699
S008566,East India,Mobile,Standard,2024-07-17,,399
S008567,East India,Smart TV,Basic,2024-06-25,,199
S008568,South India,Mobile,Standard,2024-01-21,,399
S008569,South India,Smart TV,Premium,2024-06-26,,699
S008570,Karnataka,Smart TV,Standard,2024-12-21,,399
S008571,West India,Mobile,Premium,2024-10-03,2024-12-26,699
S008572,North India,Tablet,Basic,2024-07-19,,199
S008573,South India,Smart TV,Basic,2024-06-15,,199
S008574,West India,Smart TV,Standard,2024-08-08,,399
S008575,North India,Mobile,Basic,2024-10-30,2025-01-23,199
S008576,West India,Mobile,Basic,2024-07-20,,199
S008577,East India,Tablet,Standard,2024-12-21,,399
S008578,West India,Mobile,Standard,2024-12-26,,399
S008579,Karnataka,Smart TV,Standard,2024-06-18,,399
S008580,Karnataka,Laptop,Basic,2024-05-07,,199
S008581,Maharashtra,Smart TV,Premium,2024-10-14,,699
S008582,East India,Desktop,Standard,2024-01-11,2024-06-18,399
S008583,East India,Laptop,Basic,2024-08-23,,199
S008584,Karnataka,Mobile,Standard,2024-09-07,,399
S008585,North India,Smart TV,Standard,2024-08-04,,399
S008586,North India,Mobile,Premium,2024-06-22,,699
S008587,North India,Smart TV,Standard,2024-09-17,,399
S008588,Maharashtra,Mobile,Premium,2024-05-16,,699
S008589,West India,Mobile,Premium,2024-12-06,,699
S008590,South India,Mobile,Premium,2024-02-02,,699
S008591,Maharashtra,Mobile,Basic,2024-11-18,,199
S008592,North India,Smart TV,Premium,2024-12-30,,699
S008593,West India,Mobile,Basic,2024-07-29,,199
S008594,Maharashtra,Laptop,Basic,2024-05-28,2024-10-25,199
S008595,West India,Mobile,Premium,2024-07-21,,699
S008596,North India,Mobile,Basic,2024-03-10,,199
S008597,Karnataka,Mobile,Premium,2024-08-27,2025-01-13,699
S008598,West India,Tablet,Standard,2024-06-13,,399
S008599,Karnataka,Mobile,Standard,2024-03-05,,399
S008600,Maharashtra,Mobile,Basic,2024-08-04,,199
S008601,Maharashtra,Tablet,Standard,2024-04-11,,399
S008602,Maharashtra,Laptop,Standard,2024-03-20,,399
S008603,South India,Laptop,Basic,2024-12-07,,199
S008604,West India,Mobile,Basic,2024-10-25,,199
S008605,South India,Smart TV,Standard,2024-10-29,,399
S008606,North India,Tablet,Basic,2024-12-10,2025-05-27,199
S008607,East India,Mobile,Basic,2024-07-01,,199
S008608,South India,Mobile,Premium,2024-07-08,,699
S008609,South India,Smart TV,Basic,2024-07-16,,199
S008610,North India,Smart TV,Premium,2024-02-06,,699
S008611,East India,Mobile,Standard,2024-04-15,,399
S008612,East India,Mobile,Basic,2024-06-06,,199
S008613,North India,Smart TV,Basic,2024-04-17,,199
S008614,West India,Smart TV,Basic,2024-10-10,2024-11-11,199
S008615,West India,Smart TV,Standard,2024-01-09,,399
S008616,Maharashtra,Smart TV,Standard,2024-01-13,,399
S008617,North India,Mobile,Standard,2024-07-16,2024-12-01,399
S008618,Karnataka,Mobile,Basic,2024-10-25,,199
S008619,Karnataka,Smart TV,Premium,2024-02-12,,699
S008620,North India,Mobile,Standard,2024-08-15,,399
S008621,Maharashtra,Laptop,Standard,2024-07-04,,399
S008622,West India,Laptop,Basic,2024-04-19,2024-10-07,199
S008623,East India,Smart TV,Basic,2024-03-20,,199
S008624,Maharashtra,Tablet,Standard,2024-10-22,,399
S008625,West India,Smart TV,Basic,2024-02-21,,199
S008626,East India,Mobile,Basic,2024-01-03,,199
S008627,East India,Smart TV,Standard,2024-09-21,,399
S008628,East India,Mobile,Premium,2024-10-13,,699
S008629,North India,Tablet,Standard,2024-11-22,,399
S008630,South India,Smart TV,Basic,2024-08-19,,199
S008631,Maharashtra,Mobile,Basic,2024-12-18,,199
S008632,South India,Mobile,Basic,2024-04-22,2024-07-26,199
S008633,North India,Desktop,Basic,2024-11-25,,199
S008634,North India,Smart TV,Basic,2024-02-29,2024-03-31,199
S008635,South India,Laptop,Basic,2024-11-27,,199
S008636,Karnataka,Smart TV,Standard,2024-09-07,,399
S008637,North India,Laptop,Standard,2024-10-03,,399
S008638,North India,Mobile,Premium,2024-01-19,,699
S008639,Karnataka,Smart TV,Premium,2024-05-02,,699
S008640,East India,Smart TV,Basic,2024-02-01,2024-07-23,199
S008641,West India,Mobile,Basic,2024-02-24,,199
S008642,West India,Mobile,Standard,2024-04-23,,399
S008643,West India,Tablet,Standard,2024-07-28,2024-12-03,399
S008644,Karnataka,Laptop,Basic,2024-07-31,,199
S008645,East India,Smart TV,Standard,2024-10-11,,399
S008646,West India,Mobile,Basic,2024-10-21,2025-01-01,199
S008647,Karnataka,Laptop,Basic,2024-02-23,,199
S008648,Maharashtra,Laptop,Basic,2024-12-08,,199
S008649,North India,Smart TV,Basic,2024-05-13,,199
S008650,Maharashtra,Mobile,Basic,2024-11-19,,199
S008651,East India,Laptop,Premium,2024-06-14,,699
S008652,Karnataka,Laptop,Standard,2024-09-28,,399
S008653,East India,Tablet,Basic,2024-05-16,,199
S008654,Maharashtra,Smart TV,Standard,2024-12-27,2025-04-02,399
S008655,East India,Desktop,Standard,2024-09-16,,399
S008656,West India,Laptop,Standard,2024-11-17,,399
S008657,Maharashtra,Desktop,Basic,2024-06-16,2024-10-03,199
S008658,Maharashtra,Laptop,Standard,2024-06-16,,399
S008659,Maharashtra,Mobile,Premium,2024-08-13,,699
S008660,West India,Mobile,Premium,2024-03-30,,699
S008661,East India,Smart TV,Basic,2024-06-08,,199
S008662,South India,Mobile,Premium,2024-05-20,,699
S008663,South India,Tablet,Premium,2024-08-03,,699
S008664,Maharashtra,Smart TV,Standard,2024-10-11,,399
S008665,South India,Laptop,Premium,2024-09-19,,699
S008666,North India,Tablet,Basic,2024-10-22,,199
S008667,Maharashtra,Smart TV,Basic,2024-05-23,2024-10-14,199
S008668,South India,Tablet,Standard,2024-07-19,,399
S008669,Karnataka,Mobile,Premium,2024-06-06,,699
S008670,North India,Laptop,Premium,2024-03-15,,699
S008671,Maharashtra,Laptop,Basic,2024-03-02,,199
S008672,West India,Laptop,Premium,2024-04-06,,699
S008673,West India,Laptop,Premium,2024-09-07,,699
S008674,West India,Mobile,Basic,2024-04-04,,199
S008675,Maharashtra,Mobile,Basic,2024-07-27,,199
S008676,South India,Desktop,Premium,2024-06-21,,699
S008677,South India,Mobile,Standard,2024-06-16,,399
S008678,South India,Laptop,Standard,2024-05-09,,399
S008679,West India,Mobile,Basic,2024-08-25,,199
S008680,Maharashtra,Tablet,Basic,2024-12-15,,199
S008681,East India,Laptop,Basic,2024-02-02,,199
S008682,North India,Smart TV,Basic,2024-09-05,2024-11-03,199
S008683,Karnataka,Laptop,Standard,2024-07-10,2024-08-18,399
S008684,Maharashtra,Desktop,Basic,2024-12-09,,199
S008685,North India,Mobile,Basic,2024-11-25,,199
S008686,Maharashtra,Mobile,Basic,2024-01-03,,199
S008687,East India,Laptop,Basic,2024-10-03,2025-03-16,199
S008688,Maharashtra,Tablet,Basic,2024-11-06,,199
S008689,Maharashtra,Mobile,Standard,2024-03-03,,399
S008690,West India,Mobile,Standard,2024-11-20,,399
S008691,South India,Tablet,Standard,2024-03-12,,399
S008692,East India,Tablet,Standard,2024-05-29,,399
S008693,Maharashtra,Laptop,Standard,2024-11-22,2025-03-10,399
S008694,East India,Tablet,Standard,2024-11-16,2025-01-20,399
S008695,South India,Smart TV,Premium,2024-05-25,,699
S008696,Karnataka,Mobile,Basic,2024-01-13,,199
S008697,East India,Mobile,Standard,2024-08-10,,399
S008698,West India,Desktop,Basic,2024-02-19,,199
S008699,East India,Tablet,Standard,2024-03-09,,399
S008700,South India,Mobile,Standard,2024-02-25,2024-04-20,399
S008701,South India,Desktop,Basic,2024-06-06,,199
S008702,West India,Mobile,Basic,2024-10-15,,199
S008703,North India,Tablet,Basic,2024-08-24,,199
S008704,West India,Laptop,Basic,2024-11-24,,199
S008705,East India,Mobile,Basic,2024-06-09,,199
S008706,Maharashtra,Mobile,Standard,2024-12-30,2025-06-15,399
S008707,South India,Smart TV,Basic,2024-11-23,,199
S008708,Karnataka,Smart TV,Standard,2024-10-23,2024-12-13,399
S008709,South India,Tablet,Basic,2024-05-21,,199
S008710,North India,Tablet,Standard,2024-01-27,,399
S008711,North India,Mobile,Premium,2024-11-08,2025-03-25,699
S008712,Maharashtra,Laptop,Standard,2024-02-09,,399
S008713,East India,Mobile,Premium,2024-07-07,,699
S008714,East India,Mobile,Standard,2024-02-27,,399
S008715,North India,Tablet,Premium,2024-04-08,,699
S008716,East India,Laptop,Basic,2024-04-14,,199
S008717,Maharashtra,Smart TV,Basic,2024-01-18,,199
S008718,South India,Mobile,Basic,2024-10-21,2025-01-10,199
S008719,Karnataka,Laptop,Premium,2024-07-11,,699
S008720,Maharashtra,Laptop,Premium,2024-07-07,,699
S008721,West India,Smart TV,Basic,2024-06-14,,199
S008722,East India,Mobile,Standard,2024-01-17,,399
S008723,South India,Mobile,Basic,2024-06-04,,199
S008724,East India,Mobile,Basic,2024-08-09,,199
S008725,North India,Laptop,Basic,2024-08-12,,199
S008726,South India,Mobile,Basic,2024-02-24,,199
S008727,South India,Laptop,Basic,2024-01-10,,199
S008728,West India,Smart TV,Basic,2024-09-01,2024-12-24,199
S008729,Maharashtra,Mobile,Standard,2024-12-27,,399
S008730,Karnataka,Mobile,Standard,2024-08-01,,399
S008731,Karnataka,Smart TV,Standard,2024-08-20,2024-09-19,399
S008732,East India,Smart TV,Premium,2024-03-05,,699
S008733,Karnataka,Smart TV,Standard,2024-01-28,,399
S008734,West India,Smart TV,Basic,2024-03-20,,199
S008735,South India,Desktop,Basic,2024-11-11,,199
S008736,East India,Tablet,Premium,2024-08-26,,699
S008737,Maharashtra,Laptop,Basic,2024-08-05,2024-11-21,199
S008738,North India,Mobile,Basic,2024-10-11,,199
S008739,South India,Tablet,Standard,2024-12-18,,399
S008740,West India,Laptop,Standard,2024-03-30,,399
S008741,North India,Mobile,Standard,2024-08-27,,399
S008742,North India,Mobile,Standard,2024-02-15,,399
S008743,North India,Laptop,Standard,2024-10-30,,399
S008744,North India,Mobile,Standard,2024-08-16,,399
S008745,North India,Tablet,Premium,2024-04-10,,699
S008746,Maharashtra,Tablet,Premium,2024-03-02,,699
S008747,North India,Mobile,Basic,2024-05-17,,199
S008748,East India,Smart TV,Standard,2024-04-16,,399
S008749,West India,Mobile,Basic,2024-04-29,,199
S008750,Maharashtra,Mobile,Basic,2024-04-27,2024-09-27,199
S008751,Karnataka,Laptop,Premium,2024-11-04,,699
S008752,West India,Mobile,Basic,2024-06-22,,199
S008753,Karnataka,Mobile,Basic,2024-07-25,,199
S008754,Maharashtra,Smart TV,Standard,2024-07-22,,399
S008755,East India,Mobile,Basic,2024-11-26,,199
S008756,Maharashtra,Smart TV,Basic,2024-05-12,2024-09-07,199
S008757,South India,Mobile,Standard,2024-09-12,,399
S008758,West India,Tablet,Standard,2024-08-16,,399
S008759,East India,Mobile,Standard,2024-02-29,,399
S008760,Maharashtra,Mobile,Standard,2024-08-30,,399
S008761,Maharashtra,Mobile,Basic,2024-02-27,2024-08-05,199
S008762,South India,Smart TV,Basic,2024-10-29,2025-04-04,199
S008763,South India,Laptop,Premium,2024-12-30,,699
S008764,West India,Mobile,Basic,2024-07-30,2024-09-09,199
S008765,Maharashtra,Mobile,Basic,2024-07-29,2024-09-05,199
S008766,East India,Mobile,Basic,2024-11-15,,199
S008767,West India,Desktop,Standard,2024-12-23,,399
S008768,East India,Laptop,Basic,2024-05-03,2024-08-17,199
S008769,North India,Mobile,Basic,2024-09-04,,199
S008770,East India,Tablet,Premium,2024-09-15,,699
S008771,West India,Mobile,Standard,2024-03-18,,399
S008772,West India,Smart TV,Standard,2024-11-19,,399
S008773,North India,Mobile,Basic,2024-08-10,,199
S008774,Karnataka,Laptop,Standard,2024-03-02,,399
S008775,Maharashtra,Desktop,Premium,2024-09-28,2025-03-22,699
S008776,North India,Smart TV,Basic,2024-02-09,,199
S008777,South India,Smart TV,Standard,2024-02-05,,399
S008778,West India,Smart TV,Standard,2024-10-01,,399
S008779,South India,Laptop,Standard,2024-10-11,,399
S008780,Maharashtra,Smart TV,Standard,2024-12-03,,399
S008781,Karnataka,Mobile,Basic,2024-01-24,,199
S008782,Maharashtra,Laptop,Standard,2024-08-17,,399
S008783,Maharashtra,Tablet,Standard,2024-01-11,,399
S008784,East India,Laptop,Premium,2024-12-09,,699
S008785,West India,Mobile,Premium,2024-09-19,,699
S008786,East India,Smart TV,Basic,2024-10-26,2025-01-24,199
S008787,Karnataka,Mobile,Standard,2024-10-26,,399
S008788,East India,Smart TV,Basic,2024-04-21,,199
S008789,South India,Tablet,Basic,2024-08-25,2024-11-01,199
S008790,West India,Smart TV,Basic,2024-03-29,,199
S008791,East India,Tablet,Basic,2024-03-10,,199
S008792,Karnataka,Mobile,Premium,2024-12-25,2025-04-14,699
S008793,South India,Smart TV,Premium,2024-12-09,,699
S008794,Karnataka,Mobile,Standard,2024-02-13,,399
S008795,Maharashtra,Mobile,Premium,2024-10-13,,699
S008796,Maharashtra,Desktop,Standard,2024-09-25,,399
S008797,East India,Mobile,Basic,2024-12-05,,199
S008798,North India,Laptop,Basic,2024-02-16,,199
S008799,South India,Mobile,Basic,2024-01-15,,199
S008800,West India,Tablet,Premium,2024-03-21,,699
S008801,Maharashtra,Laptop,Basic,2024-07-11,,199
S008802,West India,Laptop,Premium,2024-11-01,,699
S008803,Maharashtra,Mobile,Standard,2024-03-24,,399
S008804,Maharashtra,Mobile,Standard,2024-01-11,,399
S008805,Maharashtra,Smart TV,Basic,2024-08-20,,199
S008806,Maharashtra,Smart TV,Basic,2024-11-15,,199
S008807,North India,Laptop,Standard,2024-08-15,,399
S008808,West India,Smart TV,Standard,2024-01-09,,399
S008809,West India,Laptop,Standard,2024-07-10,,399
S008810,Maharashtra,Mobile,Premium,2024-01-04,,699
S008811,South India,Smart TV,Premium,2024-11-27,2025-05-21,699
S008812,West India,Mobile,Standard,2024-09-09,,399
S008813,Maharashtra,Smart TV,Standard,2024-12-05,,399
S008814,North India,Smart TV,Standard,2024-02-14,,399
S008815,North India,Laptop,Premium,2024-05-26,,699
S008816,South India,Tablet,Standard,2024-12-23,,399
S008817,Karnataka,Desktop,Premium,2024-08-02,,699
S008818,North India,Mobile,Basic,2024-05-10,,199
S008819,South India,Smart TV,Basic,2024-12-24,2025-03-03,199
S008820,West India,Mobile,Standard,2024-01-11,,399
S008821,Maharashtra,Smart TV,Basic,2024-04-05,,199
S008822,North India,Mobile,Standard,2024-03-23,,399
S008823,South India,Smart TV,Basic,2024-03-23,,199
S008824,East India,Mobile,Basic,2024-05-23,,199
S008825,East India,Laptop,Standard,2024-08-25,2024-12-06,399
S008826,North India,Smart TV,Basic,2024-12-28,,199
S008827,East India,Mobile,Premium,2024-12-18,,699
S008828,Karnataka,Mobile,Basic,2024-07-08,,199
S008829,West India,Smart TV,Basic,2024-09-10,,199
S008830,Maharashtra,Mobile,Premium,2024-05-11,,699
S008831,Maharashtra,Smart TV,Basic,2024-08-18,,199
S008832,Maharashtra,Laptop,Standard,2024-08-09,2025-01-19,399
S008833,South India,Laptop,Standard,2024-04-04,,399
S008834,South India,Mobile,Basic,2024-12-23,,199
S008835,East India,Smart TV,Basic,2024-12-18,,199
S008836,South India,Tablet,Premium,2024-01-30,2024-04-24,699
S008837,North India,Mobile,Premium,2024-11-04,,699
S008838,Maharashtra,Laptop,Basic,2024-09-07,,199
S008839,Maharashtra,Smart TV,Standard,2024-11-26,,399
S008840,Karnataka,Smart TV,Basic,2024-12-30,,199
S008841,South India,Laptop,Basic,2024-12-18,,199
S008842,West India,Laptop,Standard,2024-03-02,2024-08-20,399
S008843,West India,Laptop,Standard,2024-07-20,,399
S008844,East India,Laptop,Standard,2024-04-14,2024-05-17,399
S008845,South India,Mobile,Basic,2024-06-02,,199
S008846,North India,Mobile,Basic,2024-02-04,,199
S008847,East India,Smart TV,Standard,2024-07-10,,399
S008848,North India,Laptop,Standard,2024-05-20,,399
S008849,North India,Tablet,Standard,2024-04-08,2024-07-13,399
S008850,North India,Tablet,Basic,2024-12-12,,199
S008851,Maharashtra,Mobile,Standard,2024-02-29,,399
S008852,Maharashtra,Laptop,Basic,2024-02-11,,199
S008853,North India,Mobile,Basic,2024-02-07,2024-07-25,199
S008854,Karnataka,Mobile,Premium,2024-01-28,,699
S008855,East India,Mobile,Basic,2024-07-22,,199
S008856,South India,Laptop,Premium,2024-09-09,,699
S008857,South India,Mobile,Basic,2024-02-03,,199
S008858,East India,Smart TV,Standard,2024-01-08,2024-06-23,399
S008859,Maharashtra,Smart TV,Standard,2024-11-19,,399
S008860,North India,Tablet,Standard,2024-09-20,,399
S008861,West India,Mobile,Premium,2024-03-18,2024-08-05,699
S008862,South India,Tablet,Basic,2024-07-14,,199
S008863,South India,Laptop,Basic,2024-03-13,,199
S008864,East India,Smart TV,Basic,2024-03-12,,199
S008865,Karnataka,Tablet,Basic,2024-10-31,,199
S008866,Karnataka,Desktop,Premium,2024-07-13,2024-10-17,699
S008867,South India,Mobile,Basic,2024-12-06,,199
S008868,Karnataka,Smart TV,Standard,2024-12-07,,399
S008869,South India,Desktop,Basic,2024-03-26,,199
S008870,South India,Mobile,Standard,2024-02-12,,399
S008871,West India,Smart TV,Standard,2024-04-22,,399
S008872,Maharashtra,Laptop,Basic,2024-09-02,,199
S008873,North India,Tablet,Premium,2024-12-26,,699
S008874,East India,Mobile,Basic,2024-11-21,,199
S008875,East India,Mobile,Premium,2024-02-05,,699
S008876,West India,Tablet,Premium,2024-04-02,,699
S008877,North India,Tablet,Standard,2024-07-13,,399
S008878,Maharashtra,Mobile,Basic,2024-12-23,,199
S008879,Maharashtra,Smart TV,Basic,2024-01-20,,199
S008880,Maharashtra,Laptop,Standard,2024-09-09,2025-03-07,399
S008881,Maharashtra,Mobile,Standard,2024-04-09,,399
S008882,South India,Laptop,Basic,2024-01-31,,199
S008883,North India,Laptop,Premium,2024-05-06,,699
S008884,North India,Laptop,Basic,2024-09-23,,199
S008885,North India,Tablet,Standard,2024-09-18,,399
S008886,North India,Smart TV,Basic,2024-07-29,,199
S008887,West India,Mobile,Basic,2024-08-19,,199
S008888,West India,Mobile,Basic,2024-09-09,2024-11-12,199
S008889,South India,Smart TV,Standard,2024-08-08,,399
S008890,Karnataka,Mobile,Basic,2024-03-22,,199
S008891,Maharashtra,Smart TV,Premium,2024-07-19,,699
S008892,East India,Smart TV,Premium,2024-07-10,,699
S008893,Maharashtra,Smart TV,Standard,2024-08-05,,399
S008894,East India,Smart TV,Basic,2024-04-11,,199
S008895,Maharashtra,Laptop,Basic,2024-03-28,,199
S008896,West India,Mobile,Standard,2024-03-29,2024-06-19,399
S008897,North India,Tablet,Premium,2024-02-20,2024-07-15,699
S008898,South India,Mobile,Standard,2024-03-26,,399
S008899,Maharashtra,Smart TV,Standard,2024-06-11,,399
S008900,Karnataka,Smart TV,Basic,2024-09-20,,199
S008901,West India,Mobile,Premium,2024-05-29,,699
S008902,Maharashtra,Tablet,Basic,2024-09-23,2025-01-19,199
S008903,North India,Tablet,Premium,2024-08-24,,699
S008904,Karnataka,Smart TV,Premium,2024-08-29,,699
S008905,West India,Smart TV,Standard,2024-01-21,,399
S008906,South India,Tablet,Premium,2024-09-22,,699
S008907,Maharashtra,Mobile,Standard,2024-09-01,,399
S008908,Maharashtra,Laptop,Standard,2024-06-18,,399
S008909,North India,Laptop,Basic,2024-11-25,,199
S008910,West India,Mobile,Basic,2024-05-26,2024-09-12,199
S008911,South India,Mobile,Premium,2024-10-21,2025-01-08,699
S008912,West India,Smart TV,Basic,2024-10-01,,199
S008913,South India,Smart TV,Basic,2024-11-13,2025-03-11,199
S008914,West India,Tablet,Basic,2024-02-23,,199
S008915,Karnataka,Laptop,Basic,2024-11-15,,199
S008916,North India,Mobile,Basic,2024-10-09,,199
S008917,Maharashtra,Smart TV,Basic,2024-04-06,,199
S008918,West India,Laptop,Standard,2024-11-11,,399
S008919,Karnataka,Smart TV,Basic,2024-12-25,,199
S008920,Maharashtra,Mobile,Premium,2024-06-15,,699
S008921,Karnataka,Smart TV,Basic,2024-05-26,,199
S008922,South India,Mobile,Basic,2024-02-28,,199
S008923,East India,Laptop,Basic,2024-06-28,2024-12-13,199
S008924,South India,Tablet,Premium,2024-03-04,,699
S008925,East India,Laptop,Basic,2024-05-24,,199
S008926,East India,Desktop,Standard,2024-01-17,,399
S008927,Maharashtra,Laptop,Standard,2024-05-09,,399
S008928,North India,Mobile,Basic,2024-01-06,,199
S008929,East India,Smart TV,Basic,2024-05-26,,199
S008930,West India,Laptop,Basic,2024-04-05,2024-07-29,199
S008931,West India,Tablet,Premium,2024-09-12,,699
S008932,Karnataka,Mobile,Basic,2024-06-02,,199
S008933,North India,Smart TV,Premium,2024-09-03,,699
S008934,South India,Laptop,Premium,2024-10-15,,699
S008935,West India,Laptop,Standard,2024-11-10,,399
S008936,South India,Smart TV,Basic,2024-10-05,,199
S008937,West India,Laptop,Standard,2024-09-02,2024-10-26,399
S008938,Karnataka,Smart TV,Standard,2024-07-07,,399
S008939,Maharashtra,Mobile,Basic,2024-01-14,2024-04-04,199
S008940,West India,Mobile,Basic,2024-05-09,,199
S008941,Maharashtra,Mobile,Basic,2024-10-14,,199
S008942,West India,Tablet,Basic,2024-06-05,,199
S008943,Karnataka,Smart TV,Basic,2024-02-07,,199
S008944,East India,Smart TV,Premium,2024-09-03,,699
S008945,South India,Mobile,Premium,2024-01-11,,699
S008946,North India,Laptop,Standard,2024-04-19,,399
S008947,East India,Mobile,Standard,2024-04-17,,399
S008948,East India,Mobile,Standard,2024-03-24,,399
S008949,North India,Desktop,Basic,2024-07-23,,199
S008950,East India,Laptop,Basic,2024-03-28,,199
S008951,West India,Mobile,Premium,2024-07-12,,699
S008952,Maharashtra,Desktop,Basic,2024-05-31,,199
S008953,Karnataka,Mobile,Standard,2024-03-22,,399
S008954,Maharashtra,Smart TV,Standard,2024-08-29,,399
S008955,East India,Laptop,Premium,2024-03-28,,699
S008956,Karnataka,Desktop,Premium,2024-02-22,,699
S008957,West India,Smart TV,Premium,2024-02-18,,699
S008958,North India,Mobile,Premium,2024-06-04,,699
S008959,East India,Smart TV,Standard,2024-08-13,,399
S008960,North India,Laptop,Basic,2024-01-05,2024-02-18,199
S008961,Maharashtra,Laptop,Standard,2024-08-05,2024-12-06,399
S008962,South India,Smart TV,Basic,2024-10-13,2025-01-07,199
S008963,Maharashtra,Mobile,Standard,2024-09-17,,399
S008964,Karnataka,Mobile,Basic,2024-02-17,,199
S008965,South India,Laptop,Premium,2024-10-01,,699
S008966,East India,Laptop,Basic,2024-03-29,,199
S008967,South India,Laptop,Basic,2024-06-17,,199
S008968,South India,Desktop,Basic,2024-04-15,,199
S008969,Karnataka,Mobile,Standard,2024-10-26,,399
S008970,Maharashtra,Mobile,Basic,2024-02-04,,199
S008971,North India,Laptop,Basic,2024-05-17,,199
S008972,Maharashtra,Smart TV,Basic,2024-05-02,,199
S008973,Maharashtra,Laptop,Premium,2024-08-30,,699
S008974,Maharashtra,Mobile,Standard,2024-01-10,,399
S008975,East India,Laptop,Basic,2024-08-21,,199
S008976,South India,Smart TV,Basic,2024-08-18,,199
S008977,South India,Smart TV,Standard,2024-10-22,2025-02-03,399
S008978,North India,Tablet,Basic,2024-04-03,,199
S008979,Maharashtra,Mobile,Premium,2024-12-25,,699
S008980,East India,Smart TV,Premium,2024-09-24,2024-11-03,699
S008981,Maharashtra,Smart TV,Standard,2024-08-25,,399
S008982,Karnataka,Smart TV,Basic,2024-07-25,,199
S008983,West India,Smart TV,Basic,2024-11-07,,199
S008984,Karnataka,Smart TV,Basic,2024-05-12,,199
S008985,Karnataka,Smart TV,Basic,2024-07-14,,199
S008986,Karnataka,Desktop,Basic,2024-10-31,,199
S008987,Maharashtra,Smart TV,Standard,2024-12-01,,399
S008988,North India,Smart TV,Basic,2024-01-22,,199
S008989,East India,Smart TV,Standard,2024-02-10,,399
S008990,Maharashtra,Mobile,Basic,2024-02-09,,199
S008991,South India,Smart TV,Premium,2024-03-04,,699
S008992,Karnataka,Tablet,Basic,2024-03-25,,199
S008993,East India,Mobile,Basic,2024-08-06,,199
S008994,West India,Mobile,Standard,2024-06-09,2024-07-10,399
S008995,Karnataka,Smart TV,Basic,2024-11-16,,199
S008996,North India,Desktop,Basic,2024-10-23,2025-01-29,199
S008997,North India,Mobile,Standard,2024-02-23,2024-07-31,399
S008998,West India,Mobile,Basic,2024-11-04,,199
S008999,East India,Smart TV,Premium,2024-08-21,,699
S009000,Karnataka,Mobile,Premium,2024-09-19,,699
S009001,East India,Tablet,Basic,2024-10-29,2025-03-02,199
S009002,South India,Mobile,Premium,2024-04-26,,699
S009003,Karnataka,Laptop,Premium,2024-05-04,,699
S009004,Karnataka,Mobile,Premium,2024-03-11,,699
S009005,East India,Desktop,Basic,2024-09-21,,199
S009006,Maharashtra,Laptop,Premium,2024-03-22,,699
S009007,Karnataka,Smart TV,Basic,2024-10-10,2025-02-27,199
S009008,East India,Mobile,Basic,2024-04-06,,199
S009009,West India,Mobile,Basic,2024-10-24,2024-11-30,199
S009010,North India,Smart TV,Standard,2024-01-21,,399
S009011,West India,Smart TV,Standard,2024-08-23,2024-11-06,399
S009012,South India,Laptop,Standard,2024-04-06,2024-07-07,399
S009013,East India,Mobile,Basic,2024-10-12,,199
S009014,South India,Laptop,Premium,2024-04-09,,699
S009015,East India,Smart TV,Standard,2024-11-11,,399
S009016,Maharashtra,Laptop,Premium,2024-08-30,,699
S009017,West India,Smart TV,Basic,2024-05-10,,199
S009018,North India,Mobile,Basic,2024-08-13,,199
S009019,North India,Laptop,Basic,2024-10-27,,199
S009020,Maharashtra,Mobile,Basic,2024-11-25,,199
S009021,Karnataka,Mobile,Standard,2024-02-04,,399
S009022,North India,Laptop,Basic,2024-07-13,,199
S009023,South India,Smart TV,Premium,2024-11-23,,699
S009024,East India,Mobile,Standard,2024-11-08,,399
S009025,Maharashtra,Laptop,Basic,2024-07-07,,199
S009026,West India,Smart TV,Premium,2024-04-19,,699
S009027,South India,Mobile,Premium,2024-08-21,,699
S009028,East India,Smart TV,Basic,2024-04-03,,199
S009029,East India,Laptop,Basic,2024-04-07,,199
S009030,North India,Desktop,Standard,2024-10-16,,399
S009031,South India,Smart TV,Standard,2024-05-09,,399
S009032,Karnataka,Smart TV,Basic,2024-04-17,,199
S009033,East India,Mobile,Standard,2024-04-30,,399
S009034,Maharashtra,Mobile,Standard,2024-10-11,,399
S009035,Karnataka,Smart TV,Basic,2024-09-08,,199
S009036,Karnataka,Laptop,Basic,2024-06-16,,199
S009037,North India,Smart TV,Standard,2024-02-25,,399
S009038,Karnataka,Smart TV,Basic,2024-01-14,,199
S009039,South India,Mobile,Basic,2024-06-15,,199
S009040,Karnataka,Smart TV,Standard,2024-07-29,,399
S009041,North India,Laptop,Premium,2024-07-10,,699
S009042,East India,Smart TV,Standard,2024-02-18,2024-06-06,399
S009043,South India,Smart TV,Premium,2024-01-26,,699
S009044,Karnataka,Mobile,Basic,2024-07-24,2024-10-31,199
S009045,East India,Smart TV,Basic,2024-05-21,,199
S009046,Karnataka,Tablet,Basic,2024-11-14,,199
S009047,Karnataka,Mobile,Standard,2024-10-19,,399
S009048,Maharashtra,Smart TV,Basic,2024-05-27,,199
S009049,North India,Tablet,Basic,2024-07-12,,199
S009050,North India,Smart TV,Basic,2024-02-22,,199
S009051,Maharashtra,Smart TV,Basic,2024-05-14,,199
S009052,West India,Mobile,Basic,2024-02-15,,199
S009053,Maharashtra,Mobile,Basic,2024-10-18,,199
S009054,South India,Smart TV,Standard,2024-04-12,,399
S009055,North India,Tablet,Standard,2024-02-27,,399
S009056,Maharashtra,Mobile,Basic,2024-07-26,,199
S009057,North India,Mobile,Basic,2024-08-15,,199
S009058,Maharashtra,Smart TV,Premium,2024-03-22,,699
S009059,West India,Laptop,Premium,2024-08-29,,699
S009060,North India,Smart TV,Basic,2024-01-01,,199
S009061,Karnataka,Tablet,Premium,2024-08-10,,699
S009062,Maharashtra,Tablet,Standard,2024-10-14,,399
S009063,Karnataka,Smart TV,Basic,2024-09-01,,199
S009064,Maharashtra,Laptop,Premium,2024-10-05,,699
S009065,Karnataka,Mobile,Basic,2024-08-02,,199
S009066,Karnataka,Smart TV,Basic,2024-02-11,,199
S009067,West India,Mobile,Standard,2024-05-06,,399
S009068,Karnataka,Mobile,Premium,2024-01-14,,699
S009069,East India,Smart TV,Standard,2024-05-23,,399
S009070,East India,Laptop,Basic,2024-12-19,,199
S009071,East India,Mobile,Premium,2024-01-12,,699
S009072,North India,Tablet,Basic,2024-09-29,,199
S009073,East India,Mobile,Premium,2024-10-21,,699
S009074,Maharashtra,Desktop,Basic,2024-04-17,,199
S009075,Karnataka,Tablet,Standard,2024-04-12,,399
S009076,Karnataka,Smart TV,Basic,2024-10-15,,199
S009077,West India,Mobile,Basic,2024-04-28,,199
S009078,West India,Smart TV,Basic,2024-10-14,,199
S009079,East India,Mobile,Basic,2024-03-01,,199
S009080,North India,Mobile,Premium,2024-09-04,2024-12-05,699
S009081,North India,Smart TV,Basic,2024-04-29,,199
S009082,Karnataka,Smart TV,Basic,2024-01-13,,199
S009083,West India,Tablet,Basic,2024-01-26,,199
S009084,North India,Mobile,Basic,2024-08-07,,199
S009085,North India,Mobile,Standard,2024-11-16,,399
S009086,South India,Mobile,Premium,2024-01-30,,699
S009087,Karnataka,Mobile,Standard,2024-05-03,,399
S009088,Maharashtra,Smart TV,Basic,2024-06-24,,199
S009089,East India,Mobile,Basic,2024-01-02,,199
S009090,North India,Laptop,Premium,2024-03-13,,699
S009091,North India,Laptop,Basic,2024-10-25,,199
S009092,Maharashtra,Smart TV,Standard,2024-10-03,,399
S009093,West India,Laptop,Premium,2024-11-12,,699
S009094,North India,Smart TV,Standard,2024-03-08,2024-05-19,399
S009095,North India,Desktop,Basic,2024-07-07,,199
S009096,North India,Mobile,Premium,2024-01-13,,699
S009097,Maharashtra,Smart TV,Premium,2024-04-20,,699
S009098,Maharashtra,Smart TV,Basic,2024-04-17,,199
S009099,Maharashtra,Smart TV,Basic,2024-09-17,,199
S009100,North India,Smart TV,Basic,2024-02-16,,199
S009101,East India,Laptop,Standard,2024-04-02,,399
S009102,Karnataka,Mobile,Basic,2024-11-07,,199
S009103,South India,Smart TV,Basic,2024-01-25,,199
S009104,West India,Laptop,Basic,2024-12-28,,199
S009105,Karnataka,Tablet,Basic,2024-12-22,,199
S009106,West India,Mobile,Premium,2024-08-30,,699
S009107,South India,Tablet,Basic,2024-04-07,,199
S009108,Karnataka,Mobile,Premium,2024-10-02,2024-11-24,699
S009109,South India,Mobile,Standard,2024-08-07,,399
S009110,East India,Mobile,Basic,2024-06-07,,199
S009111,North India,Smart TV,Basic,2024-08-22,,199
S009112,Maharashtra,Laptop,Basic,2024-03-09,2024-04-18,199
S009113,South India,Desktop,Standard,2024-11-15,,399
S009114,Maharashtra,Desktop,Standard,2024-07-19,,399
S009115,Karnataka,Mobile,Basic,2024-01-31,2024-03-06,199
S009116,South India,Smart TV,Premium,2024-05-18,,699
S009117,East India,Desktop,Standard,2024-04-04,,399
S009118,West India,Laptop,Standard,2024-08-12,,399
S009119,Karnataka,Smart TV,Basic,2024-10-19,,199
S009120,North India,Smart TV,Basic,2024-02-29,,199
S009121,East India,Smart TV,Standard,2024-10-30,,399
S009122,East India,Smart TV,Premium,2024-07-25,,699
S009123,Karnataka,Tablet,Basic,2024-10-16,,199
S009124,East India,Mobile,Basic,2024-06-24,,199
S009125,East India,Smart TV,Basic,2024-03-06,,199
S009126,Karnataka,Desktop,Standard,2024-12-13,,399
S009127,West India,Smart TV,Premium,2024-01-12,,699
S009128,East India,Mobile,Basic,2024-05-05,,199
S009129,West India,Smart TV,Standard,2024-09-11,,399
S009130,East India,Smart TV,Premium,2024-02-02,,699
S009131,South India,Smart TV,Standard,2024-04-29,,399
S009132,Maharashtra,Laptop,Basic,2024-05-08,,199
S009133,East India,Smart TV,Standard,2024-08-31,,399
S009134,South India,Smart TV,Premium,2024-06-15,,699
S009135,East India,Laptop,Basic,2024-10-15,,199
S009136,North India,Mobile,Premium,2024-12-23,,699
S009137,East India,Mobile,Standard,2024-04-28,,399
S009138,Karnataka,Mobile,Basic,2024-02-10,,199
S009139,South India,Laptop,Basic,2024-07-22,,199
S009140,East India,Mobile,Basic,2024-04-14,,199
S009141,West India,Tablet,Basic,2024-09-07,,199
S009142,West India,Laptop,Basic,2024-01-16,,199
S009143,South India,Smart TV,Standard,2024-05-16,2024-07-27,399
S009144,Maharashtra,Desktop,Standard,2024-03-17,,399
S009145,East India,Smart TV,Standard,2024-11-08,2025-05-03,399
S009146,West India,Smart TV,Standard,2024-11-18,2025-03-14,399
S009147,South India,Laptop,Basic,2024-12-13,,199
S009148,South India,Mobile,Standard,2024-05-21,,399
S009149,West India,Smart TV,Standard,2024-05-23,,399
S009150,Maharashtra,Mobile,Basic,2024-09-19,,199
S009151,South India,Smart TV,Basic,2024-03-22,,199
S009152,North India,Smart TV,Standard,2024-09-18,2024-12-30,399
S009153,South India,Mobile,Basic,2024-10-29,,199
S009154,East India,Laptop,Standard,2024-10-28,,399
S009155,East India,Laptop,Basic,2024-03-05,,199
S009156,Maharashtra,Mobile,Premium,2024-04-07,,699
S009157,East India,Smart TV,Basic,2024-03-03,,199
S009158,Maharashtra,Tablet,Basic,2024-08-06,,199
S009159,East India,Smart TV,Basic,2024-12-23,,199
S009160,South India,Smart TV,Basic,2024-11-20,,199
S009161,East India,Smart TV,Basic,2024-07-19,,199
S009162,Maharashtra,Mobile,Standard,2024-08-02,2025-01-12,399
S009163,Maharashtra,Smart TV,Basic,2024-08-17,,199
S009164,Maharashtra,Laptop,Basic,2024-04-12,,199
S009165,Maharashtra,Tablet,Basic,2024-05-27,2024-08-04,199
S009166,Maharashtra,Smart TV,Basic,2024-10-16,,199
S009167,South India,Laptop,Premium,2024-09-13,,699
S009168,Karnataka,Tablet,Basic,2024-08-11,,199
S009169,South India,Smart TV,Standard,2024-01-03,,399
S009170,South India,Mobile,Basic,2024-07-27,2024-12-21,199
S009171,North India,Smart TV,Basic,2024-12-16,,199
S009172,Maharashtra,Smart TV,Premium,2024-04-15,,699
S009173,South India,Tablet,Premium,2024-10-30,,699
S009174,Maharashtra,Mobile,Basic,2024-02-18,,199
S009175,East India,Mobile,Premium,2024-05-23,2024-06-28,699
S009176,East India,Mobile,Basic,2024-04-17,,199
S009177,West India,Laptop,Basic,2024-04-11,,199
S009178,South India,Desktop,Basic,2024-02-27,2024-07-27,199
S009179,East India,Smart TV,Standard,2024-12-08,,399
S009180,Karnataka,Smart TV,Standard,2024-05-01,,399
S009181,West India,Mobile,Premium,2024-05-05,,699
S009182,North India,Desktop,Basic,2024-01-03,2024-03-17,199
S009183,North India,Smart TV,Basic,2024-08-19,,199
S009184,Maharashtra,Smart TV,Standard,2024-10-08,2025-02-02,399
S009185,South India,Laptop,Basic,2024-02-26,,199
S009186,West India,Mobile,Basic,2024-07-12,2024-12-30,199
S009187,Karnataka,Mobile,Standard,2024-01-24,2024-03-21,399
S009188,Karnataka,Mobile,Standard,2024-10-12,,399
S009189,Karnataka,Smart TV,Basic,2024-09-27,,199
S009190,East India,Laptop,Basic,2024-12-22,,199
S009191,South India,Laptop,Basic,2024-07-21,,199
S009192,South India,Mobile,Basic,2024-10-10,,199
S009193,West India,Laptop,Basic,2024-09-01,,199
S009194,Karnataka,Laptop,Standard,2024-05-19,,399
S009195,Karnataka,Smart TV,Basic,2024-02-01,2024-07-15,199
S009196,Maharashtra,Desktop,Basic,2024-04-16,,199
S009197,North India,Mobile,Standard,2024-02-18,2024-04-10,399
S009198,East India,Tablet,Premium,2024-06-19,2024-10-06,699
S009199,East India,Smart TV,Premium,2024-02-14,,699
S009200,North India,Mobile,Premium,2024-01-01,,699
S009201,North India,Smart TV,Basic,2024-09-23,2025-01-23,199
S009202,South India,Mobile,Basic,2024-03-30,,199
S009203,Maharashtra,Laptop,Standard,2024-03-29,,399
S009204,East India,Mobile,Basic,2024-08-17,,199
S009205,Karnataka,Mobile,Basic,2024-06-09,,199
S009206,Karnataka,Mobile,Standard,2024-11-05,,399
S009207,West India,Tablet,Standard,2024-12-10,,399
S009208,South India,Smart TV,Standard,2024-12-06,,399
S009209,West India,Desktop,Basic,2024-07-09,,199
S009210,South India,Mobile,Standard,2024-10-20,,399
S009211,North India,Mobile,Standard,2024-02-23,,399
S009212,Maharashtra,Mobile,Basic,2024-09-24,,199
S009213,Maharashtra,Smart TV,Premium,2024-10-25,,699
S009214,South India,Smart TV,Basic,2024-01-24,,199
S009215,North India,Laptop,Premium,2024-08-09,,699
S009216,South India,Smart TV,Premium,2024-12-13,,699
S009217,South India,Laptop,Premium,2024-01-13,,699
S009218,Karnataka,Tablet,Basic,2024-11-05,,199
S009219,Maharashtra,Smart TV,Premium,2024-03-30,,699
S009220,South India,Mobile,Basic,2024-01-26,2024-04-01,199
S009221,West India,Mobile,Standard,2024-01-21,2024-07-07,399
S009222,Karnataka,Laptop,Basic,2024-10-19,,199
S009223,South India,Smart TV,Premium,2024-04-13,2024-08-24,699
S009224,West India,Mobile,Standard,2024-07-30,,399
S009225,South India,Laptop,Premium,2024-08-14,,699
S009226,North India,Smart TV,Basic,2024-05-18,,199
S009227,Maharashtra,Smart TV,Basic,2024-11-25,,199
S009228,South India,Smart TV,Premium,2024-10-09,,699
S009229,Maharashtra,Mobile,Standard,2024-10-16,,399
S009230,East India,Smart TV,Basic,2024-08-29,,199
S009231,North India,Smart TV,Standard,2024-04-22,,399
S009232,East India,Smart TV,Basic,2024-03-09,,199
S009233,Karnataka,Mobile,Premium,2024-02-19,,699
S009234,South India,Smart TV,Basic,2024-08-17,,199
S009235,North India,Mobile,Basic,2024-02-01,,199
S009236,East India,Laptop,Basic,2024-05-15,,199
S009237,Maharashtra,Smart TV,Premium,2024-11-24,,699
S009238,East India,Laptop,Standard,2024-03-23,,399
S009239,Maharashtra,Laptop,Premium,2024-07-09,,699
S009240,Karnataka,Mobile,Premium,2024-08-29,,699
S009241,Karnataka,Mobile,Standard,2024-12-24,,399
S009242,North India,Mobile,Basic,2024-10-28,,199
S009243,Karnataka,Mobile,Standard,2024-10-21,2025-02-02,399
S009244,Maharashtra,Smart TV,Basic,2024-03-23,,199
S009245,Maharashtra,Smart TV,Premium,2024-12-25,,699
S009246,Maharashtra,Mobile,Basic,2024-03-07,2024-04-10,199
S009247,Karnataka,Mobile,Premium,2024-12-01,,699
S009248,South India,Mobile,Premium,2024-04-20,,699
S009249,South India,Smart TV,Standard,2024-03-26,,399
S009250,West India,Smart TV,Basic,2024-05-16,,199
S009251,East India,Laptop,Basic,2024-10-13,2024-12-24,199
S009252,North India,Smart TV,Premium,2024-07-06,,699
S009253,Maharashtra,Smart TV,Basic,2024-04-20,,199
S009254,Karnataka,Laptop,Standard,2024-10-17,,399
S009255,West India,Tablet,Standard,2024-06-12,,399
S009256,West India,Mobile,Standard,2024-06-11,,399
S009257,West India,Laptop,Standard,2024-05-11,,399
S009258,East India,Mobile,Basic,2024-05-28,,199
S009259,Karnataka,Smart TV,Basic,2024-10-16,,199
S009260,South India,Smart TV,Standard,2024-04-28,,399
S009261,Karnataka,Smart TV,Basic,2024-03-22,,199
S009262,North India,Mobile,Basic,2024-11-30,2025-04-20,199
S009263,East India,Tablet,Basic,2024-12-28,,199
S009264,West India,Laptop,Standard,2024-10-02,,399
S009265,West India,Mobile,Basic,2024-06-26,,199
S009266,South India,Smart TV,Basic,2024-05-24,,199
S009267,South India,Mobile,Basic,2024-08-17,,199
S009268,East India,Mobile,Standard,2024-02-15,,399
S009269,Maharashtra,Smart TV,Basic,2024-12-26,,199
S009270,Maharashtra,Mobile,Basic,2024-11-05,2024-12-26,199
S009271,West India,Smart TV,Basic,2024-08-14,,199
S009272,South India,Mobile,Basic,2024-09-10,,199
S009273,Karnataka,Smart TV,Basic,2024-01-29,,199
S009274,West India,Laptop,Basic,2024-04-06,,199
S009275,Karnataka,Smart TV,Standard,2024-11-30,,399
S009276,Karnataka,Laptop,Basic,2024-03-29,,199
S009277,West India,Mobile,Premium,2024-05-27,,699
S009278,South India,Smart TV,Premium,2024-11-07,,699
S009279,North India,Mobile,Standard,2024-07-21,2024-10-31,399
S009280,Karnataka,Mobile,Basic,2024-03-15,,199
S009281,West India,Smart TV,Basic,2024-10-21,,199
S009282,East India,Tablet,Premium,2024-06-29,,699
S009283,Maharashtra,Tablet,Basic,2024-02-12,,199
S009284,Maharashtra,Smart TV,Basic,2024-05-07,,199
S009285,West India,Tablet,Basic,2024-02-03,,199
S009286,South India,Laptop,Premium,2024-02-11,2024-07-22,699
S009287,West India,Laptop,Basic,2024-11-17,,199
S009288,West India,Mobile,Standard,2024-01-20,,399
S009289,Karnataka,Laptop,Basic,2024-01-13,,199
S009290,East India,Laptop,Basic,2024-02-28,,199
S009291,West India,Tablet,Basic,2024-05-07,,199
S009292,Maharashtra,Mobile,Premium,2024-11-23,,699
S009293,Karnataka,Smart TV,Standard,2024-07-12,,399
S009294,West India,Mobile,Premium,2024-03-03,2024-06-11,699
S009295,West India,Mobile,Basic,2024-03-04,2024-07-19,199
S009296,West India,Laptop,Premium,2024-11-14,2025-04-19,699
S009297,East India,Smart TV,Basic,2024-03-09,,199
S009298,East India,Smart TV,Premium,2024-04-01,,699
S009299,West India,Smart TV,Basic,2024-06-21,,199
S009300,Karnataka,Mobile,Basic,2024-07-31,,199
S009301,Karnataka,Tablet,Basic,2024-02-17,2024-07-23,199
S009302,West India,Smart TV,Basic,2024-02-08,2024-07-05,199
S009303,North India,Smart TV,Premium,2024-05-15,,699
S009304,West India,Mobile,Standard,2024-12-25,,399
S009305,East India,Mobile,Basic,2024-08-08,,199
S009306,South India,Tablet,Basic,2024-12-21,,199
S009307,Karnataka,Mobile,Standard,2024-06-02,2024-09-05,399
S009308,Karnataka,Mobile,Standard,2024-10-22,,399
S009309,East India,Mobile,Standard,2024-08-13,,399
S009310,West India,Mobile,Basic,2024-10-10,,199
S009311,West India,Smart TV,Premium,2024-04-28,,699
S009312,Maharashtra,Laptop,Basic,2024-10-24,2025-02-22,199
S009313,North India,Smart TV,Basic,2024-04-25,,199
S009314,South India,Mobile,Basic,2024-11-22,,199
S009315,Karnataka,Smart TV,Basic,2024-11-25,,199
S009316,West India,Mobile,Standard,2024-08-23,,399
S009317,West India,Smart TV,Basic,2024-06-14,2024-09-11,199
S009318,South India,Smart TV,Standard,2024-07-09,2024-12-03,399
S009319,Karnataka,Mobile,Basic,2024-04-30,,199
S009320,Karnataka,Laptop,Standard,2024-04-17,,399
S009321,North India,Mobile,Basic,2024-01-19,,199
S009322,West India,Smart TV,Basic,2024-01-03,,199
S009323,Karnataka,Desktop,Basic,2024-08-06,,199
S009324,Karnataka,Mobile,Basic,2024-08-03,,199
S009325,Karnataka,Mobile,Basic,2024-07-31,,199
S009326,Karnataka,Smart TV,Basic,2024-04-21,,199
S009327,South India,Smart TV,Premium,2024-11-12,,699
S009328,Karnataka,Smart TV,Standard,2024-07-28,,399
S009329,East India,Laptop,Standard,2024-05-18,,399
S009330,Karnataka,Smart TV,Basic,2024-06-19,2024-11-20,199
S009331,Karnataka,Smart TV,Basic,2024-12-27,,199
S009332,Maharashtra,Mobile,Basic,2024-01-30,,199
S009333,West India,Mobile,Premium,2024-05-19,2024-10-24,699
S009334,Maharashtra,Mobile,Basic,2024-06-26,,199
S009335,East India,Tablet,Basic,2024-11-30,2025-02-04,199
S009336,North India,Mobile,Basic,2024-09-02,,199
S009337,South India,Smart TV,Basic,2024-01-23,,199
S009338,Karnataka,Laptop,Standard,2024-05-22,2024-07-02,399
S009339,North India,Mobile,Premium,2024-03-19,2024-09-14,699
S009340,South India,Smart TV,Basic,2024-01-07,,199
S009341,South India,Laptop,Standard,2024-08-06,,399
S009342,North India,Smart TV,Standard,2024-03-25,2024-04-24,399
S009343,Maharashtra,Smart TV,Premium,2024-05-01,,699
S009344,South India,Mobile,Basic,2024-11-29,,199
S009345,East India,Tablet,Standard,2024-08-06,,399
S009346,West India,Mobile,Standard,2024-05-30,,399
S009347,Maharashtra,Laptop,Basic,2024-10-07,,199
S009348,East India,Mobile,Premium,2024-10-31,,699
S009349,East India,Smart TV,Basic,2024-09-17,,199
S009350,South India,Smart TV,Premium,2024-09-14,,699
S009351,North India,Smart TV,Basic,2024-08-03,,199
S009352,North India,Mobile,Premium,2024-07-24,,699
S009353,South India,Laptop,Standard,2024-02-02,,399
S009354,North India,Mobile,Basic,2024-05-25,,199
S009355,Maharashtra,Laptop,Premium,2024-09-21,,699
S009356,Maharashtra,Mobile,Standard,2024-07-25,,399
S009357,South India,Mobile,Standard,2024-03-15,,399
S009358,East India,Smart TV,Basic,2024-09-29,,199
S009359,Karnataka,Mobile,Standard,2024-01-29,,399
S009360,West India,Smart TV,Standard,2024-08-17,,399
S009361,East India,Mobile,Basic,2024-06-11,,199
S009362,Karnataka,Laptop,Basic,2024-01-28,,199
S009363,East India,Laptop,Premium,2024-08-09,,699
S009364,South India,Smart TV,Standard,2024-10-22,,399
S009365,East India,Mobile,Basic,2024-03-28,,199
S009366,South India,Desktop,Basic,2024-02-03,,199
S009367,West India,Smart TV,Premium,2024-04-05,,699
S009368,East India,Smart TV,Basic,2024-04-16,2024-07-14,199
S009369,South India,Smart TV,Basic,2024-06-05,,199
S009370,North India,Mobile,Standard,2024-06-03,,399
S009371,Maharashtra,Laptop,Premium,2024-12-21,,699
S009372,North India,Mobile,Basic,2024-06-16,2024-07-28,199
S009373,Maharashtra,Laptop,Basic,2024-11-15,,199
S009374,Karnataka,Mobile,Standard,2024-06-17,,399
S009375,East India,Smart TV,Premium,2024-06-28,,699
S009376,East India,Mobile,Basic,2024-10-09,,199
S009377,West India,Mobile,Basic,2024-03-11,,199
S009378,South India,Laptop,Premium,2024-03-17,2024-08-25,699
S009379,North India,Laptop,Basic,2024-12-11,,199
S009380,Maharashtra,Mobile,Standard,2024-12-11,,399
S009381,Karnataka,Mobile,Standard,2024-10-22,,399
S009382,Maharashtra,Laptop,Basic,2024-03-05,2024-06-12,199
S009383,West India,Laptop,Basic,2024-06-06,,199
S009384,East India,Laptop,Premium,2024-04-17,,699
S009385,Karnataka,Mobile,Standard,2024-07-06,,399
S009386,North India,Mobile,Standard,2024-08-03,,399
S009387,North India,Tablet,Standard,2024-01-01,,399
S009388,North India,Laptop,Basic,2024-07-19,,199
S009389,North India,Mobile,Basic,2024-08-19,,199
S009390,South India,Mobile,Premium,2024-06-20,,699
S009391,West India,Mobile,Basic,2024-08-02,,199
S009392,East India,Tablet,Basic,2024-02-21,,199
S009393,East India,Mobile,Premium,2024-11-12,,699
S009394,East India,Smart TV,Premium,2024-03-23,,699
S009395,South India,Tablet,Standard,2024-10-24,,399
S009396,Karnataka,Smart TV,Basic,2024-03-02,,199
S009397,South India,Tablet,Premium,2024-01-07,,699
S009398,South India,Laptop,Premium,2024-08-13,,699
S009399,North India,Mobile,Standard,2024-10-18,,399
S009400,East India,Mobile,Basic,2024-03-16,,199
S009401,West India,Laptop,Standard,2024-09-18,,399
S009402,Maharashtra,Smart TV,Standard,2024-03-08,2024-04-24,399
S009403,East India,Laptop,Basic,2024-04-18,,199
S009404,Maharashtra,Laptop,Premium,2024-10-14,,699
S009405,South India,Mobile,Premium,2024-09-13,2024-12-18,699
S009406,South India,Smart TV,Basic,2024-02-28,,199
S009407,Karnataka,Smart TV,Basic,2024-08-11,,199
S009408,North India,Smart TV,Standard,2024-06-11,,399
S009409,Maharashtra,Laptop,Basic,2024-11-10,2024-12-31,199
S009410,East India,Laptop,Basic,2024-05-22,,199
S009411,South India,Tablet,Basic,2024-06-19,,199
S009412,West India,Mobile,Standard,2024-12-28,,399
S009413,East India,Mobile,Basic,2024-03-21,,199
S009414,West India,Smart TV,Basic,2024-06-16,,199
S009415,North India,Mobile,Basic,2024-08-13,,199
S009416,West India,Smart TV,Premium,2024-03-15,,699
S009417,Karnataka,Mobile,Basic,2024-01-10,,199
S009418,North India,Desktop,Premium,2024-08-15,,699
S009419,Maharashtra,Laptop,Standard,2024-06-26,,399
S009420,West India,Smart TV,Basic,2024-12-12,,199
S009421,North India,Mobile,Basic,2024-01-16,,199
S009422,Maharashtra,Smart TV,Basic,2024-07-31,2024-11-02,199
S009423,West India,Smart TV,Premium,2024-02-25,,699
S009424,Maharashtra,Desktop,Premium,2024-03-25,,699
S009425,Karnataka,Smart TV,Basic,2024-06-10,,199
S009426,South India,Mobile,Basic,2024-07-31,,199
S009427,East India,Smart TV,Standard,2024-03-25,,399
S009428,North India,Mobile,Basic,2024-10-16,,199
S009429,Karnataka,Smart TV,Basic,2024-04-25,,199
S009430,West India,Smart TV,Basic,2024-07-07,,199
S009431,West India,Tablet,Premium,2024-01-10,,699
S009432,North India,Mobile,Standard,2024-06-10,,399
S009433,South India,Mobile,Basic,2024-10-27,,199
S009434,Maharashtra,Mobile,Basic,2024-12-13,2025-02-21,199
S009435,North India,Tablet,Standard,2024-05-09,2024-10-15,399
S009436,Maharashtra,Mobile,Basic,2024-02-15,,199
S009437,North India,Tablet,Standard,2024-08-28,,399
S009438,Maharashtra,Laptop,Basic,2024-08-25,,199
S009439,East India,Smart TV,Premium,2024-01-27,,699
S009440,South India,Laptop,Basic,2024-10-07,2025-03-29,199
S009441,Maharashtra,Laptop,Standard,2024-03-17,2024-09-12,399
S009442,South India,Tablet,Basic,2024-05-29,,199
S009443,East India,Laptop,Premium,2024-04-10,,699
S009444,North India,Smart TV,Premium,2024-01-03,,699
S009445,North India,Mobile,Basic,2024-02-29,,199
S009446,Maharashtra,Smart TV,Basic,2024-10-15,,199
S009447,East India,Tablet,Standard,2024-07-25,,399
S009448,Karnataka,Smart TV,Standard,2024-08-19,,399
S009449,South India,Smart TV,Basic,2024-09-03,,199
S009450,North India,Mobile,Basic,2024-12-21,,199
S009451,South India,Mobile,Standard,2024-09-29,,399
S009452,West India,Tablet,Basic,2024-03-27,,199
S009453,Karnataka,Smart TV,Standard,2024-08-20,,399
S009454,West India,Mobile,Premium,2024-11-02,,699
S009455,South India,Smart TV,Premium,2024-02-08,,699
S009456,North India,Smart TV,Premium,2024-03-20,,699
S009457,Maharashtra,Mobile,Premium,2024-05-01,,699
S009458,Maharashtra,Mobile,Premium,2024-12-18,2025-06-09,699
S009459,Karnataka,Tablet,Basic,2024-04-12,,199
S009460,West India,Desktop,Standard,2024-09-23,,399
S009461,Maharashtra,Smart TV,Basic,2024-06-01,2024-07-19,199
S009462,North India,Smart TV,Standard,2024-03-06,,399
S009463,East India,Mobile,Premium,2024-01-13,,699
S009464,Karnataka,Laptop,Basic,2024-02-09,,199
S009465,Karnataka,Mobile,Basic,2024-04-15,2024-10-09,199
S009466,West India,Smart TV,Basic,2024-05-02,,199
S009467,North India,Tablet,Basic,2024-03-25,,199
S009468,South India,Mobile,Basic,2024-03-26,,199
S009469,Karnataka,Mobile,Basic,2024-04-26,,199
S009470,Maharashtra,Laptop,Premium,2024-05-13,,699
S009471,Maharashtra,Mobile,Standard,2024-12-22,,399
S009472,West India,Mobile,Standard,2024-04-07,,399
S009473,West India,Tablet,Premium,2024-08-18,,699
S009474,Maharashtra,Smart TV,Premium,2024-10-16,,699
S009475,South India,Laptop,Premium,2024-06-14,,699
S009476,South India,Mobile,Standard,2024-05-04,,399
S009477,North India,Mobile,Premium,2024-02-01,,699
S009478,North India,Laptop,Basic,2024-03-04,,199
S009479,East India,Smart TV,Basic,2024-12-09,,199
S009480,Karnataka,Smart TV,Standard,2024-11-06,2024-12-10,399
S009481,Karnataka,Laptop,Standard,2024-12-14,,399
S009482,South India,Smart TV,Premium,2024-06-17,,699
S009483,North India,Smart TV,Basic,2024-03-26,,199
S009484,South India,Desktop,Basic,2024-02-18,,199
S009485,West India,Mobile,Basic,2024-02-07,2024-03-17,199
S009486,West India,Desktop,Premium,2024-10-24,,699
S009487,North India,Desktop,Premium,2024-07-04,2024-10-10,699
S009488,South India,Smart TV,Premium,2024-02-06,,699
S009489,Karnataka,Smart TV,Basic,2024-03-26,,199
S009490,West India,Mobile,Basic,2024-05-30,,199
S009491,West India,Laptop,Basic,2024-06-18,,199
S009492,South India,Laptop,Standard,2024-06-05,,399
S009493,East India,Mobile,Basic,2024-05-13,,199
S009494,South India,Tablet,Standard,2024-03-08,,399
S009495,West India,Smart TV,Premium,2024-06-21,,699
S009496,Maharashtra,Desktop,Standard,2024-07-29,,399
S009497,East India,Smart TV,Standard,2024-03-14,,399
S009498,Karnataka,Mobile,Basic,2024-12-12,,199
S009499,Maharashtra,Mobile,Basic,2024-04-25,,199
S009500,Maharashtra,Laptop,Basic,2024-09-14,2025-01-02,199
S009501,West India,Laptop,Premium,2024-11-07,2025-01-20,699
S009502,Karnataka,Laptop,Basic,2024-08-14,,199
S009503,Maharashtra,Tablet,Standard,2024-10-18,,399
S009504,Maharashtra,Laptop,Standard,2024-09-17,,399
S009505,South India,Mobile,Standard,2024-10-27,,399
S009506,Karnataka,Mobile,Standard,2024-06-18,,399
S009507,North India,Tablet,Premium,2024-05-26,2024-08-12,699
S009508,North India,Smart TV,Standard,2024-07-23,2024-10-23,399
S009509,North India,Mobile,Basic,2024-09-29,,199
S009510,West India,Mobile,Basic,2024-07-06,,199
S009511,Maharashtra,Laptop,Premium,2024-02-22,,699
S009512,East India,Mobile,Standard,2024-11-30,,399
S009513,Karnataka,Laptop,Basic,2024-10-26,,199
S009514,Karnataka,Smart TV,Premium,2024-02-08,,699
S009515,West India,Desktop,Basic,2024-10-10,,199
S009516,Karnataka,Mobile,Premium,2024-04-25,,699
S009517,Maharashtra,Mobile,Standard,2024-01-09,2024-03-02,399
S009518,North India,Mobile,Premium,2024-05-10,,699
S009519,West India,Smart TV,Standard,2024-02-05,,399
S009520,South India,Smart TV,Premium,2024-11-18,,699
S009521,West India,Tablet,Basic,2024-12-11,,199
S009522,North India,Laptop,Basic,2024-02-23,,199
S009523,South India,Smart TV,Standard,2024-07-07,,399
S009524,Maharashtra,Tablet,Basic,2024-06-16,,199
S009525,Karnataka,Mobile,Standard,2024-01-10,,399
S009526,East India,Tablet,Basic,2024-08-26,,199
S009527,Maharashtra,Smart TV,Basic,2024-07-07,,199
S009528,Karnataka,Mobile,Basic,2024-02-07,,199
S009529,Karnataka,Smart TV,Standard,2024-04-01,,399
S009530,North India,Mobile,Standard,2024-03-23,,399
S009531,East India,Desktop,Standard,2024-11-08,2025-01-24,399
S009532,Maharashtra,Smart TV,Basic,2024-08-19,,199
S009533,North India,Mobile,Premium,2024-08-13,,699
S009534,East India,Tablet,Basic,2024-12-08,,199
S009535,Karnataka,Laptop,Basic,2024-01-22,,199
S009536,North India,Laptop,Basic,2024-11-24,,199
S009537,North India,Smart TV,Basic,2024-05-31,,199
S009538,East India,Laptop,Basic,2024-10-05,,199
S009539,North India,Smart TV,Standard,2024-05-05,,399
S009540,North India,Tablet,Basic,2024-05-23,,199
S009541,Karnataka,Mobile,Basic,2024-06-14,,199
S009542,Karnataka,Mobile,Premium,2024-09-18,,699
S009543,Maharashtra,Mobile,Basic,2024-03-05,,199
S009544,West India,Mobile,Basic,2024-08-18,,199
S009545,North India,Smart TV,Premium,2024-07-02,,699
S009546,North India,Smart TV,Basic,2024-08-05,,199
S009547,North India,Smart TV,Basic,2024-07-01,,199
S009548,North India,Smart TV,Basic,2024-10-23,,199
S009549,Karnataka,Desktop,Premium,2024-08-12,,699
S009550,West India,Tablet,Basic,2024-07-20,,199
S009551,North India,Mobile,Premium,2024-06-04,,699
S009552,East India,Smart TV,Premium,2024-12-01,,699
S009553,East India,Smart TV,Premium,2024-09-16,,699
S009554,South India,Smart TV,Basic,2024-10-12,,199
S009555,North India,Desktop,Basic,2024-01-15,2024-05-31,199
S009556,Karnataka,Smart TV,Premium,2024-05-10,,699
S009557,Maharashtra,Smart TV,Basic,2024-03-24,,199
S009558,West India,Tablet,Basic,2024-02-04,,199
S009559,North India,Desktop,Basic,2024-09-02,,199
S009560,North India,Smart TV,Standard,2024-03-14,2024-05-03,399
S009561,West India,Smart TV,Basic,2024-06-21,,199
S009562,West India,Smart TV,Standard,2024-12-30,,399
S009563,East India,Smart TV,Basic,2024-02-05,,199
S009564,Karnataka,Smart TV,Basic,2024-04-15,,199
S009565,Maharashtra,Laptop,Basic,2024-09-03,,199
S009566,Maharashtra,Smart TV,Standard,2024-04-17,,399
S009567,North India,Smart TV,Basic,2024-12-22,,199
S009568,East India,Laptop,Basic,2024-06-30,,199
S009569,West India,Smart TV,Basic,2024-08-13,,199
S009570,North India,Mobile,Basic,2024-02-07,,199
S009571,East India,Mobile,Standard,2024-05-21,2024-09-10,399
S009572,Karnataka,Smart TV,Premium,2024-03-06,,699
S009573,North India,Desktop,Premium,2024-03-23,,699
S009574,North India,Laptop,Standard,2024-03-18,,399
S009575,Karnataka,Laptop,Basic,2024-03-12,,199
S009576,Karnataka,Tablet,Basic,2024-06-21,,199
S009577,East India,Mobile,Basic,2024-05-12,,199
S009578,East India,Mobile,Standard,2024-11-19,,399
S009579,Karnataka,Smart TV,Premium,2024-06-24,,699
S009580,West India,Mobile,Premium,2024-12-12,,699
S009581,South India,Mobile,Standard,2024-04-28,,399
S009582,West India,Desktop,Standard,2024-10-25,2024-12-13,399
S009583,Karnataka,Smart TV,Standard,2024-02-05,,399
S009584,South India,Mobile,Basic,2024-01-01,,199
S009585,Karnataka,Mobile,Basic,2024-10-09,,199
S009586,East India,Smart TV,Basic,2024-11-23,,199
S009587,West India,Smart TV,Standard,2024-04-03,,399
S009588,Maharashtra,Mobile,Basic,2024-10-28,,199
S009589,South India,Tablet,Basic,2024-03-28,,199
S009590,North India,Smart TV,Basic,2024-08-31,2025-01-08,199
S009591,East India,Tablet,Basic,2024-03-13,,199
S009592,South India,Laptop,Basic,2024-10-30,,199
S009593,East India,Mobile,Basic,2024-08-17,,199
S009594,East India,Mobile,Basic,2024-12-26,,199
S009595,West India,Desktop,Basic,2024-12-10,,199
S009596,East India,Laptop,Standard,2024-03-04,,399
S009597,East India,Laptop,Basic,2024-12-14,,199
S009598,East India,Mobile,Standard,2024-04-12,,399
S009599,Maharashtra,Tablet,Standard,2024-01-06,,399
S009600,West India,Smart TV,Basic,2024-01-20,,199
S009601,East India,Mobile,Basic,2024-09-21,,199
S009602,North India,Smart TV,Basic,2024-02-07,,199
S009603,Karnataka,Laptop,Basic,2024-11-27,,199
S009604,East India,Laptop,Basic,2024-10-27,,199
S009605,East India,Smart TV,Basic,2024-09-14,2025-01-24,199
S009606,East India,Tablet,Premium,2024-12-27,,699
S009607,East India,Desktop,Basic,2024-05-06,,199
S009608,Maharashtra,Mobile,Basic,2024-03-18,,199
S009609,South India,Mobile,Basic,2024-04-11,2024-05-21,199
S009610,North India,Smart TV,Standard,2024-03-31,2024-09-05,399
S009611,West India,Mobile,Standard,2024-05-08,,399
S009612,Karnataka,Mobile,Basic,2024-12-26,,199
S009613,Karnataka,Laptop,Standard,2024-08-29,,399
S009614,West India,Mobile,Standard,2024-07-02,,399
S009615,South India,Smart TV,Basic,2024-12-08,,199
S009616,Maharashtra,Tablet,Premium,2024-02-21,,699
S009617,South India,Laptop,Premium,2024-07-02,,699
S009618,Karnataka,Tablet,Standard,2024-11-02,2025-04-17,399
S009619,West India,Laptop,Basic,2024-12-21,,199
S009620,Karnataka,Smart TV,Standard,2024-04-02,2024-08-05,399
S009621,South India,Laptop,Basic,2024-01-20,2024-06-21,199
S009622,Maharashtra,Smart TV,Basic,2024-09-30,,199
S009623,North India,Laptop,Basic,2024-11-24,,199
S009624,Karnataka,Smart TV,Basic,2024-01-22,,199
S009625,East India,Smart TV,Standard,2024-05-09,,399
S009626,North India,Mobile,Basic,2024-11-14,,199
S009627,Maharashtra,Smart TV,Premium,2024-02-24,2024-03-25,699
S009628,Karnataka,Smart TV,Standard,2024-09-13,,399
S009629,Karnataka,Laptop,Standard,2024-05-12,,399
S009630,Maharashtra,Mobile,Standard,2024-12-30,,399
S009631,Karnataka,Tablet,Premium,2024-02-21,,699
S009632,Maharashtra,Desktop,Standard,2024-09-25,,399
S009633,Maharashtra,Desktop,Basic,2024-03-15,,199
S009634,South India,Smart TV,Premium,2024-05-08,,699
S009635,East India,Smart TV,Basic,2024-10-22,,199
S009636,South India,Desktop,Standard,2024-10-10,,399
S009637,North India,Tablet,Basic,2024-12-27,,199
S009638,Karnataka,Smart TV,Basic,2024-08-03,,199
S009639,Maharashtra,Smart TV,Standard,2024-09-27,,399
S009640,South India,Mobile,Premium,2024-04-18,,699
S009641,Maharashtra,Smart TV,Premium,2024-02-15,,699
S009642,South India,Laptop,Basic,2024-07-20,,199
S009643,West India,Tablet,Basic,2024-10-03,,199
S009644,North India,Mobile,Basic,2024-09-08,2025-03-02,199
S009645,North India,Laptop,Standard,2024-06-14,,399
S009646,East India,Laptop,Basic,2024-07-10,,199
S009647,North India,Laptop,Basic,2024-01-25,,199
S009648,North India,Tablet,Basic,2024-01-11,2024-04-08,199
S009649,East India,Tablet,Basic,2024-04-01,,199
S009650,East India,Tablet,Basic,2024-12-13,,199
S009651,West India,Mobile,Basic,2024-10-16,,199
S009652,Karnataka,Desktop,Standard,2024-07-14,,399
S009653,West India,Mobile,Premium,2024-10-27,2024-12-16,699
S009654,Karnataka,Tablet,Standard,2024-10-11,,399
S009655,East India,Smart TV,Premium,2024-03-13,,699
S009656,East India,Laptop,Premium,2024-04-16,,699
S009657,Karnataka,Laptop,Standard,2024-12-23,,399
S009658,South India,Mobile,Premium,2024-01-08,,699
S009659,East India,Smart TV,Basic,2024-01-09,,199
S009660,Maharashtra,Smart TV,Standard,2024-03-26,,399
S009661,South India,Smart TV,Standard,2024-07-31,,399
S009662,South India,Tablet,Standard,2024-08-21,,399
S009663,East India,Smart TV,Standard,2024-01-21,,399
S009664,Karnataka,Laptop,Standard,2024-11-17,,399
S009665,Karnataka,Laptop,Basic,2024-05-09,,199
S009666,South India,Laptop,Basic,2024-07-09,,199
S009667,West India,Smart TV,Basic,2024-05-29,,199
S009668,South India,Tablet,Basic,2024-04-07,,199
S009669,Karnataka,Laptop,Standard,2024-01-05,,399
S009670,East India,Mobile,Standard,2024-01-06,,399
S009671,South India,Laptop,Standard,2024-11-13,,399
S009672,South India,Laptop,Basic,2024-12-30,,199
S009673,South India,Mobile,Basic,2024-05-12,2024-08-29,199
S009674,North India,Tablet,Basic,2024-12-04,2025-05-25,199
S009675,West India,Mobile,Standard,2024-03-12,2024-07-29,399
S009676,East India,Mobile,Premium,2024-02-03,,699
S009677,East India,Mobile,Premium,2024-11-10,,699
S009678,North India,Mobile,Standard,2024-11-05,2025-01-07,399
S009679,Maharashtra,Laptop,Basic,2024-03-01,,199
S009680,South India,Laptop,Basic,2024-07-19,2024-11-24,199
S009681,South India,Mobile,Premium,2024-07-25,2024-10-25,699
S009682,South India,Smart TV,Basic,2024-05-19,,199
S009683,South India,Smart TV,Basic,2024-09-28,,199
S009684,West India,Mobile,Basic,2024-10-04,,199
S009685,Karnataka,Mobile,Basic,2024-04-24,,199
S009686,North India,Laptop,Standard,2024-03-20,,399
S009687,North India,Laptop,Standard,2024-04-05,,399
S009688,West India,Mobile,Basic,2024-08-21,2024-10-14,199
S009689,South India,Smart TV,Basic,2024-11-27,,199
S009690,Karnataka,Laptop,Basic,2024-04-21,,199
S009691,Maharashtra,Mobile,Basic,2024-10-04,,199
S009692,North India,Smart TV,Basic,2024-09-23,,199
S009693,East India,Desktop,Standard,2024-03-06,2024-06-07,399
S009694,North India,Laptop,Standard,2024-10-01,2024-12-17,399
S009695,Karnataka,Smart TV,Premium,2024-08-01,,699
S009696,East India,Smart TV,Basic,2024-03-26,,199
S009697,Karnataka,Tablet,Premium,2024-05-24,,699
S009698,East India,Smart TV,Premium,2024-06-26,,699
S009699,East India,Tablet,Premium,2024-09-02,,699
S009700,West India,Mobile,Standard,2024-08-03,,399
S009701,East India,Laptop,Basic,2024-11-16,,199
S009702,West India,Smart TV,Basic,2024-03-12,,199
S009703,Karnataka,Mobile,Standard,2024-07-01,,399
S009704,West India,Tablet,Basic,2024-08-19,,199
S009705,Karnataka,Mobile,Basic,2024-08-08,,199
S009706,Karnataka,Laptop,Standard,2024-04-29,,399
S009707,West India,Mobile,Basic,2024-05-11,,199
S009708,East India,Smart TV,Premium,2024-02-06,,699
S009709,Maharashtra,Mobile,Basic,2024-10-09,,199
S009710,East India,Tablet,Basic,2024-07-07,,199
S009711,North India,Laptop,Standard,2024-05-11,,399
S009712,West India,Smart TV,Basic,2024-11-07,,199
S009713,North India,Laptop,Premium,2024-02-05,,699
S009714,East India,Mobile,Basic,2024-11-22,,199
S009715,Karnataka,Smart TV,Basic,2024-08-20,,199
S009716,North India,Mobile,Premium,2024-01-31,,699
S009717,West India,Mobile,Standard,2024-09-13,,399
S009718,South India,Tablet,Basic,2024-06-25,,199
S009719,East India,Mobile,Basic,2024-06-12,,199
S009720,Karnataka,Laptop,Premium,2024-01-10,2024-06-21,699
S009721,North India,Mobile,Standard,2024-10-28,,399
S009722,East India,Mobile,Basic,2024-01-24,,199
S009723,North India,Mobile,Basic,2024-12-14,,199
S009724,South India,Laptop,Basic,2024-12-29,,199
S009725,Karnataka,Smart TV,Basic,2024-01-30,,199
S009726,East India,Laptop,Standard,2024-05-01,,399
S009727,North India,Mobile,Standard,2024-02-21,,399
S009728,West India,Mobile,Standard,2024-11-19,,399
S009729,Maharashtra,Smart TV,Premium,2024-10-04,,699
S009730,West India,Smart TV,Premium,2024-04-26,,699
S009731,North India,Smart TV,Basic,2024-06-11,2024-11-27,199
S009732,East India,Smart TV,Basic,2024-03-16,,199
S009733,North India,Smart TV,Basic,2024-11-05,,199
S009734,Karnataka,Laptop,Basic,2024-03-11,,199
S009735,Karnataka,Tablet,Standard,2024-08-18,2024-10-23,399
S009736,East India,Desktop,Standard,2024-08-26,,399
S009737,West India,Smart TV,Basic,2024-06-28,,199
S009738,South India,Mobile,Standard,2024-08-05,2025-01-13,399
S009739,South India,Laptop,Standard,2024-04-07,,399
S009740,Maharashtra,Smart TV,Premium,2024-12-21,,699
S009741,Maharashtra,Smart TV,Standard,2024-02-06,,399
S009742,South India,Desktop,Premium,2024-12-18,,699
S009743,North India,Laptop,Basic,2024-05-12,,199
S009744,West India,Laptop,Premium,2024-04-01,,699
S009745,East India,Mobile,Premium,2024-03-17,2024-08-14,699
S009746,West India,Desktop,Basic,2024-01-18,,199
S009747,East India,Desktop,Basic,2024-03-03,,199
S009748,West India,Laptop,Premium,2024-09-04,,699
S009749,Karnataka,Tablet,Premium,2024-04-08,2024-07-04,699
S009750,South India,Smart TV,Standard,2024-05-18,2024-09-22,399
S009751,South India,Smart TV,Standard,2024-07-11,,399
S009752,Karnataka,Tablet,Premium,2024-08-05,,699
S009753,East India,Desktop,Standard,2024-07-26,,399
S009754,South India,Desktop,Basic,2024-05-02,,199
S009755,East India,Smart TV,Basic,2024-09-06,,199
S009756,Maharashtra,Laptop,Basic,2024-02-23,2024-08-06,199
S009757,East India,Mobile,Basic,2024-12-08,2025-03-30,199
S009758,East India,Desktop,Premium,2024-10-16,,699
S009759,North India,Desktop,Premium,2024-06-02,,699
S009760,Karnataka,Smart TV,Basic,2024-01-03,,199
S009761,East India,Smart TV,Premium,2024-02-22,2024-08-18,699
S009762,West India,Smart TV,Standard,2024-12-21,,399
S009763,South India,Mobile,Premium,2024-02-20,,699
S009764,East India,Smart TV,Basic,2024-06-11,,199
S009765,East India,Smart TV,Basic,2024-05-25,,199
S009766,Karnataka,Mobile,Standard,2024-02-26,,399
S009767,West India,Smart TV,Basic,2024-03-16,,199
S009768,West India,Laptop,Standard,2024-10-31,,399
S009769,West India,Smart TV,Basic,2024-05-13,,199
S009770,Maharashtra,Desktop,Basic,2024-03-19,,199
S009771,Karnataka,Mobile,Basic,2024-05-01,,199
S009772,South India,Smart TV,Basic,2024-12-29,,199
S009773,East India,Mobile,Standard,2024-12-25,,399
S009774,East India,Smart TV,Basic,2024-06-05,2024-10-01,199
S009775,North India,Mobile,Basic,2024-07-17,,199
S009776,North India,Mobile,Basic,2024-04-13,,199
S009777,Maharashtra,Mobile,Premium,2024-07-01,2024-10-29,699
S009778,South India,Smart TV,Standard,2024-04-01,,399
S009779,South India,Desktop,Standard,2024-01-30,,399
S009780,West India,Desktop,Basic,2024-10-02,,199
S009781,South India,Laptop,Basic,2024-07-17,,199
S009782,Maharashtra,Laptop,Standard,2024-11-30,,399
S009783,West India,Laptop,Basic,2024-03-19,,199
S009784,East India,Mobile,Basic,2024-03-12,,199
S009785,West India,Tablet,Standard,2024-10-28,2024-12-27,399
S009786,Karnataka,Tablet,Standard,2024-01-08,,399
S009787,Maharashtra,Tablet,Standard,2024-01-11,,399
S009788,East India,Laptop,Standard,2024-07-24,,399
S009789,Maharashtra,Desktop,Basic,2024-07-16,,199
S009790,West India,Laptop,Basic,2024-04-29,,199
S009791,Karnataka,Mobile,Basic,2024-05-24,,199
S009792,West India,Mobile,Basic,2024-02-06,,199
S009793,Maharashtra,Smart TV,Basic,2024-04-09,,199
S009794,West India,Smart TV,Basic,2024-10-12,,199
S009795,Karnataka,Mobile,Premium,2024-03-16,,699
S009796,West India,Smart TV,Basic,2024-06-18,,199
S009797,Maharashtra,Desktop,Basic,2024-09-07,,199
S009798,Maharashtra,Mobile,Standard,2024-01-04,,399
S009799,North India,Smart TV,Premium,2024-09-26,,699
S009800,West India,Mobile,Standard,2024-03-22,,399
S009801,North India,Laptop,Basic,2024-12-27,,199
S009802,South India,Tablet,Premium,2024-04-01,,699
S009803,North India,Smart TV,Standard,2024-11-16,,399
S009804,East India,Mobile,Basic,2024-10-12,,199
S009805,East India,Mobile,Standard,2024-06-29,,399
S009806,West India,Laptop,Basic,2024-09-05,,199
S009807,Karnataka,Laptop,Basic,2024-08-25,2025-02-15,199
S009808,Karnataka,Laptop,Basic,2024-12-04,,199
S009809,East India,Smart TV,Standard,2024-10-02,,399
S009810,South India,Mobile,Basic,2024-12-04,2025-03-10,199
S009811,Karnataka,Smart TV,Basic,2024-12-21,2025-05-02,199
S009812,Karnataka,Mobile,Standard,2024-06-02,,399
S009813,East India,Laptop,Basic,2024-03-12,,199
S009814,South India,Laptop,Basic,2024-11-20,,199
S009815,Karnataka,Tablet,Standard,2024-07-17,,399
S009816,South India,Smart TV,Standard,2024-09-15,,399
S009817,Maharashtra,Tablet,Basic,2024-05-12,2024-09-26,199
S009818,East India,Smart TV,Basic,2024-04-12,,199
S009819,East India,Smart TV,Standard,2024-02-04,,399
S009820,North India,Smart TV,Standard,2024-01-09,,399
S009821,East India,Smart TV,Basic,2024-03-09,,199
S009822,West India,Laptop,Basic,2024-09-29,,199
S009823,Maharashtra,Mobile,Basic,2024-11-18,2025-04-12,199
S009824,Karnataka,Mobile,Basic,2024-11-10,,199
S009825,East India,Smart TV,Premium,2024-10-01,,699
S009826,Maharashtra,Smart TV,Basic,2024-12-25,,199
S009827,West India,Desktop,Premium,2024-10-15,,699
S009828,West India,Smart TV,Basic,2024-10-16,,199
S009829,South India,Tablet,Basic,2024-10-19,,199
S009830,North India,Mobile,Basic,2024-01-25,,199
S009831,East India,Mobile,Premium,2024-01-13,2024-05-08,699
S009832,West India,Mobile,Standard,2024-05-19,,399
S009833,Karnataka,Laptop,Standard,2024-12-11,,399
S009834,Karnataka,Smart TV,Basic,2024-06-18,,199
S009835,Maharashtra,Smart TV,Basic,2024-07-23,,199
S009836,South India,Laptop,Basic,2024-04-15,,199
S009837,North India,Laptop,Premium,2024-06-02,,699
S009838,Karnataka,Laptop,Basic,2024-06-08,,199
S009839,South India,Laptop,Basic,2024-03-24,,199
S009840,South India,Mobile,Basic,2024-09-27,,199
S009841,North India,Smart TV,Standard,2024-09-12,,399
S009842,West India,Laptop,Basic,2024-09-23,,199
S009843,West India,Mobile,Standard,2024-06-14,,399
S009844,West India,Laptop,Basic,2024-04-26,,199
S009845,Maharashtra,Laptop,Premium,2024-05-03,2024-06-05,699
S009846,Maharashtra,Mobile,Basic,2024-08-25,,199
S009847,Maharashtra,Smart TV,Basic,2024-03-07,,199
S009848,Maharashtra,Mobile,Basic,2024-01-12,2024-04-17,199
S009849,Maharashtra,Mobile,Basic,2024-10-01,,199
S009850,Karnataka,Laptop,Basic,2024-08-03,,199
S009851,Karnataka,Mobile,Basic,2024-10-01,,199
S009852,Karnataka,Laptop,Premium,2024-07-22,,699
S009853,Karnataka,Smart TV,Basic,2024-02-04,2024-03-05,199
S009854,Maharashtra,Tablet,Standard,2024-03-31,2024-04-30,399
S009855,Karnataka,Mobile,Premium,2024-11-03,,699
S009856,South India,Mobile,Basic,2024-12-24,,199
S009857,Maharashtra,Mobile,Standard,2024-10-05,2024-11-08,399
S009858,Maharashtra,Smart TV,Basic,2024-03-23,2024-06-06,199
S009859,East India,Tablet,Premium,2024-06-23,,699
S009860,North India,Mobile,Premium,2024-10-06,,699
S009861,Karnataka,Laptop,Basic,2024-08-18,2024-11-13,199
S009862,North India,Smart TV,Basic,2024-10-17,,199
S009863,East India,Desktop,Basic,2024-07-08,2024-12-05,199
S009864,North India,Mobile,Basic,2024-07-08,,199
S009865,West India,Mobile,Basic,2024-12-30,2025-03-15,199
S009866,Maharashtra,Tablet,Basic,2024-01-22,,199
S009867,South India,Mobile,Standard,2024-01-13,2024-03-22,399
S009868,West India,Smart TV,Basic,2024-04-20,,199
S009869,West India,Tablet,Basic,2024-05-07,,199
S009870,South India,Mobile,Basic,2024-10-09,,199
S009871,Karnataka,Mobile,Premium,2024-11-16,,699
S009872,North India,Mobile,Basic,2024-01-17,,199
S009873,East India,Mobile,Basic,2024-06-24,,199
S009874,Maharashtra,Laptop,Basic,2024-06-10,,199
S009875,West India,Smart TV,Premium,2024-03-08,,699
S009876,East India,Laptop,Basic,2024-11-25,,199
S009877,North India,Tablet,Basic,2024-07-27,,199
S009878,South India,Desktop,Standard,2024-05-20,,399
S009879,West India,Smart TV,Basic,2024-02-24,,199
S009880,North India,Mobile,Basic,2024-05-24,,199
S009881,Maharashtra,Tablet,Standard,2024-04-25,,399
S009882,West India,Mobile,Basic,2024-02-20,2024-04-30,199
S009883,North India,Smart TV,Premium,2024-01-02,,699
S009884,Maharashtra,Smart TV,Basic,2024-04-03,,199
S009885,Maharashtra,Mobile,Basic,2024-01-25,,199
S009886,Maharashtra,Laptop,Standard,2024-01-27,,399
S009887,South India,Mobile,Premium,2024-07-13,,699
S009888,West India,Tablet,Standard,2024-11-30,,399
S009889,Karnataka,Laptop,Basic,2024-10-30,,199
S009890,West India,Laptop,Premium,2024-04-04,,699
S009891,Maharashtra,Smart TV,Basic,2024-08-25,,199
S009892,North India,Mobile,Basic,2024-06-03,,199
S009893,West India,Smart TV,Basic,2024-03-24,,199
S009894,South India,Smart TV,Standard,2024-06-27,,399
S009895,North India,Smart TV,Basic,2024-01-31,,199
S009896,West India,Desktop,Premium,2024-10-10,,699
S009897,South India,Laptop,Standard,2024-08-13,2025-01-06,399
S009898,East India,Laptop,Basic,2024-07-15,,199
S009899,East India,Mobile,Standard,2024-08-23,,399
S009900,Karnataka,Smart TV,Basic,2024-01-06,,199
S009901,South India,Smart TV,Premium,2024-10-17,,699
S009902,West India,Mobile,Basic,2024-04-17,2024-07-18,199
S009903,East India,Tablet,Basic,2024-04-10,,199
S009904,Maharashtra,Desktop,Standard,2024-11-05,2024-12-30,399
S009905,Maharashtra,Tablet,Premium,2024-01-27,,699
S009906,East India,Tablet,Basic,2024-01-19,,199
S009907,South India,Desktop,Standard,2024-08-17,,399
S009908,South India,Smart TV,Premium,2024-06-04,,699
S009909,East India,Mobile,Basic,2024-11-15,2025-02-06,199
S009910,West India,Mobile,Basic,2024-06-20,2024-11-01,199
S009911,East India,Mobile,Basic,2024-03-14,2024-06-19,199
S009912,North India,Laptop,Basic,2024-02-24,,199
S009913,North India,Mobile,Basic,2024-04-27,,199
S009914,East India,Laptop,Basic,2024-11-18,2025-01-15,199
S009915,Maharashtra,Mobile,Basic,2024-01-01,,199
S009916,Karnataka,Mobile,Basic,2024-07-17,2024-12-23,199
S009917,East India,Tablet,Standard,2024-12-02,,399
S009918,Karnataka,Smart TV,Standard,2024-03-18,,399
S009919,East India,Smart TV,Basic,2024-12-09,,199
S009920,East India,Mobile,Standard,2024-03-02,,399
S009921,Maharashtra,Desktop,Basic,2024-08-28,,199
S009922,South India,Mobile,Premium,2024-05-16,,699
S009923,East India,Mobile,Premium,2024-10-18,,699
S009924,Karnataka,Mobile,Basic,2024-07-13,,199
S009925,West India,Smart TV,Premium,2024-03-11,2024-04-17,699
S009926,West India,Tablet,Standard,2024-12-01,,399
S009927,South India,Tablet,Basic,2024-11-12,,199
S009928,North India,Mobile,Basic,2024-01-02,,199
S009929,South India,Laptop,Standard,2024-02-10,,399
S009930,South India,Tablet,Basic,2024-12-21,,199
S009931,Karnataka,Desktop,Basic,2024-10-08,,199
S009932,West India,Mobile,Basic,2024-03-20,,199
S009933,Karnataka,Mobile,Standard,2024-09-17,,399
S009934,East India,Smart TV,Basic,2024-10-13,,199
S009935,South India,Mobile,Basic,2024-01-12,,199
S009936,Maharashtra,Laptop,Basic,2024-07-03,,199
S009937,Maharashtra,Mobile,Standard,2024-09-25,,399
S009938,Maharashtra,Mobile,Basic,2024-01-22,,199
S009939,Maharashtra,Mobile,Basic,2024-10-06,,199
S009940,West India,Smart TV,Standard,2024-06-30,2024-10-27,399
S009941,Maharashtra,Smart TV,Basic,2024-06-14,,199
S009942,Maharashtra,Mobile,Standard,2024-06-30,,399
S009943,Karnataka,Tablet,Premium,2024-12-15,2025-04-29,699
S009944,East India,Laptop,Basic,2024-08-20,,199
S009945,South India,Desktop,Premium,2024-02-10,,699
S009946,West India,Mobile,Basic,2024-05-18,,199
S009947,North India,Laptop,Premium,2024-03-07,,699
S009948,South India,Laptop,Standard,2024-08-21,2024-10-08,399
S009949,South India,Mobile,Basic,2024-12-23,,199
S009950,East India,Mobile,Premium,2024-07-23,,699
S009951,East India,Tablet,Basic,2024-07-01,,199
S009952,West India,Smart TV,Standard,2024-11-17,,399
S009953,South India,Smart TV,Standard,2024-10-08,,399
S009954,Karnataka,Mobile,Standard,2024-04-14,,399
S009955,Karnataka,Mobile,Basic,2024-06-22,,199
S009956,West India,Laptop,Standard,2024-09-13,,399
S009957,North India,Tablet,Basic,2024-12-30,,199
S009958,West India,Smart TV,Premium,2024-11-18,,699
S009959,West India,Laptop,Basic,2024-07-15,,199
S009960,Maharashtra,Tablet,Basic,2024-10-17,,199
S009961,East India,Laptop,Standard,2024-04-04,2024-05-04,399
S009962,North India,Laptop,Basic,2024-07-23,,199
S009963,East India,Smart TV,Standard,2024-04-14,,399
S009964,South India,Mobile,Premium,2024-02-09,,699
S009965,West India,Tablet,Basic,2024-10-04,,199
S009966,West India,Smart TV,Basic,2024-05-26,,199
S009967,East India,Laptop,Basic,2024-12-16,,199
S009968,Maharashtra,Smart TV,Basic,2024-12-11,2025-03-15,199
S009969,Maharashtra,Smart TV,Basic,2024-06-01,,199
S009970,East India,Smart TV,Standard,2024-03-22,,399
S009971,Karnataka,Mobile,Basic,2024-11-01,,199
S009972,South India,Smart TV,Basic,2024-11-29,,199
S009973,East India,Laptop,Basic,2024-04-06,,199
S009974,North India,Smart TV,Standard,2024-07-16,,399
S009975,Karnataka,Smart TV,Basic,2024-11-02,2025-02-11,199
S009976,South India,Mobile,Standard,2024-08-14,,399
S009977,Karnataka,Laptop,Basic,2024-01-08,2024-02-13,199
S009978,Maharashtra,Smart TV,Standard,2024-06-23,,399
S009979,South India,Smart TV,Standard,2024-05-19,,399
S009980,North India,Mobile,Basic,2024-03-26,,199
S009981,Karnataka,Tablet,Premium,2024-09-05,2024-11-15,699
S009982,South India,Laptop,Basic,2024-06-14,,199
S009983,South India,Laptop,Basic,2024-12-17,,199
S009984,Karnataka,Mobile,Basic,2024-02-12,2024-08-07,199
S009985,South India,Laptop,Standard,2024-10-28,2025-01-25,399
S009986,Karnataka,Mobile,Basic,2024-03-18,,199
S009987,Maharashtra,Mobile,Basic,2024-06-17,,199
S009988,Maharashtra,Tablet,Basic,2024-05-28,,199
S009989,West India,Mobile,Basic,2024-03-01,,199
S009990,North India,Smart TV,Basic,2024-01-31,,199
S009991,Karnataka,Mobile,Basic,2024-01-20,,199
S009992,West India,Desktop,Premium,2024-05-04,,699
S009993,Karnataka,Mobile,Basic,2024-05-10,,199
S009994,North India,Smart TV,Premium,2024-09-28,2025-02-04,699
S009995,West India,Mobile,Basic,2024-04-07,,199
S009996,Maharashtra,Smart TV,Standard,2024-10-16,,399
S009997,East India,Smart TV,Premium,2024-08-08,,699
S009998,North India,Smart TV,Basic,2024-10-23,,199
S009999,West India,Laptop,Premium,2024-10-23,,699
S010000,West India,Smart TV,Basic,2024-03-24,,199
